Date,Customer_Name,Email,Product_Category,Price,Quantity,Total_Amount,Status
2024-04-24,Omar Farouk,test.a@web.net,Electronics,2621.0,5,13105.0,Cancelled
2024-12-22,Zainab Tarek,test.a@web.net,Clothing,3464.0,7,24248.0,Completed
2024-11-05,Huda Mansour,sales@hub.com,Clothing,2236.0,6,13416.0,Refunded
2024-05-13,Marwan Khaled,user1@mail.com,Groceries,2030.0,3,6090.0,Cancelled
2024-07-02,Layla Mohamed,test.a@web.net,Office Supplies,1734.0,7,12138.0,Cancelled
2024-08-28,Zainab Tarek,m.zaki@mail.com,Clothing,4822.0,2,9644.0,Refunded
2024-08-11,Ahmed Ali,info@market.eg,Electronics,4182.0,6,25092.0,Pending
2024-10-07,Marwan Khaled,test.a@web.net,Groceries,1926.0,5,9630.0,Shipped
2024-03-10,Layla Mohamed,sales@hub.com,Clothing,3381.0,4,13524.0,Completed
2024-06-10,Sara Ahmed,m.zaki@mail.com,Home Decor,287.0,1,287.0,Refunded
2024-08-27,Omar Farouk,contact@service.org,Office Supplies,279.0,4,1116.0,Pending
2024-06-19,Mona Zaki,contact@service.org,Home Decor,4266.0,10,42660.0,Pending
2024-08-08,Ali Hassan,sales@hub.com,Electronics,3246.0,10,32460.0,Pending
2024-05-13,Huda Mansour,sales@hub.com,Groceries,647.0,7,4529.0,Cancelled
2024-09-08,Mona Zaki,user1@mail.com,Books,1076.0,10,10760.0,Refunded
2024-12-17,Marwan Khaled,yomna.dev@email.com,Electronics,2157.0,6,12942.0,Completed
2024-10-26,Layla Mohamed,contact@service.org,Office Supplies,3257.0,5,16285.0,Completed
2024-11-21,Ahmed Ali,yomna.dev@email.com,Groceries,3836.0,3,11508.0,Shipped
2024-02-09,Zainab Tarek,m.zaki@mail.com,Books,3695.0,10,36950.0,Refunded
2024-02-20,Ahmed Ali,test.a@web.net,Clothing,4748.0,10,47480.0,Cancelled
2024-08-25,Layla Mohamed,user1@mail.com,Electronics,324.0,3,972.0,Shipped
2024-09-21,Huda Mansour,yomna.dev@email.com,Books,2244.0,5,11220.0,Refunded
2024-03-27,Ali Hassan,contact@service.org,Books,2236.0,4,8944.0,Completed
2024-02-05,Ahmed Ali,contact@service.org,Electronics,1428.0,3,4284.0,Shipped
2024-07-09,Marwan Khaled,admin@tech.io,Home Decor,3361.0,3,10083.0,Cancelled
2024-02-25,Huda Mansour,test.a@web.net,Books,2800.0,3,8400.0,Shipped
2024-03-16,Marwan Khaled,yomna.dev@email.com,Books,1879.0,6,11274.0,Cancelled
2024-01-20,Layla Mohamed,contact@service.org,Electronics,397.0,6,2382.0,Pending
2024-08-04,Marwan Khaled,contact@service.org,Electronics,3044.0,1,3044.0,Cancelled
2024-10-27,Omar Farouk,yomna.dev@email.com,Office Supplies,486.0,10,4860.0,Shipped
2024-07-26,Huda Mansour,admin@tech.io,Books,4117.0,8,32936.0,Completed
2024-05-28,Omar Farouk,m.zaki@mail.com,Electronics,2197.0,8,17576.0,Refunded
2024-01-23,Huda Mansour,contact@service.org,Groceries,628.0,8,5024.0,Completed
2024-03-19,Zainab Tarek,sales@hub.com,Home Decor,2961.0,10,29610.0,Completed
2024-11-03,Ali Hassan,sales@hub.com,Office Supplies,4782.0,7,33474.0,Cancelled
2024-12-11,Huda Mansour,user1@mail.com,Groceries,2993.0,5,14965.0,Refunded
2024-07-21,Omar Farouk,contact@service.org,Books,3930.0,8,31440.0,Completed
2024-03-20,Layla Mohamed,info@market.eg,Office Supplies,751.0,10,7510.0,Pending
2024-07-02,Ahmed Ali,sales@hub.com,Home Decor,3692.0,2,7384.0,Cancelled
2024-12-17,Huda Mansour,m.zaki@mail.com,Clothing,2965.0,10,29650.0,Refunded
2024-02-10,Huda Mansour,info@market.eg,Clothing,3818.0,3,11454.0,Shipped
2024-11-05,Mona Zaki,admin@tech.io,Electronics,947.0,4,3788.0,Cancelled
2024-04-17,Huda Mansour,info@market.eg,Books,2962.0,8,23696.0,Shipped
2024-07-24,Huda Mansour,info@market.eg,Electronics,4690.0,4,18760.0,Refunded
2024-07-04,Zainab Tarek,user1@mail.com,Groceries,1267.0,1,1267.0,Pending
2024-08-08,Marwan Khaled,sales@hub.com,Books,2894.0,8,23152.0,Cancelled
2024-04-14,Sara Ahmed,user1@mail.com,Electronics,2488.0,9,22392.0,Cancelled
2024-05-22,Zainab Tarek,contact@service.org,Office Supplies,651.0,6,3906.0,Completed
2024-12-10,Mona Zaki,test.a@web.net,Home Decor,2317.0,7,16219.0,Refunded
2024-03-19,Yomna Soror,test.a@web.net,Clothing,1706.0,8,13648.0,Refunded
2024-04-07,Sara Ahmed,info@market.eg,Home Decor,3314.0,1,3314.0,Completed
2024-02-15,Omar Farouk,m.zaki@mail.com,Clothing,305.0,4,1220.0,Refunded
2024-05-04,Ali Hassan,yomna.dev@email.com,Clothing,4138.0,4,16552.0,Pending
2024-05-17,Zainab Tarek,admin@tech.io,Clothing,2154.0,1,2154.0,Pending
2024-02-14,Mona Zaki,yomna.dev@email.com,Books,1779.0,7,12453.0,Shipped
2024-07-24,Huda Mansour,contact@service.org,Electronics,1272.0,5,6360.0,Shipped
2024-06-23,Layla Mohamed,sales@hub.com,Clothing,1871.0,6,11226.0,Shipped
2024-06-18,Yomna Soror,contact@service.org,Electronics,460.0,5,2300.0,Shipped
2024-12-23,Sara Ahmed,yomna.dev@email.com,Groceries,2082.0,6,12492.0,Pending
2024-07-26,Sara Ahmed,user1@mail.com,Electronics,1417.0,7,9919.0,Refunded
2024-01-23,Yomna Soror,admin@tech.io,Home Decor,2234.0,8,17872.0,Refunded
2024-10-09,Layla Mohamed,admin@tech.io,Electronics,180.0,8,1440.0,Pending
2024-04-06,Sara Ahmed,user1@mail.com,Home Decor,4541.0,8,36328.0,Refunded
2024-07-23,Mona Zaki,admin@tech.io,Books,442.0,8,3536.0,Refunded
2024-12-14,Yomna Soror,admin@tech.io,Groceries,4274.0,5,21370.0,Shipped
2024-12-03,Huda Mansour,m.zaki@mail.com,Home Decor,2922.0,1,2922.0,Pending
2024-05-24,Zainab Tarek,test.a@web.net,Office Supplies,581.0,10,5810.0,Pending
2024-05-16,Omar Farouk,m.zaki@mail.com,Home Decor,2695.0,10,26950.0,Shipped
2024-06-05,Omar Farouk,yomna.dev@email.com,Books,2781.0,1,2781.0,Completed
2024-05-28,Sara Ahmed,yomna.dev@email.com,Home Decor,1990.0,9,17910.0,Completed
2024-11-22,Ali Hassan,sales@hub.com,Books,1260.0,1,1260.0,Shipped
2024-11-02,Layla Mohamed,info@market.eg,Electronics,221.0,6,1326.0,Refunded
2024-03-11,Layla Mohamed,m.zaki@mail.com,Groceries,3526.0,1,3526.0,Pending
2024-11-25,Huda Mansour,info@market.eg,Home Decor,1325.0,5,6625.0,Shipped
2024-01-27,Yomna Soror,info@market.eg,Office Supplies,4695.0,4,18780.0,Cancelled
2024-03-05,Omar Farouk,m.zaki@mail.com,Electronics,1382.0,6,8292.0,Refunded
2024-07-25,Marwan Khaled,contact@service.org,Electronics,4758.0,6,28548.0,Cancelled
2024-11-22,Ali Hassan,user1@mail.com,Clothing,1447.0,10,14470.0,Refunded
2024-09-21,Mona Zaki,user1@mail.com,Books,909.0,1,909.0,Pending
2024-01-09,Mona Zaki,sales@hub.com,Home Decor,3052.0,1,3052.0,Pending
2024-07-07,Marwan Khaled,info@market.eg,Home Decor,2439.0,2,4878.0,Cancelled
2024-02-01,Zainab Tarek,user1@mail.com,Clothing,1927.0,3,5781.0,Pending
2024-01-11,Omar Farouk,m.zaki@mail.com,Office Supplies,3958.0,9,35622.0,Refunded
2024-08-16,Layla Mohamed,test.a@web.net,Clothing,1915.0,10,19150.0,Completed
2024-12-02,Zainab Tarek,user1@mail.com,Books,408.0,7,2856.0,Refunded
2024-05-07,Yomna Soror,contact@service.org,Groceries,3416.0,8,27328.0,Completed
2024-05-04,Ali Hassan,info@market.eg,Groceries,672.0,4,2688.0,Pending
2024-09-10,Layla Mohamed,info@market.eg,Home Decor,3627.0,5,18135.0,Pending
2024-09-07,Huda Mansour,m.zaki@mail.com,Electronics,2492.0,9,22428.0,Cancelled
2024-01-12,Yomna Soror,admin@tech.io,Home Decor,2836.0,10,28360.0,Refunded
2024-01-28,Mona Zaki,test.a@web.net,Clothing,1799.0,2,3598.0,Completed
2024-10-19,Zainab Tarek,info@market.eg,Electronics,3172.0,9,28548.0,Cancelled
2024-08-13,Omar Farouk,m.zaki@mail.com,Books,4466.0,4,17864.0,Cancelled
2024-12-09,Omar Farouk,sales@hub.com,Electronics,3879.0,1,3879.0,Pending
2024-02-21,Ahmed Ali,user1@mail.com,Home Decor,2622.0,9,23598.0,Cancelled
2024-07-22,Ali Hassan,user1@mail.com,Office Supplies,119.0,8,952.0,Pending
2024-07-20,Sara Ahmed,user1@mail.com,Groceries,4759.0,3,14277.0,Pending
2024-12-24,Layla Mohamed,sales@hub.com,Home Decor,4571.0,7,31997.0,Cancelled
2024-09-20,Omar Farouk,info@market.eg,Books,651.0,4,2604.0,Refunded
2024-05-07,Sara Ahmed,sales@hub.com,Clothing,2157.0,1,2157.0,Cancelled
2024-04-15,Marwan Khaled,contact@service.org,Books,3602.0,8,28816.0,Completed
2024-04-09,Ali Hassan,admin@tech.io,Clothing,3393.0,5,16965.0,Pending
2024-03-20,Yomna Soror,test.a@web.net,Electronics,3843.0,8,30744.0,Shipped
2024-09-04,Omar Farouk,sales@hub.com,Electronics,406.0,9,3654.0,Completed
2024-09-09,Ali Hassan,user1@mail.com,Electronics,849.0,7,5943.0,Refunded
2024-11-06,Yomna Soror,info@market.eg,Office Supplies,2252.0,1,2252.0,Cancelled
2024-04-22,Layla Mohamed,test.a@web.net,Groceries,3990.0,8,31920.0,Completed
2024-05-28,Yomna Soror,m.zaki@mail.com,Office Supplies,3386.0,2,6772.0,Shipped
2024-09-24,Layla Mohamed,test.a@web.net,Books,781.0,3,2343.0,Pending
2024-03-10,Sara Ahmed,admin@tech.io,Electronics,261.0,7,1827.0,Refunded
2024-12-11,Ahmed Ali,user1@mail.com,Clothing,812.0,2,1624.0,Completed
2024-07-04,Ali Hassan,contact@service.org,Office Supplies,2611.0,6,15666.0,Cancelled
2024-07-22,Yomna Soror,sales@hub.com,Groceries,4153.0,2,8306.0,Refunded
2024-06-10,Marwan Khaled,user1@mail.com,Electronics,4652.0,6,27912.0,Completed
2024-02-28,Mona Zaki,m.zaki@mail.com,Groceries,3277.0,10,32770.0,Shipped
2024-09-24,Omar Farouk,user1@mail.com,Office Supplies,3366.0,6,20196.0,Pending
2024-10-20,Yomna Soror,admin@tech.io,Electronics,1943.0,4,7772.0,Completed
2024-05-27,Yomna Soror,test.a@web.net,Home Decor,4140.0,1,4140.0,Pending
2024-04-06,Huda Mansour,admin@tech.io,Office Supplies,342.0,10,3420.0,Completed
2024-10-14,Sara Ahmed,admin@tech.io,Groceries,2545.0,5,12725.0,Pending
2024-06-12,Huda Mansour,m.zaki@mail.com,Office Supplies,3497.0,6,20982.0,Completed
2024-09-13,Ahmed Ali,contact@service.org,Clothing,2735.0,4,10940.0,Completed
2024-10-11,Yomna Soror,user1@mail.com,Groceries,1617.0,10,16170.0,Cancelled
2024-11-02,Marwan Khaled,test.a@web.net,Home Decor,706.0,8,5648.0,Completed
2024-01-15,Mona Zaki,yomna.dev@email.com,Electronics,668.0,8,5344.0,Shipped
2024-09-06,Yomna Soror,test.a@web.net,Home Decor,2392.0,7,16744.0,Refunded
2024-08-07,Sara Ahmed,test.a@web.net,Clothing,119.0,8,952.0,Pending
2024-04-23,Mona Zaki,test.a@web.net,Home Decor,3902.0,5,19510.0,Refunded
2024-03-27,Zainab Tarek,test.a@web.net,Office Supplies,2084.0,3,6252.0,Refunded
2024-06-23,Omar Farouk,info@market.eg,Books,3360.0,1,3360.0,Refunded
2024-11-21,Ali Hassan,contact@service.org,Books,2753.0,9,24777.0,Cancelled
2024-06-10,Ahmed Ali,yomna.dev@email.com,Office Supplies,3407.0,1,3407.0,Shipped
2024-05-28,Yomna Soror,yomna.dev@email.com,Groceries,4942.0,5,24710.0,Pending
2024-02-18,Mona Zaki,contact@service.org,Groceries,2311.0,4,9244.0,Completed
2024-05-28,Omar Farouk,contact@service.org,Clothing,2903.0,6,17418.0,Pending
2024-07-12,Sara Ahmed,yomna.dev@email.com,Groceries,756.0,8,6048.0,Refunded
2024-02-21,Mona Zaki,sales@hub.com,Electronics,953.0,9,8577.0,Cancelled
2024-11-16,Marwan Khaled,m.zaki@mail.com,Home Decor,4943.0,10,49430.0,Refunded
2024-08-13,Huda Mansour,info@market.eg,Home Decor,4493.0,2,8986.0,Cancelled
2024-01-14,Ali Hassan,admin@tech.io,Home Decor,1385.0,2,2770.0,Completed
2024-05-01,Layla Mohamed,contact@service.org,Office Supplies,491.0,6,2946.0,Refunded
2024-01-12,Ahmed Ali,contact@service.org,Home Decor,3869.0,6,23214.0,Refunded
2024-09-11,Mona Zaki,contact@service.org,Electronics,1818.0,8,14544.0,Refunded
2024-12-21,Mona Zaki,contact@service.org,Home Decor,3586.0,6,21516.0,Completed
2024-01-11,Huda Mansour,yomna.dev@email.com,Home Decor,3720.0,3,11160.0,Refunded
2024-02-17,Sara Ahmed,m.zaki@mail.com,Electronics,1162.0,1,1162.0,Cancelled
2024-05-27,Marwan Khaled,sales@hub.com,Office Supplies,4309.0,5,21545.0,Pending
2024-01-05,Layla Mohamed,test.a@web.net,Books,2832.0,4,11328.0,Completed
2024-08-02,Ali Hassan,m.zaki@mail.com,Electronics,4183.0,7,29281.0,Refunded
2024-03-26,Zainab Tarek,test.a@web.net,Clothing,3954.0,5,19770.0,Refunded
2024-08-12,Huda Mansour,info@market.eg,Clothing,268.0,5,1340.0,Refunded
2024-06-16,Mona Zaki,yomna.dev@email.com,Home Decor,1327.0,9,11943.0,Completed
2024-04-14,Huda Mansour,sales@hub.com,Groceries,4170.0,9,37530.0,Pending
2024-07-19,Ahmed Ali,test.a@web.net,Clothing,2270.0,1,2270.0,Pending
2024-02-19,Marwan Khaled,yomna.dev@email.com,Electronics,2139.0,5,10695.0,Cancelled
2024-09-22,Yomna Soror,user1@mail.com,Electronics,456.0,6,2736.0,Refunded
2024-10-18,Sara Ahmed,contact@service.org,Electronics,72.0,4,288.0,Shipped
2024-03-15,Mona Zaki,yomna.dev@email.com,Office Supplies,4522.0,9,40698.0,Shipped
2024-02-25,Layla Mohamed,yomna.dev@email.com,Groceries,3711.0,1,3711.0,Refunded
2024-03-17,Ali Hassan,test.a@web.net,Books,3906.0,3,11718.0,Shipped
2024-12-23,Zainab Tarek,contact@service.org,Books,3346.0,4,13384.0,Pending
2024-06-05,Marwan Khaled,contact@service.org,Home Decor,1140.0,2,2280.0,Refunded
2024-12-13,Marwan Khaled,contact@service.org,Books,2174.0,10,21740.0,Completed
2024-03-04,Marwan Khaled,info@market.eg,Books,1269.0,7,8883.0,Refunded
2024-06-03,Mona Zaki,contact@service.org,Office Supplies,1189.0,1,1189.0,Cancelled
2024-06-07,Huda Mansour,sales@hub.com,Books,2432.0,4,9728.0,Completed
2024-10-17,Yomna Soror,admin@tech.io,Electronics,2740.0,1,2740.0,Cancelled
2024-06-13,Sara Ahmed,sales@hub.com,Home Decor,2976.0,9,26784.0,Cancelled
2024-01-12,Sara Ahmed,m.zaki@mail.com,Clothing,4428.0,8,35424.0,Pending
2024-01-01,Huda Mansour,user1@mail.com,Clothing,3701.0,9,33309.0,Pending
2024-10-24,Marwan Khaled,test.a@web.net,Office Supplies,660.0,9,5940.0,Cancelled
2024-08-24,Huda Mansour,m.zaki@mail.com,Electronics,939.0,7,6573.0,Completed
2024-08-09,Mona Zaki,info@market.eg,Clothing,268.0,5,1340.0,Cancelled
2024-11-28,Huda Mansour,admin@tech.io,Groceries,1399.0,6,8394.0,Cancelled
2024-01-12,Zainab Tarek,test.a@web.net,Clothing,2947.0,10,29470.0,Cancelled
2024-09-08,Yomna Soror,m.zaki@mail.com,Office Supplies,3822.0,10,38220.0,Pending
2024-01-28,Omar Farouk,yomna.dev@email.com,Office Supplies,2241.0,8,17928.0,Completed
2024-04-28,Omar Farouk,contact@service.org,Office Supplies,2028.0,6,12168.0,Refunded
2024-11-10,Ahmed Ali,test.a@web.net,Clothing,269.0,4,1076.0,Completed
2024-11-22,Marwan Khaled,yomna.dev@email.com,Electronics,3963.0,10,39630.0,Refunded
2024-04-15,Mona Zaki,m.zaki@mail.com,Books,4313.0,3,12939.0,Cancelled
2024-10-11,Ahmed Ali,contact@service.org,Electronics,4829.0,4,19316.0,Refunded
2024-03-07,Marwan Khaled,info@market.eg,Office Supplies,4518.0,5,22590.0,Completed
2024-12-09,Omar Farouk,sales@hub.com,Groceries,3775.0,10,37750.0,Cancelled
2024-04-13,Omar Farouk,sales@hub.com,Electronics,1043.0,10,10430.0,Shipped
2024-06-16,Omar Farouk,sales@hub.com,Electronics,3671.0,2,7342.0,Pending
2024-04-09,Mona Zaki,admin@tech.io,Office Supplies,705.0,7,4935.0,Cancelled
2024-08-07,Yomna Soror,admin@tech.io,Electronics,3403.0,4,13612.0,Refunded
2024-01-27,Huda Mansour,m.zaki@mail.com,Office Supplies,659.0,1,659.0,Shipped
2024-02-20,Ali Hassan,yomna.dev@email.com,Books,4462.0,4,17848.0,Completed
2024-08-01,Zainab Tarek,contact@service.org,Groceries,2092.0,4,8368.0,Cancelled
2024-05-10,Sara Ahmed,user1@mail.com,Home Decor,3567.0,2,7134.0,Refunded
2024-04-05,Sara Ahmed,user1@mail.com,Books,2974.0,9,26766.0,Completed
2024-05-28,Mona Zaki,contact@service.org,Groceries,1858.0,2,3716.0,Completed
2024-10-10,Mona Zaki,test.a@web.net,Home Decor,4035.0,3,12105.0,Shipped
2024-07-26,Ali Hassan,sales@hub.com,Home Decor,910.0,3,2730.0,Completed
2024-03-22,Sara Ahmed,,Books,4299.0,3,12897.0,Refunded
2024-08-01,Marwan Khaled,info@market.eg,Home Decor,2219.0,10,22190.0,Refunded
2024-08-11,Sara Ahmed,m.zaki@mail.com,Books,665.0,8,5320.0,Cancelled
2024-11-03,Huda Mansour,yomna.dev@email.com,Books,2301.0,2,4602.0,Cancelled
2024-03-09,Ahmed Ali,sales@hub.com,Home Decor,2313.0,10,23130.0,Shipped
2024-07-19,Layla Mohamed,sales@hub.com,Home Decor,1259.0,7,8813.0,Cancelled
2024-11-20,Sara Ahmed,test.a@web.net,Home Decor,3017.0,7,21119.0,Completed
2024-05-12,Layla Mohamed,sales@hub.com,Groceries,392.0,8,3136.0,Refunded
2024-09-18,Layla Mohamed,m.zaki@mail.com,Electronics,1075.0,8,8600.0,Refunded
2024-06-25,Sara Ahmed,sales@hub.com,Electronics,3832.0,9,34488.0,Cancelled
2024-03-01,Marwan Khaled,info@market.eg,Office Supplies,546.0,2,1092.0,Pending
2024-03-18,Huda Mansour,yomna.dev@email.com,Electronics,3238.0,1,3238.0,Pending
2024-10-18,Ahmed Ali,yomna.dev@email.com,Groceries,3285.0,7,22995.0,Cancelled
2024-04-19,Sara Ahmed,m.zaki@mail.com,Clothing,4366.0,5,21830.0,Pending
2024-10-03,Ahmed Ali,user1@mail.com,Clothing,4547.0,8,36376.0,Completed
2024-09-07,Zainab Tarek,admin@tech.io,Clothing,1071.0,1,1071.0,Pending
2024-12-18,Omar Farouk,m.zaki@mail.com,Groceries,1715.0,3,5145.0,Cancelled
2024-01-20,Zainab Tarek,m.zaki@mail.com,Books,1047.0,4,4188.0,Pending
2024-01-06,Ali Hassan,m.zaki@mail.com,Electronics,1588.0,7,11116.0,Shipped
2024-01-02,Ali Hassan,admin@tech.io,Office Supplies,3823.0,4,15292.0,Completed
2024-02-06,Sara Ahmed,info@market.eg,Books,4863.0,10,48630.0,Cancelled
2024-06-15,Sara Ahmed,sales@hub.com,Clothing,4238.0,10,42380.0,Pending
2024-05-14,Huda Mansour,yomna.dev@email.com,Clothing,675.0,6,4050.0,Cancelled
2024-06-20,Layla Mohamed,yomna.dev@email.com,Electronics,2260.0,2,4520.0,Completed
2024-10-20,Marwan Khaled,yomna.dev@email.com,Office Supplies,3724.0,7,26068.0,Pending
2024-04-01,Yomna Soror,contact@service.org,Home Decor,3322.0,2,6644.0,Pending
2024-03-26,Yomna Soror,info@market.eg,Home Decor,1738.0,10,17380.0,Refunded
2024-09-17,Sara Ahmed,m.zaki@mail.com,Clothing,1613.0,3,4839.0,Completed
2024-10-03,Zainab Tarek,m.zaki@mail.com,Office Supplies,1134.0,6,6804.0,Shipped
2024-09-17,Omar Farouk,m.zaki@mail.com,Groceries,1441.0,3,4323.0,Pending
2024-10-03,Zainab Tarek,sales@hub.com,Books,1462.0,4,5848.0,Refunded
2024-09-22,Sara Ahmed,m.zaki@mail.com,Clothing,880.0,1,880.0,Shipped
2024-09-27,Zainab Tarek,m.zaki@mail.com,Groceries,637.0,3,1911.0,Cancelled
2024-12-14,Ahmed Ali,user1@mail.com,Clothing,4832.0,3,14496.0,Pending
2024-08-21,Sara Ahmed,m.zaki@mail.com,Groceries,503.0,1,503.0,Pending
2024-12-15,Marwan Khaled,test.a@web.net,Clothing,3057.0,4,12228.0,Completed
2024-06-23,Layla Mohamed,info@market.eg,Electronics,1228.0,8,9824.0,Pending
2024-09-25,Mona Zaki,test.a@web.net,Groceries,3446.0,8,27568.0,Completed
2024-11-26,Ali Hassan,contact@service.org,Home Decor,3747.0,6,22482.0,Pending
2024-07-23,Ahmed Ali,sales@hub.com,Home Decor,692.0,6,4152.0,Shipped
2024-02-09,Mona Zaki,user1@mail.com,Home Decor,2014.0,4,8056.0,Pending
2024-09-14,Layla Mohamed,user1@mail.com,Electronics,2083.0,10,20830.0,Pending
2024-05-16,Yomna Soror,user1@mail.com,Books,282.0,6,1692.0,Refunded
2024-02-07,Huda Mansour,user1@mail.com,Groceries,825.0,2,1650.0,Pending
2024-02-26,Mona Zaki,sales@hub.com,Groceries,1377.0,9,12393.0,Completed
2024-08-02,Layla Mohamed,m.zaki@mail.com,Home Decor,4065.0,8,32520.0,Cancelled
2024-01-21,Ali Hassan,info@market.eg,Office Supplies,2425.0,8,19400.0,Shipped
2024-04-16,Mona Zaki,test.a@web.net,Office Supplies,1876.0,6,11256.0,Cancelled
2024-04-09,Sara Ahmed,sales@hub.com,Home Decor,882.0,3,2646.0,Refunded
2024-01-05,Zainab Tarek,user1@mail.com,Office Supplies,3817.0,5,19085.0,Completed
2024-09-04,Marwan Khaled,user1@mail.com,Office Supplies,1669.0,5,8345.0,Cancelled
2024-01-26,Layla Mohamed,sales@hub.com,Home Decor,3336.0,4,13344.0,Shipped
2024-10-01,Mona Zaki,yomna.dev@email.com,Books,1879.0,3,5637.0,Shipped
2024-03-14,Zainab Tarek,m.zaki@mail.com,Office Supplies,2584.0,8,20672.0,Cancelled
2024-09-01,Mona Zaki,contact@service.org,Office Supplies,3148.0,6,18888.0,Completed
2024-03-22,Ahmed Ali,m.zaki@mail.com,Clothing,2123.0,2,4246.0,Refunded
2024-02-28,Marwan Khaled,admin@tech.io,Electronics,4463.0,1,4463.0,Completed
2024-01-08,Mona Zaki,yomna.dev@email.com,Office Supplies,1891.0,4,7564.0,Pending
2024-11-25,Layla Mohamed,admin@tech.io,Home Decor,1793.0,4,7172.0,Completed
2024-04-18,Sara Ahmed,yomna.dev@email.com,Electronics,4793.0,6,28758.0,Refunded
2024-11-23,Mona Zaki,user1@mail.com,Clothing,3581.0,4,14324.0,Shipped
2024-09-25,Omar Farouk,test.a@web.net,Books,3309.0,5,16545.0,Refunded
2024-03-20,Yomna Soror,yomna.dev@email.com,Books,3580.0,3,10740.0,Pending
2024-08-26,Huda Mansour,info@market.eg,Books,2050.0,1,2050.0,Shipped
2024-07-24,Sara Ahmed,info@market.eg,Office Supplies,2626.0,8,21008.0,Refunded
2024-08-22,Ali Hassan,yomna.dev@email.com,Groceries,939.0,8,7512.0,Pending
2024-02-04,Mona Zaki,yomna.dev@email.com,Groceries,4333.0,5,21665.0,Completed
2024-11-27,Ali Hassan,yomna.dev@email.com,Clothing,4457.0,3,13371.0,Refunded
2024-04-07,Ali Hassan,contact@service.org,Home Decor,2187.0,6,13122.0,Pending
2024-05-15,Marwan Khaled,m.zaki@mail.com,Electronics,1492.0,7,10444.0,Completed
2024-10-22,Marwan Khaled,info@market.eg,Clothing,806.0,6,4836.0,Pending
2024-05-08,Marwan Khaled,test.a@web.net,Office Supplies,321.0,7,2247.0,Pending
2024-10-02,Layla Mohamed,test.a@web.net,Electronics,3810.0,1,3810.0,Pending
2024-11-15,Ahmed Ali,yomna.dev@email.com,Clothing,2374.0,9,21366.0,Shipped
2024-05-10,Mona Zaki,info@market.eg,Groceries,413.0,6,2478.0,Cancelled
2024-04-27,Huda Mansour,user1@mail.com,Clothing,2320.0,7,16240.0,Pending
2024-09-27,Layla Mohamed,yomna.dev@email.com,Electronics,1641.0,5,8205.0,Pending
2024-11-24,Marwan Khaled,sales@hub.com,Home Decor,2783.0,5,13915.0,Completed
2024-10-28,Omar Farouk,sales@hub.com,Electronics,808.0,5,4040.0,Completed
2024-04-13,Mona Zaki,info@market.eg,Clothing,1913.0,6,11478.0,Cancelled
2024-11-14,Ali Hassan,user1@mail.com,Electronics,1834.0,9,16506.0,Cancelled
2024-10-26,Ahmed Ali,admin@tech.io,Electronics,1144.0,6,6864.0,Cancelled
2024-08-27,Sara Ahmed,contact@service.org,Clothing,693.0,9,6237.0,Shipped
2024-06-20,Huda Mansour,,Office Supplies,4789.0,6,28734.0,Pending
2024-03-22,Ahmed Ali,contact@service.org,Home Decor,4184.0,9,37656.0,Pending
2024-04-23,Layla Mohamed,m.zaki@mail.com,Clothing,2514.0,8,20112.0,Pending
2024-01-01,Ali Hassan,yomna.dev@email.com,Groceries,1163.0,7,8141.0,Cancelled
2024-01-06,Huda Mansour,user1@mail.com,Groceries,2317.0,7,16219.0,Cancelled
2024-08-10,Sara Ahmed,user1@mail.com,Clothing,617.0,1,617.0,Shipped
2024-01-05,Layla Mohamed,m.zaki@mail.com,Home Decor,3278.0,8,26224.0,Completed
2024-04-14,Huda Mansour,admin@tech.io,Home Decor,1825.0,7,12775.0,Completed
2024-11-17,Ali Hassan,contact@service.org,Clothing,788.0,6,4728.0,Completed
2024-12-10,Omar Farouk,contact@service.org,Electronics,3412.0,4,13648.0,Cancelled
2024-08-02,Mona Zaki,sales@hub.com,Electronics,2104.0,7,14728.0,Completed
2024-06-19,Ahmed Ali,contact@service.org,Home Decor,792.0,4,3168.0,Completed
2024-12-01,Omar Farouk,test.a@web.net,Books,4712.0,4,18848.0,Cancelled
2024-02-06,Zainab Tarek,m.zaki@mail.com,Office Supplies,2420.0,7,16940.0,Pending
2024-09-24,Yomna Soror,admin@tech.io,Groceries,1551.0,7,10857.0,Pending
2024-01-01,Mona Zaki,admin@tech.io,Electronics,3700.0,3,11100.0,Refunded
2024-07-16,Mona Zaki,contact@service.org,Home Decor,3293.0,2,6586.0,Completed
2024-01-20,Sara Ahmed,admin@tech.io,Clothing,4320.0,8,34560.0,Completed
2024-05-19,Ali Hassan,sales@hub.com,Clothing,2624.0,9,23616.0,Refunded
2024-04-25,Zainab Tarek,admin@tech.io,Clothing,754.0,5,3770.0,Pending
2024-03-20,Yomna Soror,yomna.dev@email.com,Groceries,4885.0,10,48850.0,Refunded
2024-07-11,Huda Mansour,admin@tech.io,Office Supplies,1285.0,3,3855.0,Cancelled
2024-01-20,Ali Hassan,info@market.eg,Clothing,4712.0,7,32984.0,Refunded
2024-09-24,Ahmed Ali,sales@hub.com,Groceries,1180.0,7,8260.0,Refunded
2024-05-21,Ali Hassan,admin@tech.io,Office Supplies,372.0,5,1860.0,Shipped
2024-10-22,Omar Farouk,admin@tech.io,Groceries,152.0,1,152.0,Refunded
2024-09-25,Ahmed Ali,info@market.eg,Office Supplies,4157.0,9,37413.0,Completed
2024-07-06,Ali Hassan,info@market.eg,Books,2772.0,1,2772.0,Cancelled
2024-02-08,Huda Mansour,admin@tech.io,Office Supplies,2557.0,2,5114.0,Cancelled
2024-01-13,Mona Zaki,m.zaki@mail.com,Home Decor,3518.0,6,21108.0,Shipped
2024-08-04,Layla Mohamed,yomna.dev@email.com,Home Decor,998.0,2,1996.0,Completed
2024-03-28,Ahmed Ali,info@market.eg,Books,2865.0,4,11460.0,Shipped
2024-07-13,Ahmed Ali,sales@hub.com,Groceries,2473.0,2,4946.0,Pending
2024-11-04,Huda Mansour,m.zaki@mail.com,Groceries,2075.0,2,4150.0,Shipped
2024-05-12,Ali Hassan,user1@mail.com,Home Decor,3331.0,9,29979.0,Shipped
2024-09-04,Marwan Khaled,sales@hub.com,Home Decor,2357.0,4,9428.0,Pending
2024-05-11,Ali Hassan,user1@mail.com,Clothing,1347.0,10,13470.0,Refunded
2024-10-10,Omar Farouk,admin@tech.io,Groceries,298.0,10,2980.0,Pending
2024-07-17,Ali Hassan,m.zaki@mail.com,Home Decor,2171.0,8,17368.0,Refunded
2024-05-10,Ali Hassan,yomna.dev@email.com,Home Decor,795.0,10,7950.0,Pending
2024-11-26,Ali Hassan,sales@hub.com,Clothing,2894.0,7,20258.0,Shipped
2024-06-24,Layla Mohamed,contact@service.org,Clothing,223.0,10,2230.0,Refunded
2024-09-18,Marwan Khaled,yomna.dev@email.com,Clothing,2549.0,9,22941.0,Shipped
2024-12-18,Omar Farouk,info@market.eg,Groceries,1903.0,9,17127.0,Pending
2024-10-04,Zainab Tarek,info@market.eg,Office Supplies,3866.0,2,7732.0,Shipped
2024-04-12,Ahmed Ali,info@market.eg,Electronics,770.0,3,2310.0,Completed
2024-01-05,Ahmed Ali,admin@tech.io,Clothing,572.0,5,2860.0,Shipped
2024-01-04,Ali Hassan,admin@tech.io,Groceries,1573.0,1,1573.0,Refunded
2024-05-08,Sara Ahmed,user1@mail.com,Groceries,1522.0,7,10654.0,Cancelled
2024-10-28,Omar Farouk,test.a@web.net,Office Supplies,3661.0,2,7322.0,Shipped
2024-01-09,Yomna Soror,admin@tech.io,Books,499.0,9,4491.0,Cancelled
2024-01-06,Huda Mansour,yomna.dev@email.com,Books,3500.0,2,7000.0,Refunded
2024-01-01,Marwan Khaled,sales@hub.com,Groceries,4381.0,4,17524.0,Pending
2024-05-09,Marwan Khaled,info@market.eg,Home Decor,1393.0,4,5572.0,Cancelled
2024-04-16,Zainab Tarek,user1@mail.com,Electronics,2935.0,5,14675.0,Refunded
2024-11-16,Huda Mansour,sales@hub.com,Electronics,571.0,10,5710.0,Pending
2024-07-27,Huda Mansour,info@market.eg,Groceries,428.0,1,428.0,Refunded
2024-10-21,Huda Mansour,contact@service.org,Groceries,3598.0,7,25186.0,Completed
2024-03-21,Ali Hassan,admin@tech.io,Books,314.0,7,2198.0,Pending
2024-04-17,Yomna Soror,sales@hub.com,Groceries,895.0,5,4475.0,Completed
2024-05-02,Marwan Khaled,contact@service.org,Office Supplies,1931.0,3,5793.0,Cancelled
2024-01-01,Omar Farouk,info@market.eg,Groceries,329.0,9,2961.0,Shipped
2024-04-07,Layla Mohamed,test.a@web.net,Groceries,704.0,2,1408.0,Pending
2024-04-05,Sara Ahmed,sales@hub.com,Groceries,328.0,4,1312.0,Pending
2024-01-02,Omar Farouk,yomna.dev@email.com,Clothing,2267.0,7,15869.0,Shipped
2024-04-13,Sara Ahmed,m.zaki@mail.com,Groceries,767.0,8,6136.0,Refunded
2024-06-13,Sara Ahmed,m.zaki@mail.com,Office Supplies,832.0,6,4992.0,Cancelled
2024-08-26,Layla Mohamed,sales@hub.com,Clothing,487.0,5,2435.0,Shipped
2024-02-06,Ali Hassan,m.zaki@mail.com,Electronics,3341.0,4,13364.0,Shipped
2024-11-22,Yomna Soror,user1@mail.com,Office Supplies,1354.0,9,12186.0,Completed
2024-11-24,Mona Zaki,yomna.dev@email.com,Office Supplies,2395.0,9,21555.0,Cancelled
2024-08-14,Ahmed Ali,sales@hub.com,Books,4424.0,4,17696.0,Completed
2024-10-01,Ahmed Ali,sales@hub.com,Books,3479.0,2,6958.0,Cancelled
2024-03-03,Sara Ahmed,yomna.dev@email.com,Groceries,1921.0,7,13447.0,Shipped
2024-02-18,Huda Mansour,yomna.dev@email.com,Electronics,418.0,10,4180.0,Cancelled
2024-03-22,Yomna Soror,info@market.eg,Groceries,3468.0,3,10404.0,Cancelled
2024-11-01,Ahmed Ali,user1@mail.com,Groceries,4377.0,1,4377.0,Refunded
2024-04-07,Marwan Khaled,user1@mail.com,Office Supplies,426.0,4,1704.0,Completed
2024-10-05,Omar Farouk,user1@mail.com,Books,3946.0,4,15784.0,Pending
2024-07-17,Sara Ahmed,m.zaki@mail.com,Groceries,4961.0,7,34727.0,Completed
2024-03-08,Sara Ahmed,user1@mail.com,Home Decor,1388.0,5,6940.0,Refunded
2024-08-24,Omar Farouk,m.zaki@mail.com,Home Decor,2931.0,7,20517.0,Cancelled
2024-09-06,Sara Ahmed,user1@mail.com,Groceries,1124.0,8,8992.0,Pending
2024-06-23,Ali Hassan,contact@service.org,Electronics,4088.0,1,4088.0,Refunded
2024-07-09,Yomna Soror,contact@service.org,Books,269.0,4,1076.0,Pending
2024-10-21,Zainab Tarek,m.zaki@mail.com,Home Decor,1967.0,8,15736.0,Completed
2024-09-24,Mona Zaki,user1@mail.com,Office Supplies,326.0,3,978.0,Cancelled
2024-04-19,Ali Hassan,test.a@web.net,Groceries,3770.0,9,33930.0,Completed
2024-12-13,Ali Hassan,m.zaki@mail.com,Clothing,4302.0,5,21510.0,Cancelled
2024-02-22,Ali Hassan,contact@service.org,Groceries,2820.0,10,28200.0,Refunded
2024-05-01,Zainab Tarek,admin@tech.io,Clothing,2798.0,2,5596.0,Cancelled
2024-10-03,Zainab Tarek,contact@service.org,Books,390.0,9,3510.0,Cancelled
2024-09-24,Mona Zaki,m.zaki@mail.com,Books,2243.0,7,15701.0,Completed
2024-07-21,Marwan Khaled,sales@hub.com,Office Supplies,1151.0,6,6906.0,Cancelled
2024-07-16,Layla Mohamed,yomna.dev@email.com,Clothing,1592.0,1,1592.0,Cancelled
2024-01-07,Ahmed Ali,admin@tech.io,Books,4195.0,9,37755.0,Refunded
2024-06-16,Zainab Tarek,test.a@web.net,Clothing,609.0,1,609.0,Refunded
2024-09-01,Mona Zaki,yomna.dev@email.com,Home Decor,2472.0,5,12360.0,Shipped
2024-04-16,Sara Ahmed,user1@mail.com,Books,2856.0,3,8568.0,Shipped
2024-08-26,Layla Mohamed,sales@hub.com,Home Decor,2458.0,6,14748.0,Refunded
2024-06-27,Huda Mansour,contact@service.org,Books,2202.0,6,13212.0,Pending
2024-05-24,Huda Mansour,yomna.dev@email.com,Home Decor,4376.0,2,8752.0,Refunded
2024-12-19,Yomna Soror,m.zaki@mail.com,Books,4413.0,7,30891.0,Completed
2024-06-07,Omar Farouk,sales@hub.com,Books,152.0,10,1520.0,Refunded
2024-10-15,Ali Hassan,sales@hub.com,Office Supplies,2557.0,1,2557.0,Pending
2024-11-24,Huda Mansour,contact@service.org,Home Decor,3742.0,6,22452.0,Pending
2024-08-07,Huda Mansour,sales@hub.com,Books,54.0,3,162.0,Shipped
2024-06-12,Marwan Khaled,info@market.eg,Groceries,3375.0,2,6750.0,Cancelled
2024-01-03,Layla Mohamed,m.zaki@mail.com,Home Decor,4000.0,9,36000.0,Refunded
2024-11-14,Marwan Khaled,info@market.eg,Clothing,2928.0,7,20496.0,Shipped
2024-10-03,Sara Ahmed,user1@mail.com,Electronics,1462.0,9,13158.0,Refunded
2024-05-17,Omar Farouk,admin@tech.io,Home Decor,4442.0,1,4442.0,Cancelled
2024-12-17,Ahmed Ali,info@market.eg,Groceries,4638.0,1,4638.0,Shipped
2024-01-24,Huda Mansour,info@market.eg,Electronics,4848.0,2,9696.0,Pending
2024-10-11,Mona Zaki,sales@hub.com,Books,4356.0,9,39204.0,Refunded
2024-03-08,Zainab Tarek,contact@service.org,Office Supplies,4732.0,6,28392.0,Completed
2024-10-10,Ahmed Ali,test.a@web.net,Home Decor,2589.0,6,15534.0,Completed
2024-10-22,Ali Hassan,user1@mail.com,Electronics,3865.0,8,30920.0,Shipped
2024-06-01,Omar Farouk,user1@mail.com,Groceries,2568.0,5,12840.0,Refunded
2024-01-27,Yomna Soror,contact@service.org,Home Decor,1517.0,10,15170.0,Pending
2024-03-07,Ali Hassan,user1@mail.com,Clothing,3479.0,1,3479.0,Completed
2024-11-07,Ali Hassan,sales@hub.com,Groceries,4571.0,5,22855.0,Pending
2024-04-07,Huda Mansour,test.a@web.net,Books,2419.0,4,9676.0,Completed
2024-05-06,Ali Hassan,info@market.eg,Home Decor,3067.0,9,27603.0,Refunded
2024-10-15,Yomna Soror,m.zaki@mail.com,Books,2847.0,2,5694.0,Cancelled
2024-03-03,Sara Ahmed,yomna.dev@email.com,Office Supplies,3066.0,7,21462.0,Shipped
2024-05-13,Yomna Soror,sales@hub.com,Office Supplies,4352.0,1,4352.0,Pending
2024-12-23,Layla Mohamed,sales@hub.com,Clothing,1756.0,1,1756.0,Completed
2024-07-27,Omar Farouk,yomna.dev@email.com,Office Supplies,4524.0,3,13572.0,Completed
2024-12-26,Layla Mohamed,admin@tech.io,Office Supplies,361.0,3,1083.0,Shipped
2024-09-20,Omar Farouk,m.zaki@mail.com,Books,4956.0,9,44604.0,Cancelled
2024-01-13,Yomna Soror,m.zaki@mail.com,Home Decor,3908.0,7,27356.0,Pending
2024-08-06,Marwan Khaled,test.a@web.net,Electronics,197.0,6,1182.0,Refunded
2024-07-11,Sara Ahmed,contact@service.org,Books,4460.0,1,4460.0,Refunded
2024-09-17,Omar Farouk,contact@service.org,Home Decor,406.0,7,2842.0,Refunded
2024-06-27,Ahmed Ali,test.a@web.net,Books,4929.0,2,9858.0,Refunded
2024-03-05,Mona Zaki,m.zaki@mail.com,Books,2985.0,6,17910.0,Pending
2024-06-21,Layla Mohamed,admin@tech.io,Electronics,3279.0,9,29511.0,Cancelled
2024-10-25,Ali Hassan,sales@hub.com,Electronics,3745.0,3,11235.0,Cancelled
2024-05-21,Zainab Tarek,yomna.dev@email.com,Office Supplies,2972.0,7,20804.0,Shipped
2024-07-19,Marwan Khaled,test.a@web.net,Clothing,2028.0,6,12168.0,Refunded
2024-07-20,Layla Mohamed,m.zaki@mail.com,Groceries,557.0,8,4456.0,Refunded
2024-12-20,Omar Farouk,info@market.eg,Clothing,2070.0,9,18630.0,Shipped
2024-10-16,Yomna Soror,sales@hub.com,Books,3512.0,10,35120.0,Completed
2024-03-15,Omar Farouk,m.zaki@mail.com,Electronics,1594.0,6,9564.0,Refunded
2024-07-12,Ali Hassan,m.zaki@mail.com,Home Decor,3056.0,2,6112.0,Refunded
2024-05-07,Ali Hassan,admin@tech.io,Electronics,4434.0,7,31038.0,Shipped
2024-05-28,Omar Farouk,user1@mail.com,Electronics,4069.0,5,20345.0,Pending
2024-09-17,Layla Mohamed,admin@tech.io,Office Supplies,4526.0,5,22630.0,Shipped
2024-11-07,Omar Farouk,sales@hub.com,Clothing,4209.0,4,16836.0,Refunded
2024-09-24,Sara Ahmed,m.zaki@mail.com,Books,2360.0,9,21240.0,Cancelled
2024-05-10,Ahmed Ali,test.a@web.net,Home Decor,3258.0,1,3258.0,Refunded
2024-07-28,Sara Ahmed,admin@tech.io,Office Supplies,1361.0,5,6805.0,Pending
2024-06-12,Marwan Khaled,contact@service.org,Groceries,4291.0,7,30037.0,Refunded
2024-06-06,Mona Zaki,info@market.eg,Groceries,476.0,6,2856.0,Cancelled
2024-04-28,Ahmed Ali,m.zaki@mail.com,Office Supplies,4697.0,7,32879.0,Completed
2024-01-17,Omar Farouk,yomna.dev@email.com,Electronics,845.0,8,6760.0,Cancelled
2024-11-20,Ahmed Ali,m.zaki@mail.com,Books,2239.0,9,20151.0,Completed
2024-09-11,Mona Zaki,admin@tech.io,Office Supplies,818.0,8,6544.0,Completed
2024-03-22,Ahmed Ali,contact@service.org,Groceries,4777.0,5,23885.0,Shipped
2024-05-07,Layla Mohamed,yomna.dev@email.com,Clothing,1244.0,6,7464.0,Completed
2024-04-11,Omar Farouk,sales@hub.com,Clothing,2381.0,6,14286.0,Shipped
2024-06-27,Yomna Soror,info@market.eg,Home Decor,1806.0,2,3612.0,Completed
2024-01-27,Layla Mohamed,admin@tech.io,Electronics,3535.0,7,24745.0,Completed
2024-09-17,Sara Ahmed,info@market.eg,Groceries,3359.0,4,13436.0,Pending
2024-11-01,Ali Hassan,yomna.dev@email.com,Home Decor,986.0,5,4930.0,Completed
2024-08-07,Zainab Tarek,info@market.eg,Electronics,4244.0,8,33952.0,Completed
2024-04-21,Marwan Khaled,sales@hub.com,Groceries,2766.0,10,27660.0,Cancelled
2024-12-22,Marwan Khaled,user1@mail.com,Books,1047.0,5,5235.0,Refunded
2024-05-08,Ali Hassan,info@market.eg,Books,3377.0,4,13508.0,Shipped
2024-08-21,Mona Zaki,info@market.eg,Home Decor,4911.0,2,9822.0,Completed
2024-06-15,Ali Hassan,test.a@web.net,Groceries,1202.0,2,2404.0,Cancelled
2024-05-08,Ali Hassan,user1@mail.com,Groceries,457.0,9,4113.0,Refunded
2024-03-18,Huda Mansour,yomna.dev@email.com,Home Decor,4216.0,2,8432.0,Cancelled
2024-11-18,Huda Mansour,m.zaki@mail.com,Home Decor,2047.0,2,4094.0,Pending
2024-10-27,Yomna Soror,sales@hub.com,Clothing,3567.0,6,21402.0,Shipped
2024-03-07,Yomna Soror,yomna.dev@email.com,Clothing,1768.0,10,17680.0,Refunded
2024-08-14,Mona Zaki,m.zaki@mail.com,Clothing,1221.0,5,6105.0,Shipped
2024-11-03,Zainab Tarek,admin@tech.io,Office Supplies,162.0,7,1134.0,Cancelled
2024-09-12,Layla Mohamed,admin@tech.io,Office Supplies,4092.0,10,40920.0,Completed
2024-04-17,Yomna Soror,user1@mail.com,Clothing,4211.0,1,4211.0,Pending
2024-04-16,Mona Zaki,yomna.dev@email.com,Groceries,234.0,7,1638.0,Pending
2024-07-17,Ahmed Ali,yomna.dev@email.com,Office Supplies,1254.0,7,8778.0,Completed
2024-07-17,Ali Hassan,test.a@web.net,Home Decor,3201.0,4,12804.0,Pending
2024-03-19,Mona Zaki,user1@mail.com,Clothing,2059.0,8,16472.0,Completed
2024-12-18,Mona Zaki,user1@mail.com,Groceries,4324.0,8,34592.0,Pending
2024-08-13,Marwan Khaled,contact@service.org,Groceries,1060.0,1,1060.0,Shipped
2024-10-02,Ali Hassan,contact@service.org,Groceries,3549.0,7,24843.0,Refunded
2024-04-05,Mona Zaki,admin@tech.io,Home Decor,764.0,7,5348.0,Shipped
2024-08-05,Yomna Soror,contact@service.org,Groceries,4267.0,10,42670.0,Completed
2024-03-05,Omar Farouk,contact@service.org,Clothing,2907.0,4,11628.0,Refunded
2024-05-05,Zainab Tarek,contact@service.org,Electronics,1864.0,8,14912.0,Pending
2024-02-24,Layla Mohamed,yomna.dev@email.com,Groceries,170.0,7,1190.0,Completed
2024-05-15,Ahmed Ali,contact@service.org,Office Supplies,1289.0,3,3867.0,Refunded
2024-04-15,Marwan Khaled,yomna.dev@email.com,Clothing,3557.0,9,32013.0,Refunded
2024-10-13,Marwan Khaled,info@market.eg,Office Supplies,96.0,4,384.0,Cancelled
2024-08-01,Mona Zaki,yomna.dev@email.com,Home Decor,2382.0,6,14292.0,Refunded
2024-02-11,Yomna Soror,user1@mail.com,Books,1777.0,1,1777.0,Completed
2024-03-13,Yomna Soror,admin@tech.io,Books,1989.0,6,11934.0,Completed
2024-01-15,Zainab Tarek,sales@hub.com,Electronics,2061.0,8,16488.0,Refunded
2024-01-02,Layla Mohamed,contact@service.org,Clothing,2205.0,10,22050.0,Completed
2024-01-25,Zainab Tarek,m.zaki@mail.com,Books,3542.0,5,17710.0,Completed
2024-07-24,Huda Mansour,user1@mail.com,Home Decor,3910.0,5,19550.0,Shipped
2024-02-12,Mona Zaki,contact@service.org,Electronics,1852.0,5,9260.0,Shipped
2024-06-13,Yomna Soror,yomna.dev@email.com,Home Decor,2381.0,5,11905.0,Refunded
2024-04-10,Yomna Soror,test.a@web.net,Electronics,4066.0,9,36594.0,Cancelled
2024-08-15,Sara Ahmed,yomna.dev@email.com,Clothing,2920.0,10,29200.0,Shipped
2024-05-04,Marwan Khaled,test.a@web.net,Books,4714.0,3,14142.0,Refunded
2024-08-19,Marwan Khaled,contact@service.org,Electronics,716.0,10,7160.0,Shipped
2024-09-19,Marwan Khaled,m.zaki@mail.com,Books,822.0,4,3288.0,Refunded
2024-01-22,Sara Ahmed,info@market.eg,Books,293.0,8,2344.0,Cancelled
2024-04-16,Huda Mansour,info@market.eg,Home Decor,873.0,1,873.0,Shipped
2024-11-10,Layla Mohamed,m.zaki@mail.com,Books,3378.0,5,16890.0,Shipped
2024-06-20,Mona Zaki,sales@hub.com,Books,2752.0,9,24768.0,Completed
2024-12-06,Yomna Soror,m.zaki@mail.com,Clothing,4659.0,8,37272.0,Shipped
2024-02-22,Ali Hassan,contact@service.org,Home Decor,1706.0,6,10236.0,Pending
2024-10-15,Mona Zaki,user1@mail.com,Office Supplies,4934.0,5,24670.0,Completed
2024-08-15,Mona Zaki,sales@hub.com,Books,3296.0,1,3296.0,Cancelled
2024-04-14,Zainab Tarek,sales@hub.com,Books,152.0,9,1368.0,Pending
2024-11-08,Ahmed Ali,test.a@web.net,Groceries,4365.0,10,43650.0,Pending
2024-02-28,Ali Hassan,admin@tech.io,Office Supplies,2954.0,5,14770.0,Shipped
2024-02-27,Omar Farouk,admin@tech.io,Office Supplies,519.0,6,3114.0,Cancelled
2024-11-26,Mona Zaki,yomna.dev@email.com,Electronics,3367.0,6,20202.0,Cancelled
2024-12-28,Layla Mohamed,user1@mail.com,Home Decor,4890.0,6,29340.0,Refunded
2024-06-28,Huda Mansour,admin@tech.io,Electronics,4135.0,7,28945.0,Cancelled
2024-01-02,Omar Farouk,admin@tech.io,Groceries,2846.0,8,22768.0,Refunded
2024-10-18,Ahmed Ali,m.zaki@mail.com,Clothing,1787.0,5,8935.0,Cancelled
2024-04-21,Ali Hassan,user1@mail.com,Books,712.0,7,4984.0,Shipped
2024-01-26,Yomna Soror,sales@hub.com,Office Supplies,211.0,5,1055.0,Completed
2024-01-06,Omar Farouk,test.a@web.net,Home Decor,4396.0,6,26376.0,Pending
2024-03-14,Ali Hassan,sales@hub.com,Office Supplies,3646.0,9,32814.0,Pending
2024-03-02,Mona Zaki,admin@tech.io,Books,293.0,7,2051.0,Cancelled
2024-11-23,Zainab Tarek,contact@service.org,Home Decor,2029.0,10,20290.0,Shipped
2024-01-20,Yomna Soror,info@market.eg,Home Decor,2521.0,6,15126.0,Completed
2024-06-17,Ali Hassan,admin@tech.io,Electronics,3339.0,7,23373.0,Pending
2024-08-02,Zainab Tarek,m.zaki@mail.com,Clothing,4993.0,2,9986.0,Completed
2024-05-08,Zainab Tarek,yomna.dev@email.com,Clothing,2683.0,4,10732.0,Cancelled
2024-05-22,Layla Mohamed,yomna.dev@email.com,Clothing,4175.0,1,4175.0,Pending
2024-05-10,Omar Farouk,admin@tech.io,Office Supplies,351.0,8,2808.0,Completed
2024-01-01,Layla Mohamed,test.a@web.net,Books,479.0,6,2874.0,Shipped
2024-01-12,Marwan Khaled,m.zaki@mail.com,Home Decor,2584.0,1,2584.0,Refunded
2024-03-26,Ahmed Ali,yomna.dev@email.com,Office Supplies,4751.0,5,23755.0,Completed
2024-02-23,Omar Farouk,sales@hub.com,Office Supplies,1876.0,2,3752.0,Cancelled
2024-06-21,Mona Zaki,info@market.eg,Books,185.0,9,1665.0,Completed
2024-10-12,Mona Zaki,test.a@web.net,Electronics,3028.0,5,15140.0,Completed
2024-10-22,Marwan Khaled,user1@mail.com,Office Supplies,2404.0,8,19232.0,Completed
2024-01-22,Ahmed Ali,admin@tech.io,Groceries,4224.0,7,29568.0,Cancelled
2024-02-07,Ahmed Ali,user1@mail.com,Books,4128.0,9,37152.0,Refunded
2024-04-28,Layla Mohamed,contact@service.org,Books,1765.0,7,12355.0,Refunded
2024-11-15,Ahmed Ali,m.zaki@mail.com,Office Supplies,2123.0,7,14861.0,Shipped
2024-05-26,Huda Mansour,yomna.dev@email.com,Books,4086.0,9,36774.0,Refunded
2024-10-21,Sara Ahmed,contact@service.org,Clothing,2005.0,4,8020.0,Refunded
2024-11-23,Omar Farouk,,Office Supplies,2722.0,2,5444.0,Completed
2024-01-01,Zainab Tarek,info@market.eg,Clothing,3135.0,4,12540.0,Shipped
2024-05-17,Huda Mansour,m.zaki@mail.com,Electronics,1130.0,8,9040.0,Refunded
2024-04-01,Zainab Tarek,sales@hub.com,Office Supplies,4847.0,9,43623.0,Shipped
2024-02-13,Zainab Tarek,user1@mail.com,Groceries,3339.0,7,23373.0,Shipped
2024-01-26,Layla Mohamed,m.zaki@mail.com,Books,192.0,7,1344.0,Shipped
2024-10-06,Sara Ahmed,yomna.dev@email.com,Books,2416.0,10,24160.0,Completed
2024-12-28,Zainab Tarek,m.zaki@mail.com,Books,4387.0,5,21935.0,Pending
2024-03-02,Layla Mohamed,sales@hub.com,Books,2062.0,2,4124.0,Cancelled
2024-07-12,Ahmed Ali,sales@hub.com,Groceries,3043.0,4,12172.0,Completed
2024-10-26,Ali Hassan,m.zaki@mail.com,Office Supplies,4767.0,7,33369.0,Shipped
2024-06-08,Zainab Tarek,test.a@web.net,Home Decor,4102.0,10,41020.0,Shipped
2024-02-25,Huda Mansour,admin@tech.io,Clothing,1677.0,1,1677.0,Completed
2024-02-14,Layla Mohamed,m.zaki@mail.com,Electronics,2106.0,3,6318.0,Cancelled
2024-12-06,Zainab Tarek,m.zaki@mail.com,Clothing,3858.0,3,11574.0,Completed
2024-04-17,Mona Zaki,yomna.dev@email.com,Electronics,1639.0,1,1639.0,Shipped
2024-06-27,Ahmed Ali,m.zaki@mail.com,Electronics,694.0,5,3470.0,Pending
2024-02-24,Ahmed Ali,m.zaki@mail.com,Office Supplies,3805.0,6,22830.0,Completed
2024-02-10,Sara Ahmed,admin@tech.io,Groceries,962.0,10,9620.0,Shipped
2024-12-12,Mona Zaki,test.a@web.net,Home Decor,2291.0,2,4582.0,Completed
2024-11-02,Omar Farouk,admin@tech.io,Home Decor,455.0,3,1365.0,Cancelled
2024-03-07,Huda Mansour,contact@service.org,Clothing,2557.0,6,15342.0,Refunded
2024-09-23,Sara Ahmed,sales@hub.com,Groceries,2010.0,3,6030.0,Pending
2024-09-11,Layla Mohamed,yomna.dev@email.com,Clothing,949.0,5,4745.0,Shipped
2024-07-11,Ali Hassan,test.a@web.net,Home Decor,3088.0,4,12352.0,Shipped
2024-12-20,Ahmed Ali,test.a@web.net,Clothing,2832.0,8,22656.0,Completed
2024-08-08,Huda Mansour,admin@tech.io,Groceries,1964.0,6,11784.0,Shipped
2024-05-06,Ahmed Ali,user1@mail.com,Books,2977.0,5,14885.0,Refunded
2024-02-09,Sara Ahmed,user1@mail.com,Groceries,1757.0,3,5271.0,Completed
2024-03-15,Ali Hassan,contact@service.org,Clothing,2622.0,1,2622.0,Pending
2024-12-12,Huda Mansour,yomna.dev@email.com,Office Supplies,135.0,7,945.0,Cancelled
2024-01-24,Ali Hassan,user1@mail.com,Clothing,145.0,1,145.0,Shipped
2024-08-10,Zainab Tarek,yomna.dev@email.com,Clothing,1871.0,10,18710.0,Cancelled
2024-06-11,Ali Hassan,m.zaki@mail.com,Home Decor,4022.0,1,4022.0,Shipped
2024-05-25,Sara Ahmed,info@market.eg,Home Decor,2994.0,10,29940.0,Shipped
2024-05-02,Ahmed Ali,yomna.dev@email.com,Clothing,1292.0,3,3876.0,Pending
2024-09-05,Ahmed Ali,contact@service.org,Office Supplies,794.0,9,7146.0,Completed
2024-12-10,Omar Farouk,info@market.eg,Home Decor,361.0,5,1805.0,Pending
2024-05-24,Ahmed Ali,info@market.eg,Office Supplies,952.0,8,7616.0,Shipped
2024-04-22,Yomna Soror,sales@hub.com,Electronics,4592.0,5,22960.0,Completed
2024-01-28,Sara Ahmed,m.zaki@mail.com,Clothing,1442.0,9,12978.0,Refunded
2024-06-05,Zainab Tarek,test.a@web.net,Electronics,1254.0,3,3762.0,Shipped
2024-09-21,Layla Mohamed,info@market.eg,Groceries,764.0,8,6112.0,Shipped
2024-05-24,Marwan Khaled,info@market.eg,Office Supplies,2592.0,4,10368.0,Refunded
2024-03-26,Zainab Tarek,sales@hub.com,Office Supplies,4252.0,6,25512.0,Completed
2024-02-25,Yomna Soror,info@market.eg,Office Supplies,2148.0,3,6444.0,Pending
2024-01-26,Layla Mohamed,m.zaki@mail.com,Clothing,1385.0,10,13850.0,Completed
2024-06-19,Ali Hassan,info@market.eg,Clothing,125.0,6,750.0,Completed
2024-05-08,Ahmed Ali,yomna.dev@email.com,Clothing,4814.0,7,33698.0,Pending
2024-05-09,Ali Hassan,sales@hub.com,Electronics,2149.0,2,4298.0,Cancelled
2024-12-20,Ali Hassan,user1@mail.com,Home Decor,2902.0,2,5804.0,Shipped
2024-07-13,Huda Mansour,sales@hub.com,Office Supplies,3019.0,7,21133.0,Completed
2024-06-22,Yomna Soror,user1@mail.com,Books,3107.0,5,15535.0,Cancelled
2024-08-19,Marwan Khaled,contact@service.org,Home Decor,2275.0,2,4550.0,Completed
2024-12-04,Omar Farouk,user1@mail.com,Books,2045.0,8,16360.0,Shipped
2024-10-10,Ahmed Ali,sales@hub.com,Office Supplies,403.0,5,2015.0,Pending
2024-10-10,Sara Ahmed,m.zaki@mail.com,Books,3064.0,10,30640.0,Completed
2024-01-03,Sara Ahmed,sales@hub.com,Electronics,782.0,3,2346.0,Shipped
2024-02-10,Layla Mohamed,info@market.eg,Groceries,2518.0,8,20144.0,Completed
2024-05-08,Omar Farouk,contact@service.org,Home Decor,4412.0,2,8824.0,Completed
2024-04-10,Omar Farouk,test.a@web.net,Books,1851.0,4,7404.0,Shipped
2024-12-08,Yomna Soror,m.zaki@mail.com,Home Decor,3814.0,10,38140.0,Cancelled
2024-12-18,Yomna Soror,contact@service.org,Groceries,799.0,5,3995.0,Refunded
2024-01-01,Yomna Soror,admin@tech.io,Groceries,2432.0,1,2432.0,Completed
2024-09-09,Zainab Tarek,test.a@web.net,Electronics,4961.0,2,9922.0,Completed
2024-02-05,Marwan Khaled,yomna.dev@email.com,Home Decor,408.0,10,4080.0,Refunded
2024-11-01,Marwan Khaled,yomna.dev@email.com,Clothing,4751.0,4,19004.0,Cancelled
2024-05-20,Yomna Soror,sales@hub.com,Clothing,1957.0,4,7828.0,Pending
2024-12-10,Sara Ahmed,m.zaki@mail.com,Clothing,1664.0,9,14976.0,Refunded
2024-07-27,Marwan Khaled,yomna.dev@email.com,Books,402.0,9,3618.0,Shipped
2024-02-12,Zainab Tarek,test.a@web.net,Electronics,3869.0,2,7738.0,Shipped
2024-09-07,Omar Farouk,admin@tech.io,Office Supplies,2939.0,2,5878.0,Cancelled
2024-02-22,Zainab Tarek,info@market.eg,Clothing,2633.0,10,26330.0,Completed
2024-09-24,Layla Mohamed,m.zaki@mail.com,Electronics,3321.0,7,23247.0,Pending
2024-11-21,Mona Zaki,sales@hub.com,Groceries,2398.0,8,19184.0,Completed
2024-04-16,Ahmed Ali,contact@service.org,Groceries,2251.0,9,20259.0,Shipped
2024-07-14,Mona Zaki,admin@tech.io,Groceries,3788.0,10,37880.0,Shipped
2024-05-04,Yomna Soror,info@market.eg,Clothing,2102.0,6,12612.0,Shipped
2024-07-06,Sara Ahmed,test.a@web.net,Office Supplies,3446.0,2,6892.0,Pending
2024-08-23,Marwan Khaled,contact@service.org,Electronics,1681.0,3,5043.0,Cancelled
2024-03-02,Marwan Khaled,test.a@web.net,Office Supplies,244.0,7,1708.0,Refunded
2024-02-01,Ahmed Ali,test.a@web.net,Groceries,4056.0,2,8112.0,Cancelled
2024-05-21,Sara Ahmed,sales@hub.com,Groceries,3473.0,3,10419.0,Shipped
2024-11-14,Zainab Tarek,sales@hub.com,Home Decor,1639.0,2,3278.0,Pending
2024-12-22,Mona Zaki,test.a@web.net,Home Decor,1704.0,5,8520.0,Shipped
2024-08-24,Marwan Khaled,test.a@web.net,Clothing,2098.0,4,8392.0,Pending
2024-06-13,Sara Ahmed,m.zaki@mail.com,Electronics,2691.0,7,18837.0,Completed
2024-09-06,Layla Mohamed,yomna.dev@email.com,Electronics,2364.0,1,2364.0,Completed
2024-08-19,Marwan Khaled,yomna.dev@email.com,Books,2335.0,9,21015.0,Refunded
2024-03-07,Omar Farouk,admin@tech.io,Office Supplies,3853.0,6,23118.0,Shipped
2024-09-22,Yomna Soror,sales@hub.com,Home Decor,1192.0,2,2384.0,Refunded
2024-03-18,Marwan Khaled,,Clothing,2879.0,8,23032.0,Cancelled
2024-06-05,Zainab Tarek,user1@mail.com,Clothing,4229.0,4,16916.0,Refunded
2024-12-26,Huda Mansour,yomna.dev@email.com,Groceries,2541.0,4,10164.0,Refunded
2024-05-19,Sara Ahmed,test.a@web.net,Electronics,4168.0,3,12504.0,Completed
2024-10-22,Mona Zaki,user1@mail.com,Office Supplies,2606.0,10,26060.0,Cancelled
2024-12-09,Huda Mansour,admin@tech.io,Clothing,4280.0,3,12840.0,Pending
2024-02-27,Ali Hassan,test.a@web.net,Electronics,4872.0,8,38976.0,Shipped
2024-07-25,Marwan Khaled,info@market.eg,Electronics,2197.0,9,19773.0,Pending
2024-11-09,Sara Ahmed,m.zaki@mail.com,Groceries,2159.0,6,12954.0,Shipped
2024-11-17,Huda Mansour,contact@service.org,Clothing,3282.0,9,29538.0,Completed
2024-08-25,Yomna Soror,contact@service.org,Clothing,1148.0,10,11480.0,Shipped
2024-08-18,Huda Mansour,m.zaki@mail.com,Electronics,1093.0,1,1093.0,Refunded
2024-07-10,Yomna Soror,user1@mail.com,Clothing,3114.0,9,28026.0,Completed
2024-12-26,Sara Ahmed,admin@tech.io,Office Supplies,3191.0,3,9573.0,Refunded
2024-06-15,Yomna Soror,contact@service.org,Home Decor,345.0,4,1380.0,Completed
2024-06-27,Marwan Khaled,m.zaki@mail.com,Clothing,557.0,1,557.0,Cancelled
2024-01-18,Sara Ahmed,m.zaki@mail.com,Groceries,1250.0,9,11250.0,Shipped
2024-06-09,Huda Mansour,info@market.eg,Electronics,4280.0,1,4280.0,Shipped
2024-08-17,Zainab Tarek,sales@hub.com,Office Supplies,3842.0,9,34578.0,Cancelled
2024-06-08,Yomna Soror,user1@mail.com,Books,4162.0,4,16648.0,Completed
2024-11-08,Sara Ahmed,user1@mail.com,Electronics,3941.0,10,39410.0,Shipped
2024-04-11,Ahmed Ali,user1@mail.com,Electronics,4478.0,6,26868.0,Shipped
2024-01-01,Layla Mohamed,admin@tech.io,Groceries,329.0,10,3290.0,Pending
2024-04-09,Marwan Khaled,admin@tech.io,Books,960.0,10,9600.0,Completed
2024-08-23,Omar Farouk,yomna.dev@email.com,Groceries,3030.0,4,12120.0,Shipped
2024-01-19,Mona Zaki,contact@service.org,Clothing,3708.0,3,11124.0,Refunded
2024-11-02,Ahmed Ali,sales@hub.com,Books,4582.0,6,27492.0,Refunded
2024-09-26,Sara Ahmed,user1@mail.com,Clothing,1998.0,5,9990.0,Pending
2024-12-06,Marwan Khaled,yomna.dev@email.com,Home Decor,1414.0,4,5656.0,Cancelled
2024-06-13,Layla Mohamed,m.zaki@mail.com,Office Supplies,4302.0,8,34416.0,Pending
2024-09-10,Marwan Khaled,admin@tech.io,Office Supplies,2189.0,3,6567.0,Pending
2024-10-12,Zainab Tarek,yomna.dev@email.com,Home Decor,3556.0,2,7112.0,Shipped
2024-09-14,Ali Hassan,user1@mail.com,Electronics,659.0,10,6590.0,Refunded
2024-12-11,Ali Hassan,m.zaki@mail.com,Clothing,140.0,9,1260.0,Cancelled
2024-02-26,Omar Farouk,admin@tech.io,Electronics,1865.0,7,13055.0,Completed
2024-05-18,Ahmed Ali,admin@tech.io,Books,4974.0,5,24870.0,Completed
2024-08-09,Marwan Khaled,info@market.eg,Books,981.0,5,4905.0,Pending
2024-07-13,Layla Mohamed,contact@service.org,Office Supplies,3952.0,7,27664.0,Completed
2024-08-10,Mona Zaki,test.a@web.net,Groceries,4655.0,4,18620.0,Shipped
2024-02-28,Yomna Soror,contact@service.org,Books,883.0,3,2649.0,Completed
2024-03-06,Ahmed Ali,m.zaki@mail.com,Books,3732.0,2,7464.0,Refunded
2024-02-10,Layla Mohamed,info@market.eg,Clothing,3856.0,3,11568.0,Shipped
2024-01-13,Huda Mansour,yomna.dev@email.com,Office Supplies,1920.0,8,15360.0,Cancelled
2024-09-06,Ali Hassan,user1@mail.com,Groceries,1635.0,8,13080.0,Pending
2024-02-01,Huda Mansour,m.zaki@mail.com,Electronics,1178.0,9,10602.0,Pending
2024-08-01,Huda Mansour,info@market.eg,Office Supplies,4286.0,1,4286.0,Pending
2024-04-25,Layla Mohamed,test.a@web.net,Home Decor,1901.0,6,11406.0,Cancelled
2024-04-05,Layla Mohamed,test.a@web.net,Groceries,724.0,8,5792.0,Completed
2024-10-11,Marwan Khaled,info@market.eg,Groceries,2905.0,2,5810.0,Refunded
2024-08-18,Omar Farouk,user1@mail.com,Books,4170.0,1,4170.0,Shipped
2024-06-12,Marwan Khaled,test.a@web.net,Books,1695.0,9,15255.0,Refunded
2024-03-06,Huda Mansour,sales@hub.com,Home Decor,1528.0,10,15280.0,Pending
2024-01-06,Marwan Khaled,m.zaki@mail.com,Home Decor,3395.0,3,10185.0,Pending
2024-08-19,Layla Mohamed,info@market.eg,Office Supplies,3037.0,2,6074.0,Cancelled
2024-12-09,Marwan Khaled,test.a@web.net,Home Decor,4429.0,2,8858.0,Pending
2024-04-21,Zainab Tarek,yomna.dev@email.com,Home Decor,857.0,10,8570.0,Refunded
2024-09-19,Mona Zaki,test.a@web.net,Books,2598.0,4,10392.0,Pending
2024-06-21,Omar Farouk,user1@mail.com,Groceries,1770.0,2,3540.0,Pending
2024-12-06,Ahmed Ali,m.zaki@mail.com,Home Decor,456.0,8,3648.0,Refunded
2024-05-16,Omar Farouk,test.a@web.net,Home Decor,4035.0,4,16140.0,Shipped
2024-04-15,Omar Farouk,contact@service.org,Books,431.0,8,3448.0,Completed
2024-05-25,Mona Zaki,admin@tech.io,Home Decor,2776.0,9,24984.0,Refunded
2024-12-03,Layla Mohamed,admin@tech.io,Clothing,2765.0,1,2765.0,Completed
2024-06-02,Marwan Khaled,info@market.eg,Electronics,1660.0,10,16600.0,Completed
2024-06-02,Yomna Soror,contact@service.org,Books,1801.0,7,12607.0,Pending
2024-10-03,Ahmed Ali,m.zaki@mail.com,Home Decor,1400.0,8,11200.0,Cancelled
2024-12-28,Ahmed Ali,test.a@web.net,Clothing,2615.0,5,13075.0,Refunded
2024-01-18,Yomna Soror,test.a@web.net,Books,2376.0,5,11880.0,Shipped
2024-04-14,Omar Farouk,contact@service.org,Electronics,2264.0,2,4528.0,Pending
2024-10-02,Omar Farouk,m.zaki@mail.com,Home Decor,1897.0,3,5691.0,Pending
2024-08-21,Ali Hassan,test.a@web.net,Electronics,856.0,6,5136.0,Cancelled
2024-05-12,Yomna Soror,m.zaki@mail.com,Groceries,2433.0,3,7299.0,Completed
2024-06-20,Zainab Tarek,user1@mail.com,Electronics,4752.0,2,9504.0,Completed
2024-09-21,Sara Ahmed,info@market.eg,Electronics,2514.0,3,7542.0,Cancelled
2024-10-24,Ali Hassan,yomna.dev@email.com,Clothing,3358.0,4,13432.0,Refunded
2024-12-08,Zainab Tarek,contact@service.org,Office Supplies,4133.0,1,4133.0,Shipped
2024-07-19,Omar Farouk,m.zaki@mail.com,Books,1063.0,8,8504.0,Refunded
2024-05-28,Layla Mohamed,,Electronics,3045.0,3,9135.0,Completed
2024-07-20,Sara Ahmed,test.a@web.net,Electronics,1588.0,6,9528.0,Completed
2024-01-01,Zainab Tarek,m.zaki@mail.com,Electronics,2013.0,5,10065.0,Refunded
2024-10-13,Huda Mansour,contact@service.org,Electronics,4228.0,7,29596.0,Refunded
2024-12-07,Omar Farouk,test.a@web.net,Groceries,2312.0,9,20808.0,Cancelled
2024-09-02,Zainab Tarek,yomna.dev@email.com,Clothing,4359.0,3,13077.0,Refunded
2024-02-19,Zainab Tarek,sales@hub.com,Home Decor,3505.0,4,14020.0,Completed
2024-08-10,Yomna Soror,contact@service.org,Books,1858.0,10,18580.0,Shipped
2024-12-09,Layla Mohamed,admin@tech.io,Electronics,4019.0,8,32152.0,Completed
2024-08-11,Ahmed Ali,info@market.eg,Clothing,1284.0,10,12840.0,Completed
2024-11-26,Ali Hassan,m.zaki@mail.com,Home Decor,1897.0,9,17073.0,Refunded
2024-12-20,Ali Hassan,yomna.dev@email.com,Clothing,2123.0,5,10615.0,Completed
2024-03-18,Layla Mohamed,admin@tech.io,Home Decor,2791.0,7,19537.0,Pending
2024-07-28,Mona Zaki,test.a@web.net,Home Decor,1616.0,8,12928.0,Shipped
2024-08-02,Marwan Khaled,contact@service.org,Home Decor,325.0,3,975.0,Pending
2024-10-13,Zainab Tarek,yomna.dev@email.com,Groceries,3824.0,4,15296.0,Completed
2024-06-11,Omar Farouk,user1@mail.com,Electronics,228.0,2,456.0,Refunded
2024-12-06,Huda Mansour,test.a@web.net,Groceries,903.0,9,8127.0,Pending
2024-02-16,Ali Hassan,yomna.dev@email.com,Books,1354.0,3,4062.0,Completed
2024-12-18,Zainab Tarek,test.a@web.net,Electronics,2282.0,9,20538.0,Pending
2024-07-08,Layla Mohamed,admin@tech.io,Office Supplies,3370.0,4,13480.0,Shipped
2024-11-24,Zainab Tarek,contact@service.org,Clothing,2514.0,5,12570.0,Completed
2024-04-11,Sara Ahmed,user1@mail.com,Groceries,4726.0,4,18904.0,Cancelled
2024-06-19,Marwan Khaled,contact@service.org,Clothing,4357.0,2,8714.0,Pending
2024-11-02,Omar Farouk,contact@service.org,Clothing,2699.0,4,10796.0,Refunded
2024-11-28,Zainab Tarek,test.a@web.net,Home Decor,3889.0,6,23334.0,Pending
2024-05-14,Mona Zaki,admin@tech.io,Home Decor,671.0,9,6039.0,Completed
2024-08-06,Huda Mansour,test.a@web.net,Office Supplies,4148.0,8,33184.0,Refunded
2024-07-01,Mona Zaki,user1@mail.com,Office Supplies,2129.0,1,2129.0,Cancelled
2024-09-05,Mona Zaki,sales@hub.com,Office Supplies,3912.0,2,7824.0,Completed
2024-09-16,Zainab Tarek,admin@tech.io,Home Decor,1303.0,1,1303.0,Pending
2024-07-19,Yomna Soror,user1@mail.com,Home Decor,502.0,1,502.0,Shipped
2024-06-13,Ali Hassan,info@market.eg,Clothing,4158.0,8,33264.0,Completed
2024-05-27,Ali Hassan,m.zaki@mail.com,Office Supplies,574.0,3,1722.0,Completed
2024-01-01,Ali Hassan,yomna.dev@email.com,Books,4994.0,7,34958.0,Pending
2024-12-17,Omar Farouk,test.a@web.net,Clothing,3008.0,9,27072.0,Shipped
2024-09-25,Yomna Soror,user1@mail.com,Books,2508.0,6,15048.0,Refunded
2024-03-19,Omar Farouk,contact@service.org,Books,3950.0,9,35550.0,Refunded
2024-01-01,Omar Farouk,sales@hub.com,Electronics,2555.0,9,22995.0,Refunded
2024-01-13,Mona Zaki,sales@hub.com,Groceries,2865.0,3,8595.0,Pending
2024-06-17,Mona Zaki,contact@service.org,Electronics,544.0,3,1632.0,Shipped
2024-01-14,Zainab Tarek,info@market.eg,Books,984.0,4,3936.0,Refunded
2024-07-16,Omar Farouk,contact@service.org,Books,1003.0,6,6018.0,Completed
2024-12-01,Yomna Soror,yomna.dev@email.com,Books,1888.0,10,18880.0,Pending
2024-02-20,Sara Ahmed,m.zaki@mail.com,Groceries,3295.0,8,26360.0,Refunded
2024-05-13,Ahmed Ali,user1@mail.com,Books,4656.0,9,41904.0,Pending
2024-06-28,Ali Hassan,m.zaki@mail.com,Office Supplies,815.0,5,4075.0,Refunded
2024-10-21,Ahmed Ali,contact@service.org,Office Supplies,1908.0,4,7632.0,Refunded
2024-04-21,Ali Hassan,contact@service.org,Home Decor,3631.0,1,3631.0,Pending
2024-06-16,Ahmed Ali,test.a@web.net,Clothing,1485.0,1,1485.0,Pending
2024-02-07,Omar Farouk,m.zaki@mail.com,Home Decor,2514.0,4,10056.0,Cancelled
2024-11-13,Huda Mansour,test.a@web.net,Home Decor,3610.0,2,7220.0,Cancelled
2024-07-05,Zainab Tarek,test.a@web.net,Clothing,2618.0,3,7854.0,Refunded
2024-03-08,Layla Mohamed,admin@tech.io,Home Decor,2436.0,3,7308.0,Cancelled
2024-06-02,Ali Hassan,info@market.eg,Home Decor,1794.0,7,12558.0,Shipped
2024-03-16,Ali Hassan,contact@service.org,Electronics,163.0,2,326.0,Completed
2024-12-04,Zainab Tarek,admin@tech.io,Groceries,3975.0,6,23850.0,Completed
2024-07-01,Mona Zaki,contact@service.org,Electronics,1438.0,1,1438.0,Shipped
2024-11-04,Ahmed Ali,info@market.eg,Clothing,2807.0,7,19649.0,Pending
2024-05-04,Huda Mansour,admin@tech.io,Groceries,4005.0,7,28035.0,Cancelled
2024-09-18,Ahmed Ali,admin@tech.io,Electronics,815.0,7,5705.0,Refunded
2024-06-12,Omar Farouk,admin@tech.io,Home Decor,2500.0,3,7500.0,Shipped
2024-10-15,Omar Farouk,sales@hub.com,Office Supplies,2818.0,3,8454.0,Refunded
2024-01-01,Omar Farouk,admin@tech.io,Home Decor,1651.0,1,1651.0,Refunded
2024-05-08,Layla Mohamed,info@market.eg,Office Supplies,3716.0,2,7432.0,Refunded
2024-04-15,Omar Farouk,test.a@web.net,Groceries,2505.0,5,12525.0,Shipped
2024-08-24,Marwan Khaled,contact@service.org,Clothing,3405.0,6,20430.0,Completed
2024-06-23,Yomna Soror,info@market.eg,Office Supplies,2566.0,2,5132.0,Shipped
2024-03-28,Sara Ahmed,m.zaki@mail.com,Office Supplies,4819.0,1,4819.0,Cancelled
2024-03-08,Ali Hassan,contact@service.org,Office Supplies,2698.0,7,18886.0,Cancelled
2024-11-28,Omar Farouk,info@market.eg,Electronics,1297.0,10,12970.0,Shipped
2024-12-04,Zainab Tarek,user1@mail.com,Books,4841.0,3,14523.0,Refunded
2024-02-06,Yomna Soror,user1@mail.com,Groceries,59.0,5,295.0,Completed
2024-11-10,Ali Hassan,info@market.eg,Home Decor,2672.0,8,21376.0,Cancelled
2024-09-01,Huda Mansour,user1@mail.com,Books,4979.0,5,24895.0,Completed
2024-08-10,Ahmed Ali,test.a@web.net,Home Decor,3193.0,8,25544.0,Cancelled
2024-04-10,Zainab Tarek,admin@tech.io,Groceries,3357.0,8,26856.0,Pending
2024-10-05,Sara Ahmed,sales@hub.com,Groceries,1098.0,3,3294.0,Shipped
2024-12-13,Layla Mohamed,info@market.eg,Books,2048.0,10,20480.0,Completed
2024-02-13,Marwan Khaled,info@market.eg,Office Supplies,4130.0,10,41300.0,Refunded
2024-08-10,Layla Mohamed,user1@mail.com,Home Decor,841.0,8,6728.0,Refunded
2024-06-01,Mona Zaki,info@market.eg,Books,1515.0,1,1515.0,Pending
2024-01-01,Omar Farouk,m.zaki@mail.com,Clothing,1737.0,8,13896.0,Refunded
2024-06-06,Yomna Soror,test.a@web.net,Electronics,1104.0,1,1104.0,Cancelled
2024-05-11,Mona Zaki,yomna.dev@email.com,Groceries,902.0,10,9020.0,Refunded
2024-01-01,Omar Farouk,yomna.dev@email.com,Home Decor,883.0,8,7064.0,Completed
2024-01-01,Zainab Tarek,m.zaki@mail.com,Books,2514.0,4,10056.0,Refunded
2024-02-23,Ahmed Ali,info@market.eg,Office Supplies,3984.0,4,15936.0,Shipped
2024-02-10,Mona Zaki,m.zaki@mail.com,Electronics,4026.0,10,40260.0,Completed
2024-06-03,Yomna Soror,sales@hub.com,Books,2019.0,2,4038.0,Pending
2024-04-25,Ali Hassan,contact@service.org,Groceries,4648.0,8,37184.0,Completed
2024-03-20,Marwan Khaled,contact@service.org,Books,3519.0,8,28152.0,Refunded
2024-03-18,Layla Mohamed,info@market.eg,Groceries,1224.0,2,2448.0,Completed
2024-06-27,Yomna Soror,sales@hub.com,Office Supplies,2781.0,10,27810.0,Refunded
2024-03-15,Layla Mohamed,user1@mail.com,Electronics,3588.0,8,28704.0,Pending
2024-11-18,Marwan Khaled,test.a@web.net,Clothing,2357.0,2,4714.0,Cancelled
2024-11-13,Ahmed Ali,info@market.eg,Office Supplies,2436.0,8,19488.0,Refunded
2024-12-23,Zainab Tarek,yomna.dev@email.com,Electronics,2502.0,2,5004.0,Cancelled
2024-02-14,Zainab Tarek,info@market.eg,Groceries,1105.0,10,11050.0,Refunded
2024-01-23,Ahmed Ali,user1@mail.com,Groceries,3884.0,3,11652.0,Shipped
2024-09-13,Huda Mansour,admin@tech.io,Electronics,3516.0,1,3516.0,Pending
2024-01-04,Huda Mansour,test.a@web.net,Clothing,2829.0,8,22632.0,Pending
2024-11-03,Layla Mohamed,test.a@web.net,Electronics,2313.0,2,4626.0,Pending
2024-07-27,Sara Ahmed,user1@mail.com,Office Supplies,3347.0,6,20082.0,Shipped
2024-08-14,Layla Mohamed,m.zaki@mail.com,Office Supplies,3493.0,4,13972.0,Refunded
2024-02-18,Zainab Tarek,info@market.eg,Home Decor,4399.0,6,26394.0,Refunded
2024-06-13,Zainab Tarek,admin@tech.io,Books,1152.0,6,6912.0,Refunded
2024-02-18,Marwan Khaled,contact@service.org,Groceries,3678.0,9,33102.0,Pending
2024-02-21,Ali Hassan,yomna.dev@email.com,Groceries,3132.0,3,9396.0,Completed
2024-10-19,Zainab Tarek,m.zaki@mail.com,Books,4920.0,5,24600.0,Pending
2024-10-27,Yomna Soror,contact@service.org,Groceries,4909.0,2,9818.0,Shipped
2024-01-03,Ali Hassan,sales@hub.com,Books,2978.0,4,11912.0,Shipped
2024-03-18,Zainab Tarek,info@market.eg,Electronics,895.0,10,8950.0,Completed
2024-06-15,Ali Hassan,admin@tech.io,Clothing,1241.0,6,7446.0,Cancelled
2024-11-13,Layla Mohamed,yomna.dev@email.com,Home Decor,4620.0,5,23100.0,Shipped
2024-12-18,Omar Farouk,m.zaki@mail.com,Home Decor,3742.0,1,3742.0,Cancelled
2024-03-21,Huda Mansour,info@market.eg,Office Supplies,2299.0,4,9196.0,Completed
2024-05-22,Mona Zaki,m.zaki@mail.com,Clothing,2054.0,4,8216.0,Pending
2024-04-08,Omar Farouk,user1@mail.com,Electronics,3182.0,5,15910.0,Shipped
2024-09-04,Yomna Soror,test.a@web.net,Electronics,4696.0,3,14088.0,Pending
2024-07-28,Mona Zaki,yomna.dev@email.com,Home Decor,3959.0,8,31672.0,Completed
2024-02-21,Mona Zaki,yomna.dev@email.com,Office Supplies,3236.0,3,9708.0,Refunded
2024-01-05,Sara Ahmed,contact@service.org,Books,1994.0,10,19940.0,Shipped
2024-06-16,Mona Zaki,sales@hub.com,Books,3923.0,3,11769.0,Completed
2024-06-08,Marwan Khaled,test.a@web.net,Groceries,4766.0,3,14298.0,Refunded
2024-01-13,Ahmed Ali,info@market.eg,Home Decor,1989.0,2,3978.0,Shipped
2024-10-14,Ali Hassan,test.a@web.net,Office Supplies,159.0,6,954.0,Completed
2024-01-18,Ali Hassan,sales@hub.com,Electronics,1606.0,3,4818.0,Refunded
2024-01-01,Sara Ahmed,yomna.dev@email.com,Books,4049.0,6,24294.0,Refunded
2024-05-19,Ali Hassan,m.zaki@mail.com,Home Decor,2528.0,1,2528.0,Pending
2024-06-14,Ali Hassan,user1@mail.com,Electronics,83.0,7,581.0,Cancelled
2024-03-24,Sara Ahmed,yomna.dev@email.com,Home Decor,2456.0,8,19648.0,Shipped
2024-05-25,Ali Hassan,contact@service.org,Clothing,1223.0,2,2446.0,Cancelled
2024-07-21,Ahmed Ali,user1@mail.com,Books,3294.0,6,19764.0,Cancelled
2024-01-09,Ahmed Ali,test.a@web.net,Office Supplies,2366.0,2,4732.0,Cancelled
2024-09-03,Sara Ahmed,user1@mail.com,Home Decor,4913.0,10,49130.0,Pending
2024-09-26,Ali Hassan,user1@mail.com,Groceries,3115.0,4,12460.0,Cancelled
2024-12-22,Omar Farouk,user1@mail.com,Groceries,2362.0,2,4724.0,Refunded
2024-09-11,Layla Mohamed,yomna.dev@email.com,Electronics,4096.0,9,36864.0,Refunded
2024-07-19,Zainab Tarek,test.a@web.net,Home Decor,4247.0,5,21235.0,Shipped
2024-06-27,Ahmed Ali,admin@tech.io,Office Supplies,2871.0,8,22968.0,Pending
2024-01-01,Layla Mohamed,yomna.dev@email.com,Books,4073.0,5,20365.0,Refunded
2024-12-22,Mona Zaki,m.zaki@mail.com,Clothing,1435.0,9,12915.0,Refunded
2024-06-12,Ali Hassan,test.a@web.net,Groceries,2989.0,2,5978.0,Pending
2024-04-21,Ali Hassan,admin@tech.io,Home Decor,2010.0,6,12060.0,Refunded
2024-01-15,Zainab Tarek,contact@service.org,Office Supplies,2947.0,6,17682.0,Completed
2024-11-19,Omar Farouk,contact@service.org,Office Supplies,318.0,5,1590.0,Pending
2024-04-13,Huda Mansour,test.a@web.net,Clothing,3882.0,3,11646.0,Shipped
2024-04-08,Marwan Khaled,yomna.dev@email.com,Books,4184.0,3,12552.0,Refunded
2024-02-09,Omar Farouk,admin@tech.io,Books,819.0,4,3276.0,Refunded
2024-02-10,Omar Farouk,contact@service.org,Office Supplies,3697.0,1,3697.0,Pending
2024-07-25,Sara Ahmed,m.zaki@mail.com,Office Supplies,673.0,3,2019.0,Completed
2024-01-01,Layla Mohamed,user1@mail.com,Groceries,1585.0,3,4755.0,Refunded
2024-02-18,Huda Mansour,user1@mail.com,Clothing,2575.0,5,12875.0,Completed
2024-06-23,Marwan Khaled,yomna.dev@email.com,Clothing,1123.0,10,11230.0,Pending
2024-08-26,Yomna Soror,yomna.dev@email.com,Clothing,386.0,9,3474.0,Cancelled
2024-09-11,Sara Ahmed,admin@tech.io,Electronics,4807.0,1,4807.0,Pending
2024-07-22,Zainab Tarek,user1@mail.com,Groceries,846.0,4,3384.0,Pending
2024-04-07,Mona Zaki,admin@tech.io,Electronics,2592.0,8,20736.0,Refunded
2024-08-05,Ahmed Ali,info@market.eg,Home Decor,1311.0,10,13110.0,Pending
2024-06-11,Zainab Tarek,yomna.dev@email.com,Home Decor,1376.0,6,8256.0,Pending
2024-09-24,Mona Zaki,contact@service.org,Clothing,3599.0,3,10797.0,Pending
2024-08-24,Huda Mansour,test.a@web.net,Electronics,4660.0,6,27960.0,Cancelled
2024-11-18,Layla Mohamed,contact@service.org,Home Decor,1757.0,8,14056.0,Shipped
2024-05-25,Ali Hassan,admin@tech.io,Groceries,3010.0,7,21070.0,Shipped
2024-12-01,Mona Zaki,sales@hub.com,Clothing,1465.0,10,14650.0,Shipped
2024-10-15,Layla Mohamed,yomna.dev@email.com,Office Supplies,1065.0,1,1065.0,Completed
2024-02-11,Sara Ahmed,info@market.eg,Office Supplies,689.0,1,689.0,Shipped
2024-11-20,Mona Zaki,info@market.eg,Groceries,3378.0,2,6756.0,Completed
2024-10-10,Ali Hassan,yomna.dev@email.com,Books,1904.0,1,1904.0,Shipped
2024-09-10,Mona Zaki,info@market.eg,Groceries,2166.0,7,15162.0,Cancelled
2024-04-25,Omar Farouk,test.a@web.net,Books,2875.0,9,25875.0,Refunded
2024-11-13,Marwan Khaled,contact@service.org,Electronics,3798.0,8,30384.0,Cancelled
2024-05-06,Huda Mansour,yomna.dev@email.com,Books,4464.0,6,26784.0,Completed
2024-04-19,Ali Hassan,admin@tech.io,Books,465.0,6,2790.0,Completed
2024-07-03,Sara Ahmed,yomna.dev@email.com,Books,1093.0,5,5465.0,Completed
2024-01-02,Ahmed Ali,sales@hub.com,Books,1030.0,8,8240.0,Shipped
2024-08-28,Yomna Soror,yomna.dev@email.com,Home Decor,2219.0,2,4438.0,Cancelled
2024-12-05,Ahmed Ali,user1@mail.com,Electronics,3737.0,4,14948.0,Shipped
2024-09-20,Omar Farouk,yomna.dev@email.com,Books,1685.0,1,1685.0,Cancelled
2024-09-05,Sara Ahmed,,Home Decor,351.0,4,1404.0,Refunded
2024-09-09,Ahmed Ali,m.zaki@mail.com,Clothing,2058.0,6,12348.0,Cancelled
2024-07-13,Layla Mohamed,test.a@web.net,Groceries,4903.0,4,19612.0,Shipped
2024-04-18,Ahmed Ali,contact@service.org,Books,546.0,4,2184.0,Refunded
2024-08-15,Huda Mansour,contact@service.org,Home Decor,4610.0,9,41490.0,Cancelled
2024-05-10,Layla Mohamed,contact@service.org,Home Decor,3488.0,7,24416.0,Pending
2024-04-15,Ahmed Ali,m.zaki@mail.com,Groceries,4916.0,9,44244.0,Cancelled
2024-08-12,Mona Zaki,user1@mail.com,Groceries,4870.0,5,24350.0,Completed
2024-01-19,Huda Mansour,admin@tech.io,Electronics,2514.0,5,12570.0,Pending
2024-11-04,Huda Mansour,admin@tech.io,Home Decor,4918.0,8,39344.0,Shipped
2024-03-05,Ali Hassan,test.a@web.net,Books,2501.0,6,15006.0,Completed
2024-02-15,Mona Zaki,test.a@web.net,Office Supplies,473.0,8,3784.0,Shipped
2024-08-22,Ahmed Ali,sales@hub.com,Home Decor,3672.0,2,7344.0,Cancelled
2024-09-18,Zainab Tarek,user1@mail.com,Office Supplies,4238.0,9,38142.0,Shipped
2024-06-05,Sara Ahmed,test.a@web.net,Groceries,1702.0,8,13616.0,Completed
2024-08-08,Mona Zaki,m.zaki@mail.com,Electronics,3347.0,5,16735.0,Shipped
2024-07-13,Ahmed Ali,info@market.eg,Books,549.0,6,3294.0,Refunded
2024-01-01,Omar Farouk,test.a@web.net,Office Supplies,328.0,1,328.0,Shipped
2024-12-01,Zainab Tarek,yomna.dev@email.com,Clothing,2425.0,3,7275.0,Completed
2024-02-22,Omar Farouk,sales@hub.com,Groceries,544.0,3,1632.0,Pending
2024-11-27,Omar Farouk,yomna.dev@email.com,Home Decor,4100.0,10,41000.0,Cancelled
2024-03-14,Zainab Tarek,info@market.eg,Electronics,2508.0,3,7524.0,Completed
2024-01-14,Yomna Soror,yomna.dev@email.com,Electronics,2059.0,5,10295.0,Completed
2024-12-24,Omar Farouk,,Office Supplies,1307.0,7,9149.0,Completed
2024-05-09,Sara Ahmed,admin@tech.io,Office Supplies,715.0,8,5720.0,Pending
2024-01-26,Zainab Tarek,sales@hub.com,Books,1473.0,10,14730.0,Cancelled
2024-06-05,Layla Mohamed,contact@service.org,Clothing,454.0,10,4540.0,Pending
2024-11-21,Ali Hassan,info@market.eg,Books,3229.0,4,12916.0,Pending
2024-10-18,Huda Mansour,m.zaki@mail.com,Office Supplies,3408.0,5,17040.0,Cancelled
2024-04-28,Mona Zaki,yomna.dev@email.com,Books,362.0,9,3258.0,Pending
2024-03-25,Zainab Tarek,yomna.dev@email.com,Clothing,1473.0,6,8838.0,Refunded
2024-05-21,Huda Mansour,test.a@web.net,Electronics,1409.0,4,5636.0,Pending
2024-05-15,Zainab Tarek,user1@mail.com,Home Decor,3130.0,4,12520.0,Refunded
2024-11-09,Ahmed Ali,admin@tech.io,Home Decor,4764.0,9,42876.0,Cancelled
2024-07-15,Yomna Soror,test.a@web.net,Books,4249.0,2,8498.0,Cancelled
2024-11-19,Zainab Tarek,info@market.eg,Books,3743.0,5,18715.0,Pending
2024-09-22,Marwan Khaled,user1@mail.com,Home Decor,166.0,10,1660.0,Refunded
2024-09-18,Marwan Khaled,test.a@web.net,Books,3806.0,6,22836.0,Completed
2024-06-27,Ali Hassan,m.zaki@mail.com,Books,2853.0,6,17118.0,Refunded
2024-09-15,Ali Hassan,admin@tech.io,Groceries,2435.0,6,14610.0,Completed
2024-04-12,Layla Mohamed,user1@mail.com,Books,503.0,1,503.0,Shipped
2024-03-11,Layla Mohamed,user1@mail.com,Electronics,1386.0,2,2772.0,Cancelled
2024-01-28,Layla Mohamed,user1@mail.com,Books,4800.0,7,33600.0,Completed
2024-11-08,Yomna Soror,user1@mail.com,Office Supplies,210.0,9,1890.0,Pending
2024-12-04,Huda Mansour,info@market.eg,Clothing,902.0,9,8118.0,Shipped
2024-09-23,Sara Ahmed,admin@tech.io,Clothing,1291.0,3,3873.0,Refunded
2024-03-16,Layla Mohamed,user1@mail.com,Office Supplies,2400.0,10,24000.0,Completed
2024-04-08,Yomna Soror,sales@hub.com,Groceries,4393.0,5,21965.0,Pending
2024-04-28,Layla Mohamed,sales@hub.com,Groceries,2741.0,9,24669.0,Pending
2024-09-10,Omar Farouk,test.a@web.net,Books,2199.0,2,4398.0,Cancelled
2024-02-01,Ali Hassan,yomna.dev@email.com,Groceries,4904.0,6,29424.0,Cancelled
2024-12-09,Sara Ahmed,test.a@web.net,Home Decor,4352.0,8,34816.0,Refunded
2024-07-14,Zainab Tarek,m.zaki@mail.com,Electronics,2461.0,7,17227.0,Refunded
2024-07-13,Marwan Khaled,test.a@web.net,Office Supplies,866.0,10,8660.0,Cancelled
2024-05-12,Huda Mansour,info@market.eg,Groceries,4547.0,5,22735.0,Pending
2024-07-19,Sara Ahmed,m.zaki@mail.com,Home Decor,1674.0,8,13392.0,Pending
2024-03-24,Layla Mohamed,yomna.dev@email.com,Groceries,2607.0,8,20856.0,Shipped
2024-10-23,Huda Mansour,info@market.eg,Home Decor,2105.0,10,21050.0,Pending
2024-05-11,Omar Farouk,test.a@web.net,Groceries,4379.0,4,17516.0,Completed
2024-11-10,Marwan Khaled,contact@service.org,Office Supplies,4771.0,1,4771.0,Shipped
2024-03-16,Omar Farouk,yomna.dev@email.com,Groceries,3797.0,6,22782.0,Shipped
2024-06-07,Mona Zaki,info@market.eg,Groceries,324.0,8,2592.0,Shipped
2024-04-10,Omar Farouk,m.zaki@mail.com,Electronics,3214.0,1,3214.0,Pending
2024-04-12,Ahmed Ali,sales@hub.com,Clothing,3769.0,3,11307.0,Completed
2024-10-07,Omar Farouk,contact@service.org,Books,3809.0,8,30472.0,Shipped
2024-07-10,Sara Ahmed,sales@hub.com,Electronics,3902.0,1,3902.0,Pending
2024-08-24,Ali Hassan,test.a@web.net,Electronics,1321.0,9,11889.0,Pending
2024-02-23,Ali Hassan,yomna.dev@email.com,Home Decor,2483.0,1,2483.0,Pending
2024-05-10,Huda Mansour,admin@tech.io,Books,1017.0,6,6102.0,Cancelled
2024-06-25,Zainab Tarek,test.a@web.net,Books,2261.0,8,18088.0,Refunded
2024-12-26,Sara Ahmed,user1@mail.com,Home Decor,2602.0,4,10408.0,Cancelled
2024-09-20,Marwan Khaled,m.zaki@mail.com,Electronics,938.0,3,2814.0,Shipped
2024-10-06,Huda Mansour,test.a@web.net,Electronics,217.0,3,651.0,Completed
2024-10-21,Mona Zaki,user1@mail.com,Electronics,474.0,4,1896.0,Completed
2024-01-07,Ahmed Ali,contact@service.org,Electronics,233.0,5,1165.0,Shipped
2024-08-26,Ahmed Ali,contact@service.org,Home Decor,1394.0,2,2788.0,Pending
2024-01-18,Zainab Tarek,info@market.eg,Office Supplies,1946.0,7,13622.0,Completed
2024-06-01,Zainab Tarek,info@market.eg,Electronics,1864.0,3,5592.0,Cancelled
2024-08-07,Omar Farouk,admin@tech.io,Home Decor,1167.0,9,10503.0,Pending
2024-12-06,Omar Farouk,m.zaki@mail.com,Electronics,2376.0,1,2376.0,Shipped
2024-06-27,Ali Hassan,user1@mail.com,Home Decor,2688.0,8,21504.0,Refunded
2024-06-19,Sara Ahmed,sales@hub.com,Electronics,3248.0,7,22736.0,Pending
2024-01-23,Ali Hassan,yomna.dev@email.com,Office Supplies,1476.0,9,13284.0,Refunded
2024-11-04,Yomna Soror,yomna.dev@email.com,Office Supplies,4700.0,5,23500.0,Completed
2024-07-06,Yomna Soror,test.a@web.net,Clothing,4914.0,3,14742.0,Cancelled
2024-06-14,Huda Mansour,user1@mail.com,Clothing,3121.0,7,21847.0,Cancelled
2024-02-28,Marwan Khaled,contact@service.org,Electronics,4043.0,7,28301.0,Shipped
2024-06-17,Mona Zaki,user1@mail.com,Office Supplies,2395.0,5,11975.0,Completed
2024-03-08,Marwan Khaled,info@market.eg,Electronics,566.0,8,4528.0,Completed
2024-08-20,Sara Ahmed,sales@hub.com,Office Supplies,2323.0,6,13938.0,Cancelled
2024-01-08,Yomna Soror,info@market.eg,Office Supplies,1559.0,7,10913.0,Shipped
2024-09-25,Ahmed Ali,test.a@web.net,Clothing,748.0,6,4488.0,Completed
2024-09-06,Sara Ahmed,info@market.eg,Home Decor,1470.0,6,8820.0,Cancelled
2024-01-21,Omar Farouk,test.a@web.net,Office Supplies,4013.0,6,24078.0,Completed
2024-04-10,Zainab Tarek,sales@hub.com,Clothing,542.0,10,5420.0,Pending
2024-10-18,Yomna Soror,contact@service.org,Electronics,1904.0,6,11424.0,Pending
2024-09-02,Mona Zaki,user1@mail.com,Office Supplies,4379.0,6,26274.0,Refunded
2024-04-13,Ali Hassan,admin@tech.io,Office Supplies,4964.0,6,29784.0,Cancelled
2024-05-03,Ahmed Ali,m.zaki@mail.com,Books,2935.0,6,17610.0,Pending
2024-05-22,Omar Farouk,m.zaki@mail.com,Electronics,3887.0,1,3887.0,Completed
2024-12-21,Marwan Khaled,contact@service.org,Groceries,4891.0,4,19564.0,Cancelled
2024-03-16,Huda Mansour,m.zaki@mail.com,Clothing,304.0,9,2736.0,Shipped
2024-07-23,Yomna Soror,sales@hub.com,Clothing,3457.0,3,10371.0,Refunded
2024-11-20,Layla Mohamed,info@market.eg,Groceries,4974.0,1,4974.0,Shipped
2024-07-04,Layla Mohamed,sales@hub.com,Electronics,3201.0,8,25608.0,Refunded
2024-02-22,Huda Mansour,contact@service.org,Electronics,1092.0,2,2184.0,Refunded
2024-02-07,Ali Hassan,yomna.dev@email.com,Home Decor,938.0,3,2814.0,Pending
2024-01-04,Zainab Tarek,sales@hub.com,Electronics,3993.0,10,39930.0,Shipped
2024-08-03,Huda Mansour,m.zaki@mail.com,Electronics,4745.0,1,4745.0,Shipped
2024-10-03,Sara Ahmed,m.zaki@mail.com,Electronics,1842.0,4,7368.0,Pending
2024-06-18,Marwan Khaled,test.a@web.net,Books,2514.0,6,15084.0,Pending
2024-08-14,Layla Mohamed,m.zaki@mail.com,Home Decor,4342.0,6,26052.0,Pending
2024-10-13,Omar Farouk,admin@tech.io,Books,1838.0,8,14704.0,Shipped
2024-08-02,Sara Ahmed,yomna.dev@email.com,Clothing,4443.0,9,39987.0,Cancelled
2024-05-15,Zainab Tarek,admin@tech.io,Clothing,822.0,5,4110.0,Shipped
2024-03-12,Mona Zaki,admin@tech.io,Groceries,430.0,2,860.0,Completed
2024-03-08,Omar Farouk,contact@service.org,Office Supplies,476.0,3,1428.0,Completed
2024-10-19,Mona Zaki,m.zaki@mail.com,Electronics,4750.0,9,42750.0,Pending
2024-03-08,Sara Ahmed,contact@service.org,Groceries,935.0,5,4675.0,Cancelled
2024-10-14,Zainab Tarek,contact@service.org,Office Supplies,3841.0,6,23046.0,Cancelled
2024-03-26,Omar Farouk,contact@service.org,Books,678.0,10,6780.0,Cancelled
2024-02-27,Huda Mansour,yomna.dev@email.com,Home Decor,1802.0,3,5406.0,Completed
2024-03-22,Ahmed Ali,user1@mail.com,Groceries,2657.0,5,13285.0,Pending
2024-04-21,Yomna Soror,info@market.eg,Books,3552.0,4,14208.0,Cancelled
2024-04-10,Omar Farouk,sales@hub.com,Office Supplies,351.0,10,3510.0,Shipped
2024-09-09,Ahmed Ali,info@market.eg,Office Supplies,526.0,3,1578.0,Refunded
2024-08-04,Ahmed Ali,info@market.eg,Home Decor,2653.0,4,10612.0,Cancelled
2024-03-12,Huda Mansour,sales@hub.com,Clothing,4056.0,5,20280.0,Pending
2024-09-11,Ali Hassan,sales@hub.com,Books,3685.0,4,14740.0,Cancelled
2024-11-16,Mona Zaki,contact@service.org,Books,133.0,8,1064.0,Completed
2024-09-06,Huda Mansour,sales@hub.com,Books,4254.0,1,4254.0,Shipped
2024-09-19,Zainab Tarek,m.zaki@mail.com,Clothing,567.0,5,2835.0,Shipped
2024-07-21,Zainab Tarek,contact@service.org,Electronics,1256.0,7,8792.0,Cancelled
2024-05-26,Marwan Khaled,yomna.dev@email.com,Books,4036.0,9,36324.0,Cancelled
2024-04-19,Ahmed Ali,yomna.dev@email.com,Electronics,4084.0,6,24504.0,Completed
2024-05-27,Ahmed Ali,test.a@web.net,Electronics,1486.0,5,7430.0,Refunded
2024-09-05,Yomna Soror,yomna.dev@email.com,Clothing,418.0,10,4180.0,Completed
2024-02-14,Omar Farouk,sales@hub.com,Office Supplies,3309.0,8,26472.0,Pending
2024-04-08,Omar Farouk,admin@tech.io,Groceries,3238.0,3,9714.0,Shipped
2024-10-19,Layla Mohamed,info@market.eg,Groceries,1082.0,9,9738.0,Cancelled
2024-04-21,Sara Ahmed,m.zaki@mail.com,Clothing,1852.0,10,18520.0,Cancelled
2024-03-01,Ali Hassan,yomna.dev@email.com,Home Decor,3600.0,3,10800.0,Shipped
2024-03-22,Marwan Khaled,yomna.dev@email.com,Books,4788.0,10,47880.0,Pending
2024-08-15,Yomna Soror,yomna.dev@email.com,Office Supplies,1007.0,9,9063.0,Cancelled
2024-03-22,Zainab Tarek,test.a@web.net,Home Decor,3612.0,2,7224.0,Pending
2024-08-13,Sara Ahmed,m.zaki@mail.com,Home Decor,277.0,6,1662.0,Pending
2024-02-16,Sara Ahmed,contact@service.org,Books,134.0,10,1340.0,Pending
2024-02-27,Sara Ahmed,yomna.dev@email.com,Clothing,4621.0,9,41589.0,Refunded
2024-02-02,Omar Farouk,yomna.dev@email.com,Home Decor,3130.0,9,28170.0,Pending
2024-04-23,Huda Mansour,yomna.dev@email.com,Clothing,3604.0,7,25228.0,Pending
2024-02-02,Ali Hassan,info@market.eg,Electronics,4920.0,7,34440.0,Completed
2024-04-04,Yomna Soror,user1@mail.com,Groceries,4019.0,7,28133.0,Refunded
2024-10-11,Mona Zaki,sales@hub.com,Office Supplies,984.0,7,6888.0,Completed
2024-08-19,Zainab Tarek,contact@service.org,Office Supplies,1232.0,5,6160.0,Pending
2024-08-16,Sara Ahmed,admin@tech.io,Home Decor,2866.0,9,25794.0,Refunded
2024-12-28,Ahmed Ali,info@market.eg,Groceries,1859.0,6,11154.0,Completed
2024-01-27,Marwan Khaled,admin@tech.io,Groceries,3347.0,1,3347.0,Shipped
2024-09-06,Huda Mansour,m.zaki@mail.com,Home Decor,814.0,6,4884.0,Refunded
2024-11-21,Huda Mansour,yomna.dev@email.com,Books,2514.0,4,10056.0,Refunded
2024-03-04,Huda Mansour,sales@hub.com,Groceries,1677.0,10,16770.0,Pending
2024-04-26,Yomna Soror,sales@hub.com,Home Decor,697.0,2,1394.0,Cancelled
2024-10-22,Layla Mohamed,admin@tech.io,Office Supplies,1175.0,6,7050.0,Refunded
2024-08-03,Yomna Soror,contact@service.org,Books,1574.0,4,6296.0,Refunded
2024-01-18,Huda Mansour,yomna.dev@email.com,Office Supplies,2514.0,3,7542.0,Cancelled
2024-10-01,Huda Mansour,admin@tech.io,Books,365.0,3,1095.0,Shipped
2024-11-24,Sara Ahmed,test.a@web.net,Clothing,3756.0,5,18780.0,Shipped
2024-01-03,Sara Ahmed,admin@tech.io,Books,917.0,3,2751.0,Completed
2024-08-11,Zainab Tarek,test.a@web.net,Clothing,4222.0,9,37998.0,Refunded
2024-04-26,Ali Hassan,info@market.eg,Groceries,4325.0,2,8650.0,Pending
2024-08-12,Ali Hassan,contact@service.org,Groceries,2916.0,8,23328.0,Shipped
2024-06-28,Marwan Khaled,info@market.eg,Home Decor,2908.0,1,2908.0,Refunded
2024-10-25,Sara Ahmed,user1@mail.com,Books,4305.0,8,34440.0,Pending
2024-04-01,Huda Mansour,admin@tech.io,Clothing,2503.0,1,2503.0,Pending
2024-06-18,Zainab Tarek,m.zaki@mail.com,Home Decor,1951.0,6,11706.0,Cancelled
2024-10-17,Mona Zaki,sales@hub.com,Clothing,1619.0,4,6476.0,Shipped
2024-12-14,Ahmed Ali,admin@tech.io,Books,3926.0,6,23556.0,Cancelled
2024-07-10,Ahmed Ali,yomna.dev@email.com,Clothing,4801.0,3,14403.0,Cancelled
2024-12-09,Ahmed Ali,contact@service.org,Home Decor,3289.0,6,19734.0,Shipped
2024-09-17,Marwan Khaled,contact@service.org,Books,1810.0,1,1810.0,Completed
2024-05-24,Marwan Khaled,info@market.eg,Office Supplies,441.0,4,1764.0,Shipped
2024-02-19,Ali Hassan,admin@tech.io,Clothing,524.0,2,1048.0,Completed
2024-10-28,Marwan Khaled,sales@hub.com,Home Decor,3047.0,3,9141.0,Pending
2024-11-13,Ahmed Ali,user1@mail.com,Clothing,4709.0,7,32963.0,Shipped
2024-05-09,Ali Hassan,test.a@web.net,Clothing,4689.0,3,14067.0,Completed
2024-10-13,Marwan Khaled,m.zaki@mail.com,Clothing,1597.0,6,9582.0,Cancelled
2024-12-05,Omar Farouk,sales@hub.com,Clothing,3489.0,10,34890.0,Completed
2024-12-09,Mona Zaki,m.zaki@mail.com,Books,212.0,3,636.0,Cancelled
2024-02-11,Yomna Soror,m.zaki@mail.com,Home Decor,1387.0,6,8322.0,Shipped
2024-10-01,Yomna Soror,info@market.eg,Groceries,2459.0,7,17213.0,Shipped
2024-09-02,Layla Mohamed,info@market.eg,Books,849.0,7,5943.0,Completed
2024-01-12,Zainab Tarek,info@market.eg,Clothing,4622.0,2,9244.0,Completed
2024-01-19,Ali Hassan,m.zaki@mail.com,Clothing,428.0,9,3852.0,Cancelled
2024-08-19,Marwan Khaled,user1@mail.com,Home Decor,1752.0,2,3504.0,Pending
2024-08-12,Yomna Soror,m.zaki@mail.com,Office Supplies,808.0,3,2424.0,Refunded
2024-02-19,Layla Mohamed,user1@mail.com,Groceries,4042.0,2,8084.0,Pending
2024-06-27,Ali Hassan,sales@hub.com,Clothing,4308.0,1,4308.0,Cancelled
2024-12-12,Marwan Khaled,admin@tech.io,Books,1102.0,10,11020.0,Pending
2024-02-14,Omar Farouk,admin@tech.io,Books,321.0,2,642.0,Shipped
2024-10-28,Layla Mohamed,user1@mail.com,Clothing,1465.0,3,4395.0,Cancelled
2024-07-13,Ahmed Ali,contact@service.org,Office Supplies,1407.0,3,4221.0,Refunded
2024-04-07,Layla Mohamed,m.zaki@mail.com,Office Supplies,4499.0,1,4499.0,Cancelled
2024-01-25,Yomna Soror,m.zaki@mail.com,Groceries,1978.0,8,15824.0,Completed
2024-07-05,Ali Hassan,m.zaki@mail.com,Home Decor,3040.0,7,21280.0,Completed
2024-04-09,Layla Mohamed,sales@hub.com,Groceries,3806.0,3,11418.0,Pending
2024-11-06,Yomna Soror,info@market.eg,Clothing,2558.0,3,7674.0,Shipped
2024-11-27,Sara Ahmed,info@market.eg,Office Supplies,1144.0,10,11440.0,Cancelled
2024-03-11,Zainab Tarek,admin@tech.io,Office Supplies,2514.0,5,12570.0,Refunded
2024-01-08,Huda Mansour,test.a@web.net,Groceries,496.0,2,992.0,Cancelled
2024-12-19,Zainab Tarek,yomna.dev@email.com,Groceries,2183.0,6,13098.0,Shipped
2024-12-27,Ahmed Ali,admin@tech.io,Home Decor,3425.0,4,13700.0,Shipped
2024-03-25,Marwan Khaled,test.a@web.net,Books,3248.0,10,32480.0,Refunded
2024-06-05,Marwan Khaled,sales@hub.com,Home Decor,1440.0,8,11520.0,Completed
2024-02-15,Omar Farouk,info@market.eg,Office Supplies,3906.0,5,19530.0,Pending
2024-01-01,Marwan Khaled,m.zaki@mail.com,Clothing,1712.0,1,1712.0,Pending
2024-02-11,Zainab Tarek,sales@hub.com,Home Decor,330.0,10,3300.0,Pending
2024-03-04,Ahmed Ali,m.zaki@mail.com,Home Decor,2656.0,4,10624.0,Pending
2024-03-14,Layla Mohamed,sales@hub.com,Office Supplies,2243.0,7,15701.0,Shipped
2024-07-22,Ahmed Ali,sales@hub.com,Electronics,4704.0,3,14112.0,Refunded
2024-01-01,Huda Mansour,sales@hub.com,Electronics,4311.0,4,17244.0,Cancelled
2024-07-09,Layla Mohamed,user1@mail.com,Clothing,2832.0,2,5664.0,Pending
2024-05-20,Zainab Tarek,info@market.eg,Books,986.0,4,3944.0,Pending
2024-06-25,Ahmed Ali,info@market.eg,Groceries,955.0,8,7640.0,Cancelled
2024-12-10,Layla Mohamed,contact@service.org,Home Decor,1850.0,7,12950.0,Completed
2024-02-02,Zainab Tarek,test.a@web.net,Home Decor,1976.0,3,5928.0,Cancelled
2024-10-23,Ali Hassan,m.zaki@mail.com,Groceries,4549.0,4,18196.0,Completed
2024-05-05,Ahmed Ali,m.zaki@mail.com,Electronics,4345.0,2,8690.0,Shipped
2024-10-22,Ali Hassan,yomna.dev@email.com,Electronics,2938.0,1,2938.0,Pending
2024-03-07,Huda Mansour,info@market.eg,Groceries,1719.0,5,8595.0,Completed
2024-07-27,Yomna Soror,test.a@web.net,Books,2139.0,7,14973.0,Completed
2024-04-28,Mona Zaki,yomna.dev@email.com,Clothing,4032.0,5,20160.0,Shipped
2024-01-01,Mona Zaki,m.zaki@mail.com,Groceries,4278.0,5,21390.0,Shipped
2024-04-02,Huda Mansour,m.zaki@mail.com,Clothing,436.0,10,4360.0,Refunded
2024-03-11,Ali Hassan,contact@service.org,Groceries,1608.0,4,6432.0,Refunded
2024-04-08,Ali Hassan,info@market.eg,Groceries,3953.0,6,23718.0,Completed
2024-07-11,Yomna Soror,contact@service.org,Electronics,1603.0,5,8015.0,Cancelled
2024-01-15,Marwan Khaled,yomna.dev@email.com,Office Supplies,790.0,8,6320.0,Shipped
2024-12-15,Huda Mansour,user1@mail.com,Electronics,2571.0,3,7713.0,Cancelled
2024-09-06,Ali Hassan,contact@service.org,Groceries,2865.0,7,20055.0,Pending
2024-05-12,Mona Zaki,contact@service.org,Home Decor,3286.0,6,19716.0,Refunded
2024-10-23,Ali Hassan,m.zaki@mail.com,Groceries,492.0,5,2460.0,Refunded
2024-09-10,Sara Ahmed,info@market.eg,Clothing,2909.0,10,29090.0,Shipped
2024-12-21,Ali Hassan,yomna.dev@email.com,Groceries,1563.0,6,9378.0,Shipped
2024-11-01,Mona Zaki,m.zaki@mail.com,Books,4558.0,4,18232.0,Cancelled
2024-01-10,Huda Mansour,m.zaki@mail.com,Home Decor,3007.0,9,27063.0,Refunded
2024-02-19,Yomna Soror,info@market.eg,Groceries,1502.0,10,15020.0,Completed
2024-10-21,Omar Farouk,yomna.dev@email.com,Electronics,3499.0,3,10497.0,Shipped
2024-10-17,Mona Zaki,sales@hub.com,Home Decor,359.0,8,2872.0,Pending
2024-08-16,Marwan Khaled,user1@mail.com,Groceries,1393.0,1,1393.0,Pending
2024-06-05,Layla Mohamed,m.zaki@mail.com,Groceries,508.0,8,4064.0,Completed
2024-02-08,Yomna Soror,info@market.eg,Books,2187.0,7,15309.0,Completed
2024-08-25,Omar Farouk,test.a@web.net,Groceries,2660.0,4,10640.0,Refunded
2024-08-03,Mona Zaki,contact@service.org,Home Decor,4572.0,10,45720.0,Pending
2024-09-28,Ahmed Ali,user1@mail.com,Electronics,1100.0,10,11000.0,Pending
2024-11-10,Zainab Tarek,m.zaki@mail.com,Books,4195.0,3,12585.0,Shipped
2024-06-27,Ahmed Ali,sales@hub.com,Books,4386.0,6,26316.0,Refunded
2024-11-26,Ali Hassan,yomna.dev@email.com,Clothing,499.0,3,1497.0,Completed
2024-09-18,Mona Zaki,m.zaki@mail.com,Home Decor,1286.0,4,5144.0,Pending
2024-12-18,Huda Mansour,m.zaki@mail.com,Groceries,758.0,9,6822.0,Completed
2024-04-08,Layla Mohamed,m.zaki@mail.com,Groceries,4153.0,1,4153.0,Shipped
2024-11-23,Marwan Khaled,info@market.eg,Office Supplies,1203.0,7,8421.0,Completed
2024-04-26,Yomna Soror,user1@mail.com,Office Supplies,252.0,7,1764.0,Completed
2024-12-12,Yomna Soror,yomna.dev@email.com,Books,3934.0,3,11802.0,Cancelled
2024-05-08,Huda Mansour,yomna.dev@email.com,Groceries,1232.0,5,6160.0,Refunded
2024-06-02,Zainab Tarek,admin@tech.io,Electronics,3746.0,9,33714.0,Cancelled
2024-10-26,Marwan Khaled,sales@hub.com,Books,838.0,1,838.0,Refunded
2024-04-07,Yomna Soror,contact@service.org,Clothing,535.0,7,3745.0,Shipped
2024-02-05,Sara Ahmed,admin@tech.io,Books,1332.0,5,6660.0,Completed
2024-07-15,Ali Hassan,m.zaki@mail.com,Home Decor,429.0,3,1287.0,Cancelled
2024-10-18,Layla Mohamed,sales@hub.com,Electronics,3902.0,7,27314.0,Refunded
2024-01-18,Mona Zaki,m.zaki@mail.com,Groceries,1800.0,3,5400.0,Refunded
2024-10-18,Mona Zaki,yomna.dev@email.com,Books,1765.0,1,1765.0,Pending
2024-06-06,Yomna Soror,admin@tech.io,Groceries,4003.0,4,16012.0,Shipped
2024-02-14,Omar Farouk,m.zaki@mail.com,Electronics,1360.0,8,10880.0,Shipped
2024-06-26,Omar Farouk,m.zaki@mail.com,Groceries,2823.0,2,5646.0,Pending
2024-07-03,Marwan Khaled,yomna.dev@email.com,Office Supplies,2357.0,7,16499.0,Refunded
2024-03-05,Yomna Soror,contact@service.org,Groceries,947.0,6,5682.0,Refunded
2024-11-28,Zainab Tarek,admin@tech.io,Home Decor,2342.0,7,16394.0,Cancelled
2024-02-09,Marwan Khaled,info@market.eg,Electronics,1372.0,2,2744.0,Completed
2024-11-09,Ali Hassan,m.zaki@mail.com,Books,3182.0,2,6364.0,Shipped
2024-01-26,Yomna Soror,test.a@web.net,Groceries,3929.0,5,19645.0,Pending
2024-11-16,Sara Ahmed,info@market.eg,Books,2102.0,5,10510.0,Shipped
2024-12-23,Sara Ahmed,sales@hub.com,Books,3759.0,9,33831.0,Completed
2024-07-25,Sara Ahmed,test.a@web.net,Home Decor,1133.0,4,4532.0,Completed
2024-04-11,Omar Farouk,test.a@web.net,Office Supplies,97.0,3,291.0,Pending
2024-11-19,Sara Ahmed,info@market.eg,Electronics,1295.0,5,6475.0,Pending
2024-04-23,Zainab Tarek,test.a@web.net,Clothing,2693.0,6,16158.0,Cancelled
2024-10-05,Omar Farouk,contact@service.org,Office Supplies,4114.0,10,41140.0,Refunded
2024-04-10,Omar Farouk,sales@hub.com,Office Supplies,2958.0,3,8874.0,Refunded
2024-07-08,Huda Mansour,test.a@web.net,Office Supplies,276.0,7,1932.0,Cancelled
2024-03-11,Huda Mansour,yomna.dev@email.com,Electronics,1812.0,2,3624.0,Completed
2024-04-15,Ali Hassan,sales@hub.com,Office Supplies,2244.0,9,20196.0,Refunded
2024-08-26,Sara Ahmed,m.zaki@mail.com,Office Supplies,3427.0,3,10281.0,Pending
2024-12-28,Huda Mansour,test.a@web.net,Home Decor,1011.0,2,2022.0,Cancelled
2024-06-17,Omar Farouk,test.a@web.net,Office Supplies,4076.0,5,20380.0,Pending
2024-07-06,Ahmed Ali,contact@service.org,Books,3127.0,3,9381.0,Refunded
2024-08-19,Yomna Soror,admin@tech.io,Home Decor,4938.0,4,19752.0,Completed
2024-10-07,Huda Mansour,yomna.dev@email.com,Groceries,3486.0,3,10458.0,Pending
2024-03-05,Layla Mohamed,test.a@web.net,Books,108.0,1,108.0,Pending
2024-09-16,Yomna Soror,test.a@web.net,Clothing,3640.0,10,36400.0,Pending
2024-02-08,Ahmed Ali,sales@hub.com,Books,3335.0,8,26680.0,Shipped
2024-04-04,Sara Ahmed,admin@tech.io,Electronics,4476.0,5,22380.0,Pending
2024-08-09,Huda Mansour,yomna.dev@email.com,Groceries,3043.0,2,6086.0,Refunded
2024-06-13,Yomna Soror,sales@hub.com,Groceries,3767.0,8,30136.0,Pending
2024-08-25,Ahmed Ali,m.zaki@mail.com,Electronics,3339.0,2,6678.0,Pending
2024-10-04,Ahmed Ali,info@market.eg,Clothing,828.0,9,7452.0,Cancelled
2024-02-19,Zainab Tarek,contact@service.org,Books,4438.0,6,26628.0,Shipped
2024-11-24,Ali Hassan,sales@hub.com,Books,4010.0,10,40100.0,Pending
2024-06-26,Yomna Soror,info@market.eg,Electronics,3829.0,7,26803.0,Cancelled
2024-08-18,Sara Ahmed,test.a@web.net,Office Supplies,1432.0,8,11456.0,Refunded
2024-06-26,Sara Ahmed,admin@tech.io,Books,1446.0,7,10122.0,Refunded
2024-02-23,Mona Zaki,yomna.dev@email.com,Office Supplies,1252.0,7,8764.0,Cancelled
2024-03-13,Marwan Khaled,info@market.eg,Clothing,189.0,2,378.0,Pending
2024-09-15,Zainab Tarek,info@market.eg,Groceries,4406.0,1,4406.0,Refunded
2024-04-26,Huda Mansour,info@market.eg,Electronics,2777.0,3,8331.0,Pending
2024-05-16,Marwan Khaled,yomna.dev@email.com,Clothing,1229.0,7,8603.0,Cancelled
2024-04-10,Marwan Khaled,test.a@web.net,Office Supplies,4001.0,3,12003.0,Cancelled
2024-12-25,Omar Farouk,admin@tech.io,Office Supplies,1934.0,10,19340.0,Shipped
2024-03-24,Huda Mansour,,Home Decor,1906.0,4,7624.0,Pending
2024-11-06,Ali Hassan,user1@mail.com,Clothing,4884.0,3,14652.0,Refunded
2024-02-23,Huda Mansour,yomna.dev@email.com,Books,1449.0,4,5796.0,Shipped
2024-08-02,Layla Mohamed,sales@hub.com,Books,3268.0,7,22876.0,Refunded
2024-05-16,Zainab Tarek,sales@hub.com,Office Supplies,4770.0,1,4770.0,Shipped
2024-10-06,Yomna Soror,test.a@web.net,Groceries,2343.0,1,2343.0,Refunded
2024-11-14,Omar Farouk,sales@hub.com,Office Supplies,2746.0,6,16476.0,Pending
2024-04-21,Layla Mohamed,info@market.eg,Clothing,1243.0,5,6215.0,Cancelled
2024-12-05,Sara Ahmed,contact@service.org,Groceries,620.0,2,1240.0,Pending
2024-07-19,Layla Mohamed,contact@service.org,Office Supplies,3477.0,3,10431.0,Cancelled
2024-05-01,Sara Ahmed,user1@mail.com,Groceries,2859.0,7,20013.0,Shipped
2024-02-10,Marwan Khaled,sales@hub.com,Office Supplies,4926.0,6,29556.0,Shipped
2024-06-01,Sara Ahmed,info@market.eg,Office Supplies,2816.0,1,2816.0,Pending
2024-08-19,Sara Ahmed,contact@service.org,Electronics,2514.0,3,7542.0,Pending
2024-09-05,Omar Farouk,info@market.eg,Office Supplies,1513.0,6,9078.0,Completed
2024-07-02,Sara Ahmed,test.a@web.net,Books,2580.0,6,15480.0,Pending
2024-03-05,Ali Hassan,sales@hub.com,Groceries,1458.0,4,5832.0,Refunded
2024-01-06,Ali Hassan,yomna.dev@email.com,Groceries,2695.0,4,10780.0,Pending
2024-08-10,Omar Farouk,contact@service.org,Home Decor,1080.0,7,7560.0,Cancelled
2024-11-10,Zainab Tarek,admin@tech.io,Electronics,4989.0,4,19956.0,Cancelled
2024-02-02,Ahmed Ali,info@market.eg,Groceries,1061.0,10,10610.0,Refunded
2024-10-07,Zainab Tarek,yomna.dev@email.com,Books,1126.0,2,2252.0,Completed
2024-06-02,Huda Mansour,sales@hub.com,Office Supplies,4443.0,9,39987.0,Pending
2024-10-28,Mona Zaki,yomna.dev@email.com,Electronics,3722.0,6,22332.0,Cancelled
2024-05-23,Sara Ahmed,m.zaki@mail.com,Office Supplies,1439.0,4,5756.0,Refunded
2024-11-20,Marwan Khaled,info@market.eg,Electronics,352.0,5,1760.0,Completed
2024-12-21,Layla Mohamed,info@market.eg,Office Supplies,1040.0,8,8320.0,Pending
2024-01-17,Ahmed Ali,user1@mail.com,Office Supplies,3927.0,2,7854.0,Completed
2024-12-02,Omar Farouk,test.a@web.net,Clothing,2149.0,6,12894.0,Refunded
2024-04-21,Ahmed Ali,yomna.dev@email.com,Home Decor,2057.0,9,18513.0,Shipped
2024-12-22,Ahmed Ali,contact@service.org,Books,3781.0,1,3781.0,Refunded
2024-08-25,Sara Ahmed,yomna.dev@email.com,Office Supplies,4214.0,4,16856.0,Completed
2024-06-02,Ahmed Ali,contact@service.org,Office Supplies,1090.0,4,4360.0,Pending
2024-07-03,Marwan Khaled,user1@mail.com,Groceries,4211.0,2,8422.0,Refunded
2024-06-25,Huda Mansour,contact@service.org,Office Supplies,4353.0,4,17412.0,Shipped
2024-03-06,Ahmed Ali,test.a@web.net,Clothing,2391.0,6,14346.0,Refunded
2024-11-05,Sara Ahmed,user1@mail.com,Books,4110.0,4,16440.0,Completed
2024-03-16,Marwan Khaled,admin@tech.io,Groceries,1716.0,5,8580.0,Completed
2024-10-24,Huda Mansour,sales@hub.com,Groceries,1590.0,6,9540.0,Shipped
2024-10-17,Layla Mohamed,sales@hub.com,Home Decor,1383.0,2,2766.0,Cancelled
2024-05-18,Marwan Khaled,contact@service.org,Office Supplies,231.0,6,1386.0,Shipped
2024-12-08,Sara Ahmed,admin@tech.io,Electronics,3731.0,8,29848.0,Cancelled
2024-08-06,Yomna Soror,user1@mail.com,Electronics,4264.0,1,4264.0,Completed
2024-01-01,Ali Hassan,sales@hub.com,Books,2220.0,2,4440.0,Pending
2024-12-12,Huda Mansour,user1@mail.com,Electronics,2717.0,7,19019.0,Refunded
2024-01-15,Huda Mansour,sales@hub.com,Home Decor,1852.0,3,5556.0,Pending
2024-11-01,Ahmed Ali,user1@mail.com,Office Supplies,1427.0,6,8562.0,Completed
2024-09-11,Sara Ahmed,yomna.dev@email.com,Home Decor,1341.0,9,12069.0,Cancelled
2024-08-23,Huda Mansour,info@market.eg,Groceries,4498.0,10,44980.0,Pending
2024-11-21,Omar Farouk,test.a@web.net,Electronics,1456.0,8,11648.0,Pending
2024-11-05,Zainab Tarek,contact@service.org,Office Supplies,4703.0,5,23515.0,Refunded
2024-03-23,Sara Ahmed,test.a@web.net,Groceries,3316.0,6,19896.0,Cancelled
2024-09-02,Sara Ahmed,info@market.eg,Clothing,1923.0,1,1923.0,Refunded
2024-02-01,Ahmed Ali,user1@mail.com,Books,3045.0,6,18270.0,Refunded
2024-06-07,Marwan Khaled,info@market.eg,Groceries,2211.0,7,15477.0,Pending
2024-10-26,Ahmed Ali,m.zaki@mail.com,Electronics,1932.0,1,1932.0,Pending
2024-12-14,Omar Farouk,admin@tech.io,Clothing,1319.0,1,1319.0,Cancelled
2024-08-03,Omar Farouk,contact@service.org,Clothing,2212.0,2,4424.0,Refunded
2024-03-05,Zainab Tarek,m.zaki@mail.com,Groceries,3770.0,5,18850.0,Completed
2024-03-10,Ali Hassan,info@market.eg,Clothing,2570.0,8,20560.0,Completed
2024-09-12,Huda Mansour,contact@service.org,Books,853.0,7,5971.0,Completed
2024-03-22,Layla Mohamed,test.a@web.net,Books,4225.0,3,12675.0,Pending
2024-04-27,Yomna Soror,info@market.eg,Home Decor,494.0,5,2470.0,Refunded
2024-06-08,Ahmed Ali,info@market.eg,Office Supplies,2033.0,7,14231.0,Pending
2024-02-08,Ahmed Ali,admin@tech.io,Clothing,2013.0,5,10065.0,Shipped
2024-06-28,Huda Mansour,info@market.eg,Home Decor,4876.0,1,4876.0,Refunded
2024-02-04,Mona Zaki,info@market.eg,Office Supplies,3594.0,6,21564.0,Refunded
2024-09-10,Ali Hassan,user1@mail.com,Home Decor,2659.0,4,10636.0,Refunded
2024-05-23,Zainab Tarek,sales@hub.com,Clothing,928.0,7,6496.0,Pending
2024-07-08,Ahmed Ali,m.zaki@mail.com,Clothing,1842.0,9,16578.0,Pending
2024-03-19,Layla Mohamed,info@market.eg,Groceries,4046.0,4,16184.0,Shipped
2024-07-06,Zainab Tarek,user1@mail.com,Clothing,4602.0,4,18408.0,Pending
2024-04-26,Ali Hassan,yomna.dev@email.com,Clothing,2500.0,7,17500.0,Cancelled
2024-01-17,Ali Hassan,info@market.eg,Home Decor,1060.0,2,2120.0,Cancelled
2024-12-13,Ahmed Ali,admin@tech.io,Home Decor,4312.0,1,4312.0,Refunded
2024-08-25,Ahmed Ali,info@market.eg,Office Supplies,1795.0,7,12565.0,Cancelled
2024-03-01,Zainab Tarek,info@market.eg,Groceries,1686.0,8,13488.0,Refunded
2024-08-28,Huda Mansour,yomna.dev@email.com,Office Supplies,1455.0,6,8730.0,Completed
2024-04-14,Layla Mohamed,sales@hub.com,Electronics,632.0,3,1896.0,Cancelled
2024-02-15,Zainab Tarek,sales@hub.com,Home Decor,4185.0,4,16740.0,Shipped
2024-07-27,Huda Mansour,contact@service.org,Clothing,4001.0,4,16004.0,Refunded
2024-08-13,Mona Zaki,contact@service.org,Office Supplies,1569.0,6,9414.0,Completed
2024-01-07,Ahmed Ali,yomna.dev@email.com,Books,3631.0,7,25417.0,Completed
2024-09-25,Zainab Tarek,m.zaki@mail.com,Home Decor,1856.0,10,18560.0,Cancelled
2024-02-11,Layla Mohamed,test.a@web.net,Books,1870.0,9,16830.0,Cancelled
2024-09-19,Mona Zaki,admin@tech.io,Home Decor,1456.0,7,10192.0,Shipped
2024-10-05,Marwan Khaled,info@market.eg,Books,1794.0,10,17940.0,Cancelled
2024-08-21,Sara Ahmed,user1@mail.com,Books,4516.0,3,13548.0,Refunded
2024-05-16,Omar Farouk,test.a@web.net,Home Decor,4162.0,1,4162.0,Shipped
2024-09-18,Ahmed Ali,info@market.eg,Books,3370.0,2,6740.0,Refunded
2024-04-23,Marwan Khaled,contact@service.org,Groceries,3571.0,1,3571.0,Refunded
2024-10-12,Omar Farouk,yomna.dev@email.com,Clothing,1127.0,9,10143.0,Cancelled
2024-04-03,Ali Hassan,info@market.eg,Home Decor,427.0,2,854.0,Completed
2024-02-06,Ali Hassan,user1@mail.com,Home Decor,1634.0,7,11438.0,Refunded
2024-04-17,Sara Ahmed,contact@service.org,Groceries,4197.0,6,25182.0,Refunded
2024-07-08,Omar Farouk,admin@tech.io,Groceries,4758.0,10,47580.0,Pending
2024-06-28,Huda Mansour,info@market.eg,Clothing,1518.0,6,9108.0,Shipped
2024-04-27,Ali Hassan,test.a@web.net,Electronics,1773.0,1,1773.0,Pending
2024-11-03,Sara Ahmed,admin@tech.io,Electronics,1341.0,7,9387.0,Completed
2024-02-03,Layla Mohamed,contact@service.org,Office Supplies,3913.0,5,19565.0,Completed
2024-03-05,Ahmed Ali,yomna.dev@email.com,Books,668.0,6,4008.0,Pending
2024-08-18,Ali Hassan,sales@hub.com,Clothing,4720.0,1,4720.0,Refunded
2024-09-27,Ahmed Ali,contact@service.org,Books,4655.0,3,13965.0,Completed
2024-09-25,Marwan Khaled,admin@tech.io,Home Decor,3855.0,10,38550.0,Cancelled
2024-08-12,Zainab Tarek,contact@service.org,Groceries,4857.0,8,38856.0,Shipped
2024-09-24,Ahmed Ali,sales@hub.com,Books,4339.0,9,39051.0,Shipped
2024-04-11,Sara Ahmed,yomna.dev@email.com,Books,2804.0,6,16824.0,Completed
2024-05-01,Huda Mansour,m.zaki@mail.com,Clothing,1323.0,3,3969.0,Refunded
2024-06-25,Huda Mansour,sales@hub.com,Electronics,2727.0,7,19089.0,Cancelled
2024-10-08,Ahmed Ali,yomna.dev@email.com,Office Supplies,4952.0,10,49520.0,Shipped
2024-06-05,Yomna Soror,test.a@web.net,Home Decor,4444.0,2,8888.0,Completed
2024-01-20,Omar Farouk,sales@hub.com,Groceries,1679.0,3,5037.0,Pending
2024-12-02,Yomna Soror,user1@mail.com,Electronics,654.0,8,5232.0,Completed
2024-11-03,Sara Ahmed,yomna.dev@email.com,Electronics,2996.0,5,14980.0,Pending
2024-02-14,Yomna Soror,admin@tech.io,Electronics,2395.0,1,2395.0,Cancelled
2024-02-02,Mona Zaki,sales@hub.com,Home Decor,4768.0,9,42912.0,Shipped
2024-08-28,Mona Zaki,contact@service.org,Home Decor,2530.0,9,22770.0,Refunded
2024-01-27,Marwan Khaled,info@market.eg,Books,1313.0,4,5252.0,Completed
2024-12-03,Sara Ahmed,sales@hub.com,Office Supplies,1579.0,4,6316.0,Completed
2024-04-17,Zainab Tarek,test.a@web.net,Books,2222.0,3,6666.0,Completed
2024-10-26,Sara Ahmed,yomna.dev@email.com,Electronics,3629.0,2,7258.0,Refunded
2024-04-21,Omar Farouk,info@market.eg,Electronics,3222.0,5,16110.0,Completed
2024-10-15,Zainab Tarek,test.a@web.net,Home Decor,4651.0,9,41859.0,Completed
2024-07-14,Omar Farouk,yomna.dev@email.com,Clothing,3654.0,3,10962.0,Cancelled
2024-05-04,Marwan Khaled,test.a@web.net,Books,4908.0,10,49080.0,Shipped
2024-02-28,Sara Ahmed,user1@mail.com,Home Decor,4688.0,5,23440.0,Completed
2024-10-04,Huda Mansour,contact@service.org,Books,1953.0,10,19530.0,Refunded
2024-08-27,Zainab Tarek,yomna.dev@email.com,Books,1812.0,9,16308.0,Shipped
2024-06-21,Sara Ahmed,info@market.eg,Clothing,1379.0,5,6895.0,Pending
2024-08-20,Ali Hassan,contact@service.org,Home Decor,1444.0,6,8664.0,Completed
2024-12-20,Huda Mansour,contact@service.org,Clothing,2379.0,9,21411.0,Cancelled
2024-07-03,Ahmed Ali,test.a@web.net,Clothing,2387.0,1,2387.0,Cancelled
2024-11-19,Ali Hassan,m.zaki@mail.com,Electronics,2183.0,7,15281.0,Pending
2024-08-13,Mona Zaki,contact@service.org,Groceries,3201.0,2,6402.0,Shipped
2024-07-18,Mona Zaki,m.zaki@mail.com,Books,1320.0,10,13200.0,Refunded
2024-03-15,Ali Hassan,test.a@web.net,Clothing,790.0,5,3950.0,Shipped
2024-02-11,Omar Farouk,contact@service.org,Office Supplies,894.0,9,8046.0,Pending
2024-04-08,Ali Hassan,test.a@web.net,Clothing,4663.0,10,46630.0,Completed
2024-08-25,Ahmed Ali,contact@service.org,Home Decor,4992.0,1,4992.0,Pending
2024-03-16,Yomna Soror,m.zaki@mail.com,Office Supplies,4599.0,2,9198.0,Cancelled
2024-12-12,Mona Zaki,test.a@web.net,Books,3912.0,9,35208.0,Pending
2024-07-20,Marwan Khaled,yomna.dev@email.com,Electronics,1862.0,7,13034.0,Pending
2024-07-05,Layla Mohamed,sales@hub.com,Clothing,2223.0,6,13338.0,Refunded
2024-08-17,Sara Ahmed,test.a@web.net,Groceries,4488.0,2,8976.0,Pending
2024-07-28,Yomna Soror,sales@hub.com,Office Supplies,3820.0,6,22920.0,Shipped
2024-08-17,Marwan Khaled,info@market.eg,Clothing,324.0,3,972.0,Pending
2024-07-01,Ali Hassan,contact@service.org,Groceries,3730.0,7,26110.0,Refunded
2024-11-07,Marwan Khaled,sales@hub.com,Electronics,4813.0,9,43317.0,Refunded
2024-12-12,Zainab Tarek,m.zaki@mail.com,Home Decor,2429.0,9,21861.0,Pending
2024-08-03,Huda Mansour,m.zaki@mail.com,Clothing,2527.0,6,15162.0,Shipped
2024-12-22,Marwan Khaled,test.a@web.net,Electronics,1142.0,7,7994.0,Shipped
2024-07-03,Yomna Soror,admin@tech.io,Clothing,1820.0,2,3640.0,Refunded
2024-09-09,Huda Mansour,yomna.dev@email.com,Books,2346.0,5,11730.0,Refunded
2024-10-20,Ali Hassan,test.a@web.net,Office Supplies,925.0,1,925.0,Pending
2024-08-16,Omar Farouk,sales@hub.com,Home Decor,283.0,1,283.0,Pending
2024-02-14,Ali Hassan,sales@hub.com,Office Supplies,4263.0,3,12789.0,Cancelled
2024-11-26,Zainab Tarek,user1@mail.com,Electronics,4103.0,7,28721.0,Pending
2024-07-15,Ahmed Ali,admin@tech.io,Home Decor,1632.0,1,1632.0,Refunded
2024-07-02,Huda Mansour,sales@hub.com,Books,3025.0,9,27225.0,Shipped
2024-01-05,Sara Ahmed,admin@tech.io,Home Decor,4047.0,8,32376.0,Shipped
2024-04-26,Omar Farouk,user1@mail.com,Clothing,3754.0,10,37540.0,Pending
2024-08-18,Ali Hassan,sales@hub.com,Office Supplies,3877.0,8,31016.0,Pending
2024-01-27,Huda Mansour,admin@tech.io,Electronics,3906.0,8,31248.0,Cancelled
2024-08-18,Layla Mohamed,contact@service.org,Groceries,2750.0,10,27500.0,Shipped
2024-11-12,Yomna Soror,admin@tech.io,Clothing,2979.0,5,14895.0,Refunded
2024-12-17,Ali Hassan,sales@hub.com,Home Decor,3852.0,1,3852.0,Pending
2024-04-27,Sara Ahmed,test.a@web.net,Books,3530.0,9,31770.0,Pending
2024-04-10,Ahmed Ali,info@market.eg,Clothing,1076.0,10,10760.0,Shipped
2024-01-14,Ali Hassan,info@market.eg,Office Supplies,3484.0,10,34840.0,Completed
2024-12-02,Omar Farouk,info@market.eg,Electronics,963.0,9,8667.0,Cancelled
2024-05-24,Yomna Soror,info@market.eg,Home Decor,3620.0,6,21720.0,Cancelled
2024-10-25,Mona Zaki,info@market.eg,Clothing,3211.0,10,32110.0,Cancelled
2024-05-10,Marwan Khaled,contact@service.org,Home Decor,4828.0,2,9656.0,Completed
2024-08-27,Layla Mohamed,yomna.dev@email.com,Books,3295.0,5,16475.0,Shipped
2024-05-13,Zainab Tarek,test.a@web.net,Office Supplies,2285.0,3,6855.0,Cancelled
2024-04-10,Ahmed Ali,sales@hub.com,Groceries,1220.0,8,9760.0,Cancelled
2024-07-05,Yomna Soror,user1@mail.com,Home Decor,1226.0,2,2452.0,Refunded
2024-03-28,Ahmed Ali,sales@hub.com,Groceries,544.0,9,4896.0,Cancelled
2024-08-20,Layla Mohamed,admin@tech.io,Clothing,3799.0,8,30392.0,Refunded
2024-08-27,Ali Hassan,user1@mail.com,Home Decor,3668.0,9,33012.0,Shipped
2024-12-21,Omar Farouk,admin@tech.io,Books,1701.0,6,10206.0,Refunded
2024-09-12,Yomna Soror,contact@service.org,Clothing,3008.0,2,6016.0,Shipped
2024-09-08,Ali Hassan,user1@mail.com,Electronics,2330.0,8,18640.0,Shipped
2024-11-16,Ahmed Ali,admin@tech.io,Home Decor,564.0,4,2256.0,Completed
2024-05-07,Sara Ahmed,yomna.dev@email.com,Office Supplies,4097.0,3,12291.0,Cancelled
2024-02-01,Sara Ahmed,m.zaki@mail.com,Office Supplies,4169.0,1,4169.0,Refunded
2024-03-13,Sara Ahmed,m.zaki@mail.com,Clothing,4027.0,4,16108.0,Shipped
2024-01-13,Sara Ahmed,contact@service.org,Clothing,1364.0,8,10912.0,Completed
2024-01-17,Huda Mansour,admin@tech.io,Home Decor,1686.0,1,1686.0,Pending
2024-04-26,Huda Mansour,contact@service.org,Clothing,2256.0,3,6768.0,Shipped
2024-09-01,Omar Farouk,user1@mail.com,Groceries,2518.0,3,7554.0,Shipped
2024-12-27,Yomna Soror,contact@service.org,Books,4215.0,10,42150.0,Completed
2024-04-24,Marwan Khaled,contact@service.org,Clothing,3213.0,7,22491.0,Completed
2024-10-16,Huda Mansour,test.a@web.net,Electronics,2990.0,2,5980.0,Cancelled
2024-09-02,Marwan Khaled,m.zaki@mail.com,Books,1625.0,7,11375.0,Refunded
2024-09-07,Ali Hassan,sales@hub.com,Clothing,1104.0,10,11040.0,Refunded
2024-01-01,Zainab Tarek,contact@service.org,Clothing,3280.0,3,9840.0,Completed
2024-03-12,Omar Farouk,info@market.eg,Clothing,3843.0,4,15372.0,Completed
2024-03-24,Ahmed Ali,user1@mail.com,Clothing,3829.0,1,3829.0,Cancelled
2024-12-18,Yomna Soror,sales@hub.com,Groceries,3529.0,1,3529.0,Completed
2024-06-19,Huda Mansour,info@market.eg,Books,551.0,2,1102.0,Completed
2024-06-20,Omar Farouk,contact@service.org,Home Decor,255.0,7,1785.0,Shipped
2024-01-09,Zainab Tarek,sales@hub.com,Office Supplies,1946.0,1,1946.0,Pending
2024-03-09,Sara Ahmed,info@market.eg,Books,1729.0,3,5187.0,Shipped
2024-11-14,Ahmed Ali,contact@service.org,Office Supplies,2756.0,7,19292.0,Refunded
2024-07-15,Yomna Soror,info@market.eg,Home Decor,4143.0,2,8286.0,Refunded
2024-01-14,Mona Zaki,info@market.eg,Home Decor,4156.0,9,37404.0,Shipped
2024-03-04,Layla Mohamed,info@market.eg,Office Supplies,708.0,7,4956.0,Refunded
2024-07-14,Sara Ahmed,test.a@web.net,Clothing,4778.0,9,43002.0,Cancelled
2024-02-21,Layla Mohamed,test.a@web.net,Groceries,4172.0,10,41720.0,Refunded
2024-03-25,Marwan Khaled,sales@hub.com,Books,4674.0,4,18696.0,Cancelled
2024-08-15,Zainab Tarek,yomna.dev@email.com,Electronics,4217.0,9,37953.0,Pending
2024-04-23,Sara Ahmed,admin@tech.io,Office Supplies,2504.0,7,17528.0,Refunded
2024-07-04,Ali Hassan,contact@service.org,Groceries,4084.0,2,8168.0,Pending
2024-05-22,Huda Mansour,test.a@web.net,Groceries,4854.0,2,9708.0,Shipped
2024-01-04,Zainab Tarek,admin@tech.io,Groceries,3886.0,1,3886.0,Cancelled
2024-08-12,Layla Mohamed,yomna.dev@email.com,Groceries,4141.0,4,16564.0,Cancelled
2024-10-10,Sara Ahmed,test.a@web.net,Clothing,2514.0,5,12570.0,Refunded
2024-01-16,Ahmed Ali,sales@hub.com,Office Supplies,1782.0,9,16038.0,Completed
2024-02-16,Layla Mohamed,admin@tech.io,Office Supplies,1278.0,7,8946.0,Completed
2024-04-10,Layla Mohamed,sales@hub.com,Books,3986.0,9,35874.0,Pending
2024-02-04,Mona Zaki,info@market.eg,Office Supplies,1364.0,8,10912.0,Completed
2024-07-18,Mona Zaki,info@market.eg,Home Decor,2534.0,1,2534.0,Pending
2024-04-25,Ahmed Ali,m.zaki@mail.com,Groceries,217.0,7,1519.0,Shipped
2024-02-05,Layla Mohamed,contact@service.org,Office Supplies,1332.0,6,7992.0,Shipped
2024-01-22,Yomna Soror,contact@service.org,Books,4125.0,4,16500.0,Cancelled
2024-01-01,Layla Mohamed,sales@hub.com,Groceries,4952.0,10,49520.0,Shipped
2024-01-22,Layla Mohamed,contact@service.org,Office Supplies,4957.0,9,44613.0,Completed
2024-02-18,Marwan Khaled,contact@service.org,Clothing,882.0,7,6174.0,Shipped
2024-09-18,Ahmed Ali,yomna.dev@email.com,Home Decor,2333.0,8,18664.0,Refunded
2024-05-27,Sara Ahmed,info@market.eg,Books,703.0,2,1406.0,Pending
2024-07-14,Yomna Soror,info@market.eg,Books,2555.0,6,15330.0,Cancelled
2024-06-09,Layla Mohamed,user1@mail.com,Office Supplies,2259.0,3,6777.0,Refunded
2024-08-09,Ali Hassan,yomna.dev@email.com,Electronics,2270.0,5,11350.0,Completed
2024-05-19,Ali Hassan,contact@service.org,Electronics,1146.0,7,8022.0,Pending
2024-12-04,Layla Mohamed,admin@tech.io,Groceries,3811.0,8,30488.0,Cancelled
2024-02-11,Sara Ahmed,user1@mail.com,Electronics,4031.0,9,36279.0,Refunded
2024-04-04,Layla Mohamed,info@market.eg,Books,829.0,10,8290.0,Shipped
2024-11-23,Yomna Soror,user1@mail.com,Clothing,872.0,4,3488.0,Completed
2024-11-22,Layla Mohamed,contact@service.org,Books,4284.0,5,21420.0,Pending
2024-01-16,Yomna Soror,sales@hub.com,Electronics,4906.0,1,4906.0,Shipped
2024-12-24,Zainab Tarek,info@market.eg,Clothing,4998.0,7,34986.0,Shipped
2024-11-04,Sara Ahmed,test.a@web.net,Clothing,4414.0,8,35312.0,Completed
2024-07-25,Mona Zaki,test.a@web.net,Clothing,2245.0,8,17960.0,Cancelled
2024-09-13,Ahmed Ali,yomna.dev@email.com,Books,2696.0,8,21568.0,Refunded
2024-06-27,Sara Ahmed,yomna.dev@email.com,Home Decor,4454.0,8,35632.0,Shipped
2024-11-27,Zainab Tarek,test.a@web.net,Office Supplies,2795.0,3,8385.0,Pending
2024-12-24,Yomna Soror,admin@tech.io,Books,4419.0,3,13257.0,Refunded
2024-10-11,Marwan Khaled,sales@hub.com,Groceries,2536.0,8,20288.0,Pending
2024-06-06,Ali Hassan,test.a@web.net,Electronics,2235.0,8,17880.0,Pending
2024-06-23,Marwan Khaled,user1@mail.com,Electronics,2990.0,5,14950.0,Cancelled
2024-05-14,Huda Mansour,user1@mail.com,Clothing,755.0,8,6040.0,Pending
2024-05-01,Ahmed Ali,sales@hub.com,Books,4837.0,1,4837.0,Cancelled
2024-01-01,Layla Mohamed,m.zaki@mail.com,Home Decor,4051.0,9,36459.0,Shipped
2024-09-16,Ahmed Ali,yomna.dev@email.com,Electronics,2182.0,9,19638.0,Completed
2024-01-02,Zainab Tarek,test.a@web.net,Electronics,687.0,8,5496.0,Completed
2024-06-12,Zainab Tarek,contact@service.org,Home Decor,3936.0,2,7872.0,Shipped
2024-10-02,Sara Ahmed,user1@mail.com,Electronics,881.0,8,7048.0,Completed
2024-02-26,Zainab Tarek,contact@service.org,Electronics,3903.0,5,19515.0,Completed
2024-06-18,Omar Farouk,contact@service.org,Home Decor,3605.0,7,25235.0,Shipped
2024-06-17,Sara Ahmed,m.zaki@mail.com,Home Decor,583.0,9,5247.0,Cancelled
2024-01-07,Huda Mansour,info@market.eg,Clothing,4361.0,2,8722.0,Shipped
2024-07-04,Sara Ahmed,yomna.dev@email.com,Electronics,2846.0,7,19922.0,Shipped
2024-10-25,Sara Ahmed,contact@service.org,Books,1605.0,8,12840.0,Refunded
2024-04-19,Omar Farouk,m.zaki@mail.com,Home Decor,2356.0,7,16492.0,Pending
2024-01-04,Ali Hassan,contact@service.org,Groceries,600.0,2,1200.0,Cancelled
2024-07-04,Sara Ahmed,sales@hub.com,Electronics,4923.0,8,39384.0,Completed
2024-06-08,Omar Farouk,user1@mail.com,Electronics,959.0,5,4795.0,Refunded
2024-04-26,Zainab Tarek,info@market.eg,Home Decor,3760.0,9,33840.0,Pending
2024-03-22,Layla Mohamed,,Electronics,259.0,1,259.0,Refunded
2024-12-09,Layla Mohamed,admin@tech.io,Electronics,2514.0,9,22626.0,Pending
2024-02-27,Mona Zaki,info@market.eg,Books,2774.0,1,2774.0,Pending
2024-01-05,Zainab Tarek,user1@mail.com,Clothing,4944.0,10,49440.0,Refunded
2024-09-23,Zainab Tarek,sales@hub.com,Home Decor,540.0,1,540.0,Completed
2024-02-05,Mona Zaki,,Office Supplies,1334.0,9,12006.0,Shipped
2024-06-06,Marwan Khaled,m.zaki@mail.com,Office Supplies,4343.0,6,26058.0,Refunded
2024-12-28,Huda Mansour,admin@tech.io,Books,4187.0,10,41870.0,Shipped
2024-03-18,Ahmed Ali,info@market.eg,Clothing,3245.0,1,3245.0,Refunded
2024-07-03,Yomna Soror,contact@service.org,Electronics,2945.0,5,14725.0,Pending
2024-07-19,Mona Zaki,m.zaki@mail.com,Electronics,1805.0,9,16245.0,Completed
2024-05-23,Zainab Tarek,sales@hub.com,Clothing,1102.0,10,11020.0,Shipped
2024-01-02,Huda Mansour,info@market.eg,Electronics,3718.0,8,29744.0,Shipped
2024-11-26,Layla Mohamed,sales@hub.com,Home Decor,2252.0,6,13512.0,Pending
2024-09-16,Layla Mohamed,user1@mail.com,Books,2690.0,7,18830.0,Shipped
2024-07-26,Marwan Khaled,user1@mail.com,Clothing,1096.0,6,6576.0,Refunded
2024-04-01,Layla Mohamed,user1@mail.com,Electronics,4095.0,10,40950.0,Pending
2024-02-18,Omar Farouk,user1@mail.com,Clothing,687.0,7,4809.0,Refunded
2024-10-07,Marwan Khaled,m.zaki@mail.com,Books,1674.0,7,11718.0,Completed
2024-06-03,Mona Zaki,user1@mail.com,Electronics,2416.0,4,9664.0,Pending
2024-06-12,Yomna Soror,user1@mail.com,Clothing,2578.0,3,7734.0,Refunded
2024-12-06,Marwan Khaled,yomna.dev@email.com,Groceries,689.0,1,689.0,Shipped
2024-11-28,Huda Mansour,user1@mail.com,Clothing,667.0,5,3335.0,Completed
2024-06-23,Marwan Khaled,m.zaki@mail.com,Home Decor,2624.0,9,23616.0,Completed
2024-01-24,Sara Ahmed,test.a@web.net,Clothing,2323.0,9,20907.0,Shipped
2024-05-03,Zainab Tarek,m.zaki@mail.com,Home Decor,3817.0,5,19085.0,Refunded
2024-05-16,Zainab Tarek,admin@tech.io,Electronics,499.0,2,998.0,Pending
2024-01-11,Layla Mohamed,contact@service.org,Books,1468.0,5,7340.0,Cancelled
2024-06-02,Huda Mansour,admin@tech.io,Groceries,4907.0,8,39256.0,Pending
2024-11-04,Sara Ahmed,info@market.eg,Home Decor,3323.0,10,33230.0,Refunded
2024-07-21,Yomna Soror,sales@hub.com,Home Decor,4562.0,10,45620.0,Cancelled
2024-11-15,Omar Farouk,yomna.dev@email.com,Books,1540.0,3,4620.0,Refunded
2024-06-22,Omar Farouk,yomna.dev@email.com,Office Supplies,4358.0,9,39222.0,Cancelled
2024-11-03,Huda Mansour,test.a@web.net,Books,1881.0,1,1881.0,Refunded
2024-07-27,Mona Zaki,info@market.eg,Groceries,4202.0,9,37818.0,Pending
2024-02-18,Ali Hassan,contact@service.org,Electronics,2249.0,3,6747.0,Completed
2024-11-20,Zainab Tarek,info@market.eg,Office Supplies,2432.0,8,19456.0,Cancelled
2024-11-19,Marwan Khaled,yomna.dev@email.com,Groceries,1062.0,5,5310.0,Cancelled
2024-05-09,Sara Ahmed,yomna.dev@email.com,Clothing,2514.0,4,10056.0,Completed
2024-05-27,Sara Ahmed,test.a@web.net,Groceries,929.0,9,8361.0,Shipped
2024-01-10,Sara Ahmed,contact@service.org,Books,1568.0,5,7840.0,Completed
2024-05-27,Huda Mansour,admin@tech.io,Groceries,547.0,3,1641.0,Cancelled
2024-03-12,Ahmed Ali,yomna.dev@email.com,Clothing,2321.0,5,11605.0,Cancelled
2024-06-08,Huda Mansour,m.zaki@mail.com,Home Decor,3613.0,2,7226.0,Pending
2024-01-24,Yomna Soror,admin@tech.io,Clothing,821.0,8,6568.0,Refunded
2024-05-19,Huda Mansour,,Office Supplies,4517.0,10,45170.0,Refunded
2024-07-10,Ahmed Ali,info@market.eg,Clothing,4368.0,9,39312.0,Shipped
2024-09-20,Sara Ahmed,sales@hub.com,Office Supplies,4997.0,5,24985.0,Shipped
2024-09-21,Ali Hassan,user1@mail.com,Office Supplies,2362.0,6,14172.0,Shipped
2024-11-04,Sara Ahmed,contact@service.org,Clothing,3201.0,4,12804.0,Completed
2024-03-22,Ahmed Ali,info@market.eg,Office Supplies,1972.0,5,9860.0,Shipped
2024-12-19,Mona Zaki,info@market.eg,Office Supplies,621.0,10,6210.0,Refunded
2024-09-03,Ahmed Ali,test.a@web.net,Office Supplies,3027.0,7,21189.0,Shipped
2024-04-20,Ali Hassan,admin@tech.io,Office Supplies,3518.0,1,3518.0,Cancelled
2024-05-21,Zainab Tarek,test.a@web.net,Electronics,503.0,10,5030.0,Pending
2024-10-13,Marwan Khaled,yomna.dev@email.com,Groceries,4385.0,5,21925.0,Pending
2024-04-20,Layla Mohamed,sales@hub.com,Office Supplies,2828.0,1,2828.0,Cancelled
2024-01-20,Huda Mansour,info@market.eg,Groceries,2269.0,6,13614.0,Cancelled
2024-05-05,Mona Zaki,info@market.eg,Groceries,3616.0,8,28928.0,Cancelled
2024-12-23,Sara Ahmed,admin@tech.io,Groceries,1820.0,9,16380.0,Pending
2024-05-04,Omar Farouk,user1@mail.com,Groceries,3754.0,7,26278.0,Shipped
2024-04-18,Huda Mansour,contact@service.org,Books,2963.0,7,20741.0,Refunded
2024-04-16,Ali Hassan,sales@hub.com,Books,2435.0,1,2435.0,Shipped
2024-04-03,Sara Ahmed,test.a@web.net,Home Decor,2806.0,8,22448.0,Completed
2024-03-20,Huda Mansour,m.zaki@mail.com,Books,975.0,10,9750.0,Refunded
2024-12-26,Yomna Soror,sales@hub.com,Electronics,3224.0,3,9672.0,Cancelled
2024-04-27,Ahmed Ali,sales@hub.com,Groceries,2570.0,8,20560.0,Completed
2024-06-10,Layla Mohamed,sales@hub.com,Home Decor,2963.0,1,2963.0,Pending
2024-09-17,Yomna Soror,test.a@web.net,Electronics,138.0,8,1104.0,Completed
2024-04-14,Mona Zaki,sales@hub.com,Books,128.0,7,896.0,Completed
2024-02-27,Sara Ahmed,user1@mail.com,Books,1472.0,5,7360.0,Cancelled
2024-02-12,Omar Farouk,test.a@web.net,Office Supplies,1008.0,1,1008.0,Refunded
2024-02-20,Yomna Soror,sales@hub.com,Office Supplies,1665.0,8,13320.0,Refunded
2024-03-14,Huda Mansour,user1@mail.com,Home Decor,2043.0,10,20430.0,Shipped
2024-11-15,Mona Zaki,,Office Supplies,299.0,7,2093.0,Shipped
2024-09-21,Marwan Khaled,sales@hub.com,Office Supplies,459.0,10,4590.0,Refunded
2024-12-10,Mona Zaki,yomna.dev@email.com,Electronics,3840.0,9,34560.0,Pending
2024-09-15,Huda Mansour,admin@tech.io,Books,1214.0,10,12140.0,Shipped
2024-08-02,Mona Zaki,contact@service.org,Clothing,3771.0,7,26397.0,Refunded
2024-01-13,Zainab Tarek,sales@hub.com,Electronics,4256.0,2,8512.0,Cancelled
2024-04-22,Zainab Tarek,sales@hub.com,Office Supplies,1339.0,7,9373.0,Completed
2024-06-11,Sara Ahmed,m.zaki@mail.com,Electronics,1140.0,1,1140.0,Pending
2024-04-21,Sara Ahmed,yomna.dev@email.com,Groceries,1648.0,2,3296.0,Shipped
2024-09-27,Zainab Tarek,m.zaki@mail.com,Office Supplies,1277.0,2,2554.0,Refunded
2024-05-27,Zainab Tarek,user1@mail.com,Books,1858.0,1,1858.0,Cancelled
2024-12-09,Marwan Khaled,sales@hub.com,Electronics,4212.0,9,37908.0,Refunded
2024-02-26,Mona Zaki,test.a@web.net,Electronics,2100.0,10,21000.0,Pending
2024-09-18,Ali Hassan,admin@tech.io,Electronics,698.0,9,6282.0,Cancelled
2024-10-14,Yomna Soror,test.a@web.net,Electronics,2319.0,10,23190.0,Refunded
2024-02-20,Ali Hassan,test.a@web.net,Groceries,2563.0,7,17941.0,Pending
2024-04-25,Ahmed Ali,m.zaki@mail.com,Clothing,984.0,9,8856.0,Pending
2024-03-10,Layla Mohamed,user1@mail.com,Office Supplies,1553.0,8,12424.0,Completed
2024-09-27,Ali Hassan,yomna.dev@email.com,Groceries,4945.0,7,34615.0,Pending
2024-12-28,Huda Mansour,user1@mail.com,Groceries,2043.0,1,2043.0,Refunded
2024-05-14,Omar Farouk,m.zaki@mail.com,Groceries,1288.0,2,2576.0,Refunded
2024-06-01,Yomna Soror,m.zaki@mail.com,Office Supplies,2474.0,7,17318.0,Refunded
2024-11-03,Marwan Khaled,user1@mail.com,Clothing,3668.0,10,36680.0,Refunded
2024-12-03,Marwan Khaled,info@market.eg,Office Supplies,2665.0,9,23985.0,Pending
2024-10-19,Yomna Soror,admin@tech.io,Books,2524.0,9,22716.0,Completed
2024-12-28,Omar Farouk,admin@tech.io,Electronics,629.0,3,1887.0,Refunded
2024-05-22,Marwan Khaled,contact@service.org,Groceries,1935.0,5,9675.0,Completed
2024-09-07,Marwan Khaled,contact@service.org,Home Decor,1160.0,1,1160.0,Refunded
2024-07-18,Ali Hassan,sales@hub.com,Electronics,993.0,2,1986.0,Refunded
2024-02-20,Marwan Khaled,sales@hub.com,Clothing,2040.0,5,10200.0,Completed
2024-01-19,Huda Mansour,m.zaki@mail.com,Books,71.0,8,568.0,Pending
2024-06-12,Ahmed Ali,sales@hub.com,Office Supplies,948.0,5,4740.0,Pending
2024-02-28,Yomna Soror,sales@hub.com,Clothing,2846.0,7,19922.0,Refunded
2024-07-02,Zainab Tarek,sales@hub.com,Electronics,905.0,9,8145.0,Completed
2024-04-26,Omar Farouk,test.a@web.net,Home Decor,4395.0,5,21975.0,Pending
2024-09-02,Sara Ahmed,m.zaki@mail.com,Electronics,3777.0,2,7554.0,Shipped
2024-07-09,Layla Mohamed,info@market.eg,Office Supplies,4416.0,3,13248.0,Cancelled
2024-03-25,Huda Mansour,test.a@web.net,Electronics,2530.0,7,17710.0,Refunded
2024-12-06,Ahmed Ali,admin@tech.io,Books,4141.0,8,33128.0,Cancelled
2024-12-19,Mona Zaki,sales@hub.com,Office Supplies,2489.0,10,24890.0,Cancelled
2024-04-28,Layla Mohamed,sales@hub.com,Groceries,2939.0,3,8817.0,Cancelled
2024-01-23,Ali Hassan,test.a@web.net,Electronics,3429.0,7,24003.0,Cancelled
2024-08-07,Omar Farouk,user1@mail.com,Books,3330.0,3,9990.0,Cancelled
2024-02-13,Omar Farouk,sales@hub.com,Electronics,2429.0,9,21861.0,Refunded
2024-07-24,Zainab Tarek,m.zaki@mail.com,Home Decor,653.0,5,3265.0,Refunded
2024-12-22,Mona Zaki,contact@service.org,Electronics,4423.0,6,26538.0,Shipped
2024-11-07,Ahmed Ali,test.a@web.net,Groceries,1185.0,7,8295.0,Completed
2024-12-11,Mona Zaki,yomna.dev@email.com,Clothing,4661.0,7,32627.0,Completed
2024-02-08,Layla Mohamed,yomna.dev@email.com,Books,1731.0,2,3462.0,Shipped
2024-06-10,Layla Mohamed,contact@service.org,Books,841.0,4,3364.0,Shipped
2024-01-01,Zainab Tarek,test.a@web.net,Home Decor,4280.0,3,12840.0,Completed
2024-02-02,Marwan Khaled,user1@mail.com,Electronics,2299.0,9,20691.0,Pending
2024-12-04,Zainab Tarek,test.a@web.net,Electronics,1920.0,5,9600.0,Pending
2024-11-12,Ahmed Ali,user1@mail.com,Clothing,2465.0,2,4930.0,Cancelled
2024-10-26,Marwan Khaled,contact@service.org,Electronics,1107.0,10,11070.0,Pending
2024-01-05,Omar Farouk,user1@mail.com,Clothing,4793.0,8,38344.0,Shipped
2024-12-23,Mona Zaki,admin@tech.io,Groceries,75.0,3,225.0,Refunded
2024-06-22,Ali Hassan,contact@service.org,Office Supplies,1602.0,6,9612.0,Cancelled
2024-06-16,Marwan Khaled,contact@service.org,Home Decor,2148.0,8,17184.0,Completed
2024-11-06,Zainab Tarek,sales@hub.com,Electronics,2011.0,6,12066.0,Refunded
2024-02-27,Yomna Soror,user1@mail.com,Home Decor,3418.0,4,13672.0,Completed
2024-07-24,Huda Mansour,yomna.dev@email.com,Clothing,1416.0,5,7080.0,Completed
2024-09-05,Huda Mansour,yomna.dev@email.com,Groceries,4226.0,10,42260.0,Shipped
2024-02-08,Ali Hassan,contact@service.org,Books,2758.0,8,22064.0,Completed
2024-11-03,Huda Mansour,yomna.dev@email.com,Home Decor,2327.0,8,18616.0,Cancelled
2024-04-24,Layla Mohamed,user1@mail.com,Groceries,1857.0,10,18570.0,Refunded
2024-12-07,Zainab Tarek,admin@tech.io,Office Supplies,3488.0,9,31392.0,Shipped
2024-01-01,Omar Farouk,yomna.dev@email.com,Books,2798.0,2,5596.0,Shipped
2024-03-25,Mona Zaki,user1@mail.com,Office Supplies,802.0,1,802.0,Completed
2024-07-05,Ahmed Ali,m.zaki@mail.com,Home Decor,1115.0,8,8920.0,Shipped
2024-10-04,Omar Farouk,admin@tech.io,Home Decor,101.0,7,707.0,Cancelled
2024-06-14,Ahmed Ali,info@market.eg,Office Supplies,2225.0,4,8900.0,Pending
2024-04-20,Layla Mohamed,test.a@web.net,Groceries,929.0,9,8361.0,Refunded
2024-01-26,Mona Zaki,yomna.dev@email.com,Clothing,1894.0,2,3788.0,Pending
2024-04-21,Ahmed Ali,info@market.eg,Home Decor,2875.0,9,25875.0,Pending
2024-09-04,Ali Hassan,sales@hub.com,Electronics,4185.0,7,29295.0,Refunded
2024-06-07,Ali Hassan,yomna.dev@email.com,Books,3381.0,9,30429.0,Pending
2024-02-19,Ahmed Ali,test.a@web.net,Books,4152.0,6,24912.0,Pending
2024-06-08,Omar Farouk,user1@mail.com,Home Decor,3993.0,1,3993.0,Cancelled
2024-02-09,Ahmed Ali,test.a@web.net,Office Supplies,3163.0,2,6326.0,Refunded
2024-04-28,Sara Ahmed,admin@tech.io,Groceries,1461.0,5,7305.0,Refunded
2024-02-05,Zainab Tarek,info@market.eg,Office Supplies,2293.0,5,11465.0,Shipped
2024-08-05,Ali Hassan,yomna.dev@email.com,Groceries,4867.0,10,48670.0,Cancelled
2024-09-10,Marwan Khaled,sales@hub.com,Home Decor,4556.0,4,18224.0,Pending
2024-02-17,Mona Zaki,sales@hub.com,Groceries,3743.0,3,11229.0,Shipped
2024-08-28,Yomna Soror,user1@mail.com,Office Supplies,4677.0,8,37416.0,Pending
2024-12-14,Mona Zaki,yomna.dev@email.com,Electronics,3098.0,5,15490.0,Refunded
2024-12-02,Ahmed Ali,yomna.dev@email.com,Clothing,3651.0,6,21906.0,Pending
2024-12-21,Layla Mohamed,yomna.dev@email.com,Books,2720.0,6,16320.0,Shipped
2024-11-10,Ahmed Ali,user1@mail.com,Electronics,291.0,8,2328.0,Refunded
2024-07-20,Mona Zaki,admin@tech.io,Office Supplies,1417.0,10,14170.0,Completed
2024-10-04,Marwan Khaled,yomna.dev@email.com,Office Supplies,550.0,3,1650.0,Completed
2024-09-18,Layla Mohamed,contact@service.org,Home Decor,1705.0,7,11935.0,Refunded
2024-02-18,Layla Mohamed,contact@service.org,Electronics,614.0,10,6140.0,Cancelled
2024-06-11,Layla Mohamed,test.a@web.net,Groceries,809.0,2,1618.0,Pending
2024-03-02,Ali Hassan,info@market.eg,Books,449.0,6,2694.0,Completed
2024-10-23,Ahmed Ali,contact@service.org,Electronics,1661.0,2,3322.0,Cancelled
2024-09-06,Layla Mohamed,test.a@web.net,Office Supplies,4166.0,4,16664.0,Pending
2024-06-15,Huda Mansour,sales@hub.com,Books,1190.0,8,9520.0,Cancelled
2024-04-02,Omar Farouk,admin@tech.io,Clothing,3210.0,5,16050.0,Completed
2024-12-27,Marwan Khaled,test.a@web.net,Clothing,4636.0,9,41724.0,Refunded
2024-04-09,Layla Mohamed,contact@service.org,Books,3963.0,8,31704.0,Shipped
2024-01-13,Marwan Khaled,contact@service.org,Books,2050.0,1,2050.0,Shipped
2024-04-14,Ahmed Ali,sales@hub.com,Electronics,4015.0,2,8030.0,Completed
2024-02-13,Huda Mansour,admin@tech.io,Home Decor,3042.0,9,27378.0,Refunded
2024-06-28,Zainab Tarek,admin@tech.io,Groceries,4051.0,4,16204.0,Cancelled
2024-06-09,Zainab Tarek,admin@tech.io,Office Supplies,2798.0,1,2798.0,Shipped
2024-03-09,Zainab Tarek,sales@hub.com,Groceries,2485.0,1,2485.0,Refunded
2024-04-21,Ahmed Ali,test.a@web.net,Home Decor,4116.0,10,41160.0,Completed
2024-11-01,Layla Mohamed,m.zaki@mail.com,Electronics,2082.0,9,18738.0,Completed
2024-07-08,Huda Mansour,info@market.eg,Clothing,1473.0,3,4419.0,Refunded
2024-03-08,Layla Mohamed,user1@mail.com,Groceries,995.0,4,3980.0,Completed
2024-09-16,Ali Hassan,admin@tech.io,Electronics,4830.0,5,24150.0,Cancelled
2024-01-16,Layla Mohamed,contact@service.org,Electronics,1142.0,5,5710.0,Refunded
2024-02-12,Huda Mansour,contact@service.org,Books,3132.0,7,21924.0,Completed
2024-05-28,Huda Mansour,contact@service.org,Clothing,1961.0,2,3922.0,Shipped
2024-03-12,Zainab Tarek,m.zaki@mail.com,Office Supplies,2974.0,9,26766.0,Refunded
2024-12-09,Zainab Tarek,test.a@web.net,Electronics,327.0,2,654.0,Cancelled
2024-01-14,Mona Zaki,m.zaki@mail.com,Books,4778.0,2,9556.0,Refunded
2024-04-23,Huda Mansour,sales@hub.com,Office Supplies,2328.0,6,13968.0,Pending
2024-06-22,Yomna Soror,yomna.dev@email.com,Groceries,2591.0,1,2591.0,Completed
2024-12-09,Huda Mansour,test.a@web.net,Electronics,1814.0,6,10884.0,Shipped
2024-09-22,Ahmed Ali,contact@service.org,Office Supplies,648.0,10,6480.0,Cancelled
2024-02-19,Sara Ahmed,yomna.dev@email.com,Groceries,684.0,6,4104.0,Cancelled
2024-02-18,Ali Hassan,yomna.dev@email.com,Electronics,3123.0,6,18738.0,Cancelled
2024-06-28,Marwan Khaled,yomna.dev@email.com,Books,2308.0,8,18464.0,Shipped
2024-08-19,Sara Ahmed,info@market.eg,Electronics,1221.0,4,4884.0,Shipped
2024-12-02,Omar Farouk,test.a@web.net,Clothing,3531.0,3,10593.0,Cancelled
2024-12-09,Huda Mansour,user1@mail.com,Clothing,896.0,2,1792.0,Cancelled
2024-03-20,Marwan Khaled,m.zaki@mail.com,Office Supplies,3105.0,2,6210.0,Refunded
2024-05-14,Zainab Tarek,user1@mail.com,Office Supplies,2988.0,2,5976.0,Cancelled
2024-04-27,Mona Zaki,sales@hub.com,Clothing,544.0,6,3264.0,Shipped
2024-10-01,Mona Zaki,user1@mail.com,Clothing,3195.0,8,25560.0,Refunded
2024-08-25,Layla Mohamed,contact@service.org,Books,915.0,9,8235.0,Cancelled
2024-03-13,Omar Farouk,info@market.eg,Books,210.0,9,1890.0,Pending
2024-03-28,Omar Farouk,contact@service.org,Home Decor,1761.0,8,14088.0,Refunded
2024-03-12,Omar Farouk,sales@hub.com,Electronics,520.0,9,4680.0,Pending
2024-04-15,Omar Farouk,m.zaki@mail.com,Electronics,3121.0,4,12484.0,Completed
2024-05-28,Mona Zaki,m.zaki@mail.com,Home Decor,4924.0,3,14772.0,Pending
2024-01-09,Marwan Khaled,yomna.dev@email.com,Books,1244.0,5,6220.0,Pending
2024-10-19,Marwan Khaled,yomna.dev@email.com,Clothing,3291.0,6,19746.0,Cancelled
2024-09-05,Layla Mohamed,user1@mail.com,Home Decor,4911.0,7,34377.0,Pending
2024-11-28,Ahmed Ali,yomna.dev@email.com,Electronics,344.0,2,688.0,Cancelled
2024-10-22,Omar Farouk,contact@service.org,Home Decor,1202.0,5,6010.0,Pending
2024-07-04,Marwan Khaled,yomna.dev@email.com,Clothing,790.0,7,5530.0,Shipped
2024-09-20,Sara Ahmed,sales@hub.com,Clothing,4115.0,5,20575.0,Shipped
2024-01-05,Ali Hassan,user1@mail.com,Books,2202.0,3,6606.0,Shipped
2024-02-11,Layla Mohamed,info@market.eg,Office Supplies,3069.0,5,15345.0,Cancelled
2024-01-12,Omar Farouk,m.zaki@mail.com,Home Decor,1557.0,9,14013.0,Completed
2024-06-04,Ali Hassan,user1@mail.com,Clothing,3202.0,8,25616.0,Completed
2024-07-03,Ali Hassan,contact@service.org,Office Supplies,1859.0,2,3718.0,Cancelled
2024-12-11,Zainab Tarek,info@market.eg,Clothing,109.0,1,109.0,Refunded
2024-08-23,Ali Hassan,admin@tech.io,Office Supplies,2745.0,3,8235.0,Cancelled
2024-04-11,Omar Farouk,m.zaki@mail.com,Home Decor,387.0,3,1161.0,Pending
2024-03-17,Mona Zaki,user1@mail.com,Clothing,758.0,3,2274.0,Completed
2024-09-10,Zainab Tarek,user1@mail.com,Clothing,310.0,8,2480.0,Completed
2024-07-04,Omar Farouk,contact@service.org,Groceries,2994.0,2,5988.0,Refunded
2024-12-08,Layla Mohamed,admin@tech.io,Home Decor,3479.0,4,13916.0,Shipped
2024-07-16,Huda Mansour,m.zaki@mail.com,Books,1728.0,2,3456.0,Cancelled
2024-03-15,Omar Farouk,contact@service.org,Home Decor,243.0,7,1701.0,Shipped
2024-01-25,Omar Farouk,yomna.dev@email.com,Books,4258.0,3,12774.0,Cancelled
2024-06-26,Zainab Tarek,test.a@web.net,Office Supplies,2490.0,6,14940.0,Refunded
2024-03-28,Sara Ahmed,admin@tech.io,Groceries,4770.0,3,14310.0,Completed
2024-03-03,Huda Mansour,admin@tech.io,Electronics,1522.0,5,7610.0,Refunded
2024-05-05,Omar Farouk,user1@mail.com,Office Supplies,4045.0,8,32360.0,Refunded
2024-12-09,Ahmed Ali,admin@tech.io,Electronics,841.0,3,2523.0,Refunded
2024-11-06,Marwan Khaled,test.a@web.net,Groceries,166.0,4,664.0,Completed
2024-10-24,Marwan Khaled,contact@service.org,Clothing,2576.0,4,10304.0,Completed
2024-01-16,Ali Hassan,yomna.dev@email.com,Clothing,4077.0,7,28539.0,Refunded
2024-03-27,Ali Hassan,m.zaki@mail.com,Office Supplies,4697.0,7,32879.0,Completed
2024-11-10,Ahmed Ali,m.zaki@mail.com,Groceries,1158.0,10,11580.0,Cancelled
2024-07-21,Marwan Khaled,m.zaki@mail.com,Home Decor,2966.0,9,26694.0,Cancelled
2024-10-05,Mona Zaki,admin@tech.io,Groceries,988.0,8,7904.0,Pending
2024-03-04,Yomna Soror,yomna.dev@email.com,Office Supplies,2306.0,7,16142.0,Cancelled
2024-07-28,Marwan Khaled,test.a@web.net,Groceries,796.0,1,796.0,Pending
2024-07-21,Huda Mansour,yomna.dev@email.com,Groceries,2299.0,7,16093.0,Shipped
2024-02-10,Marwan Khaled,test.a@web.net,Clothing,3862.0,4,15448.0,Refunded
2024-03-12,Ahmed Ali,m.zaki@mail.com,Home Decor,1131.0,9,10179.0,Cancelled
2024-12-14,Sara Ahmed,contact@service.org,Books,1873.0,2,3746.0,Refunded
2024-04-01,Mona Zaki,yomna.dev@email.com,Office Supplies,2913.0,10,29130.0,Completed
2024-03-14,Sara Ahmed,contact@service.org,Electronics,4964.0,3,14892.0,Cancelled
2024-04-03,Ali Hassan,contact@service.org,Home Decor,69.0,7,483.0,Shipped
2024-11-16,Sara Ahmed,test.a@web.net,Office Supplies,822.0,4,3288.0,Refunded
2024-08-13,Huda Mansour,contact@service.org,Clothing,3232.0,9,29088.0,Shipped
2024-01-16,Yomna Soror,yomna.dev@email.com,Clothing,3043.0,5,15215.0,Completed
2024-08-08,Ali Hassan,test.a@web.net,Office Supplies,2710.0,3,8130.0,Completed
2024-12-19,Sara Ahmed,admin@tech.io,Office Supplies,2845.0,2,5690.0,Refunded
2024-12-14,Ahmed Ali,contact@service.org,Clothing,1446.0,1,1446.0,Cancelled
2024-01-15,Huda Mansour,sales@hub.com,Electronics,864.0,8,6912.0,Completed
2024-03-20,Mona Zaki,user1@mail.com,Groceries,1648.0,10,16480.0,Cancelled
2024-09-13,Ahmed Ali,sales@hub.com,Clothing,4266.0,4,17064.0,Shipped
2024-08-14,Mona Zaki,admin@tech.io,Clothing,4219.0,7,29533.0,Refunded
2024-07-23,Marwan Khaled,m.zaki@mail.com,Clothing,1397.0,8,11176.0,Refunded
2024-03-11,Mona Zaki,sales@hub.com,Office Supplies,3488.0,2,6976.0,Shipped
2024-10-18,Huda Mansour,sales@hub.com,Electronics,3691.0,2,7382.0,Completed
2024-01-11,Layla Mohamed,yomna.dev@email.com,Home Decor,1114.0,2,2228.0,Refunded
2024-12-09,Ali Hassan,user1@mail.com,Home Decor,1497.0,10,14970.0,Completed
2024-04-10,Ahmed Ali,info@market.eg,Groceries,2707.0,3,8121.0,Cancelled
2024-07-13,Omar Farouk,user1@mail.com,Home Decor,1080.0,6,6480.0,Shipped
2024-09-14,Huda Mansour,test.a@web.net,Groceries,1894.0,10,18940.0,Completed
2024-12-25,Omar Farouk,sales@hub.com,Home Decor,4184.0,1,4184.0,Shipped
2024-11-25,Zainab Tarek,test.a@web.net,Office Supplies,3299.0,6,19794.0,Refunded
2024-11-04,Sara Ahmed,user1@mail.com,Clothing,210.0,7,1470.0,Cancelled
2024-02-18,Sara Ahmed,test.a@web.net,Clothing,53.0,7,371.0,Refunded
2024-12-03,Mona Zaki,admin@tech.io,Electronics,3452.0,1,3452.0,Pending
2024-01-11,Zainab Tarek,sales@hub.com,Clothing,4878.0,6,29268.0,Completed
2024-10-08,Mona Zaki,contact@service.org,Home Decor,3549.0,2,7098.0,Shipped
2024-08-17,Marwan Khaled,sales@hub.com,Electronics,4645.0,8,37160.0,Completed
2024-04-11,Mona Zaki,info@market.eg,Home Decor,4335.0,6,26010.0,Completed
2024-03-26,Yomna Soror,sales@hub.com,Home Decor,2726.0,1,2726.0,Shipped
2024-04-10,Zainab Tarek,user1@mail.com,Home Decor,1079.0,2,2158.0,Pending
2024-03-07,Zainab Tarek,info@market.eg,Electronics,2995.0,6,17970.0,Pending
2024-06-27,Sara Ahmed,contact@service.org,Clothing,1698.0,4,6792.0,Completed
2024-11-01,Ahmed Ali,user1@mail.com,Office Supplies,1429.0,4,5716.0,Cancelled
2024-08-19,Ali Hassan,user1@mail.com,Groceries,68.0,5,340.0,Shipped
2024-02-01,Huda Mansour,yomna.dev@email.com,Home Decor,4371.0,8,34968.0,Pending
2024-02-18,Sara Ahmed,user1@mail.com,Office Supplies,2372.0,10,23720.0,Pending
2024-05-03,Marwan Khaled,m.zaki@mail.com,Groceries,2068.0,4,8272.0,Cancelled
2024-02-02,Mona Zaki,admin@tech.io,Office Supplies,2112.0,9,19008.0,Completed
2024-02-05,Sara Ahmed,m.zaki@mail.com,Books,4218.0,7,29526.0,Refunded
2024-10-13,Marwan Khaled,user1@mail.com,Office Supplies,1246.0,4,4984.0,Cancelled
2024-05-27,Zainab Tarek,user1@mail.com,Books,4237.0,4,16948.0,Cancelled
2024-09-25,Sara Ahmed,sales@hub.com,Books,3368.0,6,20208.0,Cancelled
2024-02-12,Ali Hassan,yomna.dev@email.com,Clothing,2870.0,8,22960.0,Pending
2024-06-03,Huda Mansour,yomna.dev@email.com,Electronics,718.0,9,6462.0,Refunded
2024-12-08,Sara Ahmed,user1@mail.com,Groceries,2583.0,9,23247.0,Shipped
2024-07-27,Mona Zaki,m.zaki@mail.com,Books,164.0,2,328.0,Pending
2024-03-27,Omar Farouk,info@market.eg,Office Supplies,1648.0,4,6592.0,Cancelled
2024-06-25,Mona Zaki,admin@tech.io,Office Supplies,2599.0,9,23391.0,Shipped
2024-03-18,Zainab Tarek,admin@tech.io,Office Supplies,882.0,8,7056.0,Pending
2024-09-21,Ali Hassan,info@market.eg,Electronics,471.0,9,4239.0,Completed
2024-02-13,Ali Hassan,yomna.dev@email.com,Groceries,3653.0,6,21918.0,Shipped
2024-08-10,Marwan Khaled,user1@mail.com,Clothing,2807.0,8,22456.0,Shipped
2024-09-05,Huda Mansour,contact@service.org,Electronics,2015.0,6,12090.0,Refunded
2024-09-11,Omar Farouk,test.a@web.net,Office Supplies,2346.0,3,7038.0,Refunded
2024-09-03,Layla Mohamed,yomna.dev@email.com,Groceries,4611.0,5,23055.0,Cancelled
2024-08-25,Marwan Khaled,user1@mail.com,Groceries,4459.0,6,26754.0,Shipped
2024-05-12,Layla Mohamed,yomna.dev@email.com,Home Decor,2097.0,8,16776.0,Refunded
2024-10-17,Layla Mohamed,admin@tech.io,Clothing,491.0,1,491.0,Pending
2024-09-27,Zainab Tarek,contact@service.org,Electronics,77.0,3,231.0,Shipped
2024-04-20,Zainab Tarek,m.zaki@mail.com,Books,3404.0,10,34040.0,Shipped
2024-05-10,Mona Zaki,yomna.dev@email.com,Office Supplies,2189.0,4,8756.0,Refunded
2024-05-21,Omar Farouk,user1@mail.com,Groceries,340.0,5,1700.0,Pending
2024-01-20,Mona Zaki,contact@service.org,Books,4205.0,9,37845.0,Shipped
2024-07-17,Layla Mohamed,user1@mail.com,Clothing,4715.0,7,33005.0,Shipped
2024-06-19,Huda Mansour,contact@service.org,Office Supplies,2169.0,1,2169.0,Pending
2024-03-20,Huda Mansour,test.a@web.net,Office Supplies,3313.0,6,19878.0,Cancelled
2024-10-08,Zainab Tarek,info@market.eg,Groceries,3338.0,1,3338.0,Refunded
2024-07-05,Ahmed Ali,test.a@web.net,Books,69.0,1,69.0,Completed
2024-01-27,Huda Mansour,admin@tech.io,Electronics,2738.0,5,13690.0,Shipped
2024-12-12,Ali Hassan,yomna.dev@email.com,Home Decor,3170.0,7,22190.0,Refunded
2024-04-25,Huda Mansour,admin@tech.io,Electronics,454.0,8,3632.0,Cancelled
2024-05-07,Mona Zaki,yomna.dev@email.com,Electronics,4594.0,8,36752.0,Pending
2024-01-28,Ahmed Ali,user1@mail.com,Electronics,3299.0,4,13196.0,Refunded
2024-04-09,Layla Mohamed,sales@hub.com,Electronics,2450.0,5,12250.0,Refunded
2024-08-06,Huda Mansour,user1@mail.com,Books,2507.0,5,12535.0,Cancelled
2024-07-08,Ahmed Ali,admin@tech.io,Electronics,1825.0,5,9125.0,Shipped
2024-10-10,Layla Mohamed,m.zaki@mail.com,Clothing,3192.0,7,22344.0,Shipped
2024-01-05,Layla Mohamed,yomna.dev@email.com,Books,507.0,6,3042.0,Pending
2024-12-07,Sara Ahmed,admin@tech.io,Office Supplies,3736.0,5,18680.0,Refunded
2024-02-10,Mona Zaki,contact@service.org,Office Supplies,2296.0,10,22960.0,Refunded
2024-07-06,Layla Mohamed,info@market.eg,Clothing,596.0,8,4768.0,Cancelled
2024-08-06,Mona Zaki,yomna.dev@email.com,Home Decor,2814.0,3,8442.0,Pending
2024-05-21,Ahmed Ali,user1@mail.com,Books,668.0,8,5344.0,Shipped
2024-07-09,Ali Hassan,user1@mail.com,Electronics,2644.0,6,15864.0,Completed
2024-01-14,Sara Ahmed,contact@service.org,Books,3242.0,2,6484.0,Refunded
2024-12-21,Yomna Soror,m.zaki@mail.com,Books,3840.0,10,38400.0,Pending
2024-07-09,Yomna Soror,admin@tech.io,Books,4655.0,6,27930.0,Cancelled
2024-06-25,Huda Mansour,test.a@web.net,Electronics,3852.0,3,11556.0,Refunded
2024-07-06,Sara Ahmed,yomna.dev@email.com,Books,317.0,6,1902.0,Refunded
2024-06-06,Ali Hassan,m.zaki@mail.com,Home Decor,1121.0,10,11210.0,Completed
2024-01-26,Ahmed Ali,user1@mail.com,Groceries,3573.0,7,25011.0,Cancelled
2024-10-13,Layla Mohamed,yomna.dev@email.com,Groceries,886.0,3,2658.0,Cancelled
2024-09-24,Layla Mohamed,info@market.eg,Groceries,1808.0,1,1808.0,Shipped
2024-03-27,Yomna Soror,user1@mail.com,Groceries,1528.0,9,13752.0,Completed
2024-12-22,Ahmed Ali,contact@service.org,Electronics,1168.0,4,4672.0,Pending
2024-09-01,Sara Ahmed,sales@hub.com,Office Supplies,325.0,6,1950.0,Completed
2024-07-08,Mona Zaki,test.a@web.net,Home Decor,4921.0,9,44289.0,Shipped
2024-05-17,Yomna Soror,admin@tech.io,Electronics,3623.0,5,18115.0,Shipped
2024-02-26,Zainab Tarek,contact@service.org,Home Decor,4921.0,7,34447.0,Completed
2024-12-21,Yomna Soror,contact@service.org,Clothing,523.0,6,3138.0,Pending
2024-12-22,Ali Hassan,info@market.eg,Groceries,2040.0,2,4080.0,Shipped
2024-09-12,Layla Mohamed,info@market.eg,Electronics,4632.0,4,18528.0,Cancelled
2024-06-09,Huda Mansour,info@market.eg,Office Supplies,319.0,4,1276.0,Completed
2024-12-19,Ali Hassan,contact@service.org,Books,4417.0,2,8834.0,Completed
2024-08-26,Mona Zaki,user1@mail.com,Office Supplies,4242.0,9,38178.0,Completed
2024-01-01,Ahmed Ali,m.zaki@mail.com,Books,2074.0,4,8296.0,Cancelled
2024-05-11,Marwan Khaled,sales@hub.com,Clothing,82.0,10,820.0,Refunded
2024-01-24,Ahmed Ali,contact@service.org,Electronics,2851.0,9,25659.0,Shipped
2024-12-07,Layla Mohamed,test.a@web.net,Electronics,4793.0,10,47930.0,Shipped
2024-11-13,Marwan Khaled,test.a@web.net,Groceries,1969.0,9,17721.0,Refunded
2024-04-08,Omar Farouk,admin@tech.io,Electronics,4824.0,2,9648.0,Cancelled
2024-10-17,Mona Zaki,sales@hub.com,Electronics,2281.0,4,9124.0,Refunded
2024-04-21,Yomna Soror,m.zaki@mail.com,Home Decor,3430.0,10,34300.0,Completed
2024-05-09,Yomna Soror,info@market.eg,Clothing,433.0,3,1299.0,Completed
2024-11-17,Ahmed Ali,yomna.dev@email.com,Home Decor,3060.0,9,27540.0,Pending
2024-03-02,Ali Hassan,m.zaki@mail.com,Electronics,4989.0,1,4989.0,Pending
2024-07-11,Omar Farouk,yomna.dev@email.com,Home Decor,3340.0,1,3340.0,Cancelled
2024-06-20,Sara Ahmed,admin@tech.io,Office Supplies,974.0,5,4870.0,Shipped
2024-03-24,Ahmed Ali,sales@hub.com,Books,1804.0,5,9020.0,Pending
2024-12-24,Layla Mohamed,yomna.dev@email.com,Home Decor,3859.0,10,38590.0,Cancelled
2024-02-15,Yomna Soror,user1@mail.com,Books,4609.0,3,13827.0,Cancelled
2024-07-21,Ahmed Ali,m.zaki@mail.com,Clothing,360.0,7,2520.0,Refunded
2024-01-23,Ali Hassan,yomna.dev@email.com,Groceries,2352.0,1,2352.0,Refunded
2024-12-12,Yomna Soror,yomna.dev@email.com,Electronics,1256.0,6,7536.0,Cancelled
2024-06-17,Omar Farouk,user1@mail.com,Clothing,2155.0,3,6465.0,Refunded
2024-01-27,Mona Zaki,user1@mail.com,Clothing,3952.0,3,11856.0,Refunded
2024-01-14,Ahmed Ali,contact@service.org,Books,1822.0,6,10932.0,Cancelled
2024-05-01,Marwan Khaled,user1@mail.com,Electronics,2856.0,9,25704.0,Shipped
2024-06-20,Layla Mohamed,contact@service.org,Books,1799.0,6,10794.0,Refunded
2024-04-01,Zainab Tarek,contact@service.org,Books,4028.0,7,28196.0,Cancelled
2024-08-06,Yomna Soror,contact@service.org,Groceries,2806.0,4,11224.0,Cancelled
2024-11-02,Huda Mansour,m.zaki@mail.com,Groceries,3976.0,5,19880.0,Shipped
2024-08-25,Layla Mohamed,contact@service.org,Clothing,4113.0,10,41130.0,Shipped
2024-08-16,Mona Zaki,m.zaki@mail.com,Electronics,3406.0,1,3406.0,Completed
2024-06-26,Sara Ahmed,m.zaki@mail.com,Home Decor,3739.0,8,29912.0,Cancelled
2024-03-03,Zainab Tarek,yomna.dev@email.com,Home Decor,1922.0,7,13454.0,Refunded
2024-06-18,Sara Ahmed,admin@tech.io,Home Decor,1933.0,1,1933.0,Cancelled
2024-11-24,Sara Ahmed,yomna.dev@email.com,Groceries,3813.0,4,15252.0,Shipped
2024-01-09,Marwan Khaled,info@market.eg,Electronics,4038.0,3,12114.0,Completed
2024-09-06,Mona Zaki,test.a@web.net,Books,2858.0,2,5716.0,Completed
2024-07-21,Yomna Soror,user1@mail.com,Office Supplies,3864.0,10,38640.0,Cancelled
2024-04-27,Yomna Soror,info@market.eg,Office Supplies,4809.0,7,33663.0,Shipped
2024-08-08,Layla Mohamed,admin@tech.io,Electronics,1169.0,1,1169.0,Shipped
2024-08-24,Zainab Tarek,m.zaki@mail.com,Groceries,146.0,7,1022.0,Shipped
2024-09-15,Mona Zaki,admin@tech.io,Books,1993.0,2,3986.0,Pending
2024-08-03,Mona Zaki,admin@tech.io,Home Decor,4605.0,2,9210.0,Pending
2024-01-22,Sara Ahmed,admin@tech.io,Home Decor,2482.0,9,22338.0,Completed
2024-07-06,Mona Zaki,yomna.dev@email.com,Books,2655.0,7,18585.0,Pending
2024-01-10,Ahmed Ali,contact@service.org,Office Supplies,3285.0,7,22995.0,Completed
2024-10-03,Omar Farouk,test.a@web.net,Books,3614.0,10,36140.0,Pending
2024-11-10,Sara Ahmed,user1@mail.com,Groceries,3754.0,10,37540.0,Refunded
2024-01-07,Ahmed Ali,yomna.dev@email.com,Electronics,2398.0,7,16786.0,Completed
2024-10-11,Omar Farouk,m.zaki@mail.com,Clothing,3020.0,2,6040.0,Shipped
2024-06-08,Yomna Soror,test.a@web.net,Books,3223.0,3,9669.0,Cancelled
2024-03-18,Sara Ahmed,test.a@web.net,Electronics,4192.0,4,16768.0,Completed
2024-01-28,Ali Hassan,sales@hub.com,Groceries,1345.0,3,4035.0,Refunded
2024-11-04,Sara Ahmed,contact@service.org,Clothing,4659.0,2,9318.0,Shipped
2024-01-17,Zainab Tarek,sales@hub.com,Office Supplies,2775.0,8,22200.0,Completed
2024-07-21,Sara Ahmed,info@market.eg,Office Supplies,3832.0,2,7664.0,Cancelled
2024-09-17,Zainab Tarek,info@market.eg,Office Supplies,1927.0,1,1927.0,Completed
2024-07-20,Marwan Khaled,m.zaki@mail.com,Electronics,2514.0,2,5028.0,Completed
2024-09-16,Ali Hassan,info@market.eg,Home Decor,1088.0,6,6528.0,Pending
2024-06-15,Marwan Khaled,yomna.dev@email.com,Books,479.0,2,958.0,Completed
2024-02-18,Ahmed Ali,user1@mail.com,Office Supplies,3510.0,8,28080.0,Refunded
2024-07-13,Sara Ahmed,test.a@web.net,Clothing,2237.0,5,11185.0,Refunded
2024-08-28,Sara Ahmed,test.a@web.net,Office Supplies,3322.0,5,16610.0,Pending
2024-10-27,Ali Hassan,admin@tech.io,Clothing,3966.0,10,39660.0,Shipped
2024-04-16,Yomna Soror,m.zaki@mail.com,Clothing,3731.0,1,3731.0,Completed
2024-07-16,Mona Zaki,contact@service.org,Office Supplies,4819.0,10,48190.0,Completed
2024-01-01,Yomna Soror,info@market.eg,Books,2477.0,9,22293.0,Pending
2024-02-04,Sara Ahmed,contact@service.org,Electronics,584.0,1,584.0,Shipped
2024-04-02,Marwan Khaled,sales@hub.com,Home Decor,103.0,5,515.0,Cancelled
2024-06-10,Ali Hassan,admin@tech.io,Electronics,4887.0,6,29322.0,Pending
2024-08-13,Mona Zaki,m.zaki@mail.com,Groceries,3820.0,4,15280.0,Pending
2024-01-04,Ahmed Ali,m.zaki@mail.com,Books,4269.0,6,25614.0,Shipped
2024-02-21,Huda Mansour,admin@tech.io,Home Decor,746.0,10,7460.0,Pending
2024-07-20,Zainab Tarek,test.a@web.net,Groceries,3474.0,3,10422.0,Pending
2024-01-01,Mona Zaki,yomna.dev@email.com,Books,4393.0,7,30751.0,Cancelled
2024-08-05,Yomna Soror,yomna.dev@email.com,Books,1514.0,10,15140.0,Pending
2024-12-03,Zainab Tarek,admin@tech.io,Electronics,4375.0,6,26250.0,Pending
2024-02-16,Yomna Soror,m.zaki@mail.com,Home Decor,4867.0,8,38936.0,Shipped
2024-05-24,Yomna Soror,admin@tech.io,Books,1792.0,8,14336.0,Cancelled
2024-04-24,Sara Ahmed,user1@mail.com,Books,4044.0,5,20220.0,Pending
2024-02-15,Ali Hassan,,Groceries,2884.0,6,17304.0,Shipped
2024-05-20,Zainab Tarek,contact@service.org,Books,4955.0,1,4955.0,Shipped
2024-05-21,Layla Mohamed,user1@mail.com,Electronics,946.0,8,7568.0,Shipped
2024-12-04,Mona Zaki,m.zaki@mail.com,Office Supplies,4863.0,3,14589.0,Shipped
2024-05-23,Mona Zaki,yomna.dev@email.com,Books,2927.0,3,8781.0,Pending
2024-03-08,Huda Mansour,sales@hub.com,Clothing,1608.0,10,16080.0,Completed
2024-07-02,Yomna Soror,info@market.eg,Clothing,430.0,5,2150.0,Cancelled
2024-06-23,Yomna Soror,sales@hub.com,Books,2575.0,8,20600.0,Pending
2024-10-12,Marwan Khaled,user1@mail.com,Groceries,3725.0,4,14900.0,Cancelled
2024-12-15,Zainab Tarek,contact@service.org,Office Supplies,3135.0,4,12540.0,Cancelled
2024-11-04,Omar Farouk,admin@tech.io,Groceries,132.0,8,1056.0,Completed
2024-07-26,Zainab Tarek,m.zaki@mail.com,Groceries,4778.0,1,4778.0,Shipped
2024-08-28,Omar Farouk,info@market.eg,Books,3513.0,3,10539.0,Shipped
2024-10-26,Ahmed Ali,yomna.dev@email.com,Books,684.0,4,2736.0,Pending
2024-09-06,Yomna Soror,yomna.dev@email.com,Groceries,1957.0,4,7828.0,Pending
2024-05-20,Yomna Soror,admin@tech.io,Electronics,3847.0,7,26929.0,Completed
2024-11-18,Huda Mansour,test.a@web.net,Clothing,841.0,4,3364.0,Shipped
2024-07-23,Ahmed Ali,test.a@web.net,Office Supplies,3018.0,8,24144.0,Shipped
2024-09-11,Huda Mansour,test.a@web.net,Clothing,2827.0,5,14135.0,Shipped
2024-06-05,Yomna Soror,sales@hub.com,Office Supplies,1836.0,10,18360.0,Pending
2024-08-27,Huda Mansour,user1@mail.com,Office Supplies,82.0,2,164.0,Shipped
2024-11-27,Layla Mohamed,admin@tech.io,Books,2872.0,1,2872.0,Refunded
2024-02-14,Mona Zaki,user1@mail.com,Groceries,1394.0,5,6970.0,Shipped
2024-09-15,Ahmed Ali,m.zaki@mail.com,Groceries,918.0,1,918.0,Completed
2024-10-25,Sara Ahmed,yomna.dev@email.com,Home Decor,1095.0,2,2190.0,Pending
2024-09-22,Marwan Khaled,yomna.dev@email.com,Groceries,3623.0,9,32607.0,Refunded
2024-09-08,Huda Mansour,sales@hub.com,Groceries,3230.0,3,9690.0,Cancelled
2024-03-23,Marwan Khaled,yomna.dev@email.com,Groceries,1075.0,5,5375.0,Refunded
2024-07-28,Huda Mansour,user1@mail.com,Home Decor,877.0,9,7893.0,Shipped
2024-07-02,Omar Farouk,admin@tech.io,Electronics,1335.0,4,5340.0,Cancelled
2024-02-16,Yomna Soror,user1@mail.com,Office Supplies,1374.0,7,9618.0,Cancelled
2024-08-18,Yomna Soror,test.a@web.net,Electronics,2090.0,5,10450.0,Refunded
2024-01-26,Zainab Tarek,test.a@web.net,Books,507.0,8,4056.0,Pending
2024-09-19,Marwan Khaled,admin@tech.io,Clothing,3392.0,3,10176.0,Cancelled
2024-12-28,Sara Ahmed,contact@service.org,Electronics,3516.0,8,28128.0,Shipped
2024-09-11,Sara Ahmed,test.a@web.net,Clothing,837.0,5,4185.0,Completed
2024-07-14,Ahmed Ali,m.zaki@mail.com,Books,2669.0,8,21352.0,Pending
2024-01-23,Huda Mansour,m.zaki@mail.com,Clothing,1839.0,10,18390.0,Completed
2024-04-02,Ali Hassan,yomna.dev@email.com,Groceries,1868.0,6,11208.0,Pending
2024-09-05,Ali Hassan,yomna.dev@email.com,Books,3369.0,3,10107.0,Refunded
2024-10-09,Marwan Khaled,user1@mail.com,Clothing,1642.0,2,3284.0,Completed
2024-10-02,Yomna Soror,info@market.eg,Electronics,165.0,1,165.0,Completed
2024-06-27,Mona Zaki,user1@mail.com,Groceries,2387.0,2,4774.0,Refunded
2024-09-20,Sara Ahmed,test.a@web.net,Office Supplies,2268.0,5,11340.0,Shipped
2024-03-06,Layla Mohamed,contact@service.org,Electronics,2446.0,5,12230.0,Completed
2024-12-08,Yomna Soror,contact@service.org,Books,599.0,5,2995.0,Pending
2024-12-17,Zainab Tarek,user1@mail.com,Groceries,4098.0,6,24588.0,Shipped
2024-05-15,Mona Zaki,sales@hub.com,Clothing,88.0,4,352.0,Completed
2024-10-24,Ahmed Ali,info@market.eg,Groceries,1540.0,6,9240.0,Shipped
2024-11-24,Layla Mohamed,test.a@web.net,Office Supplies,4379.0,2,8758.0,Pending
2024-12-04,Zainab Tarek,user1@mail.com,Office Supplies,54.0,3,162.0,Pending
2024-12-13,Zainab Tarek,admin@tech.io,Office Supplies,2514.0,4,10056.0,Refunded
2024-11-09,Ali Hassan,contact@service.org,Electronics,1850.0,4,7400.0,Cancelled
2024-05-25,Omar Farouk,sales@hub.com,Home Decor,2896.0,7,20272.0,Pending
2024-12-01,Marwan Khaled,admin@tech.io,Office Supplies,1156.0,7,8092.0,Completed
2024-07-04,Mona Zaki,info@market.eg,Groceries,4339.0,1,4339.0,Refunded
2024-07-02,Yomna Soror,test.a@web.net,Office Supplies,2566.0,1,2566.0,Refunded
2024-06-03,Zainab Tarek,info@market.eg,Books,4985.0,10,49850.0,Refunded
2024-10-19,Yomna Soror,test.a@web.net,Office Supplies,4478.0,1,4478.0,Shipped
2024-05-22,Ahmed Ali,admin@tech.io,Home Decor,2225.0,8,17800.0,Cancelled
2024-01-15,Huda Mansour,sales@hub.com,Office Supplies,1209.0,7,8463.0,Refunded
2024-09-09,Layla Mohamed,user1@mail.com,Clothing,597.0,6,3582.0,Shipped
2024-03-07,Omar Farouk,yomna.dev@email.com,Groceries,2514.0,10,25140.0,Pending
2024-01-01,Marwan Khaled,user1@mail.com,Electronics,3077.0,8,24616.0,Completed
2024-03-09,Yomna Soror,m.zaki@mail.com,Electronics,4897.0,8,39176.0,Completed
2024-11-06,Ali Hassan,user1@mail.com,Clothing,4312.0,3,12936.0,Completed
2024-05-25,Sara Ahmed,m.zaki@mail.com,Electronics,466.0,5,2330.0,Completed
2024-09-20,Yomna Soror,info@market.eg,Office Supplies,4257.0,3,12771.0,Completed
2024-10-24,Yomna Soror,m.zaki@mail.com,Office Supplies,1441.0,10,14410.0,Completed
2024-10-21,Yomna Soror,admin@tech.io,Home Decor,1128.0,5,5640.0,Cancelled
2024-04-11,Marwan Khaled,sales@hub.com,Clothing,523.0,1,523.0,Shipped
2024-09-07,Zainab Tarek,admin@tech.io,Groceries,3151.0,9,28359.0,Refunded
2024-01-15,Ahmed Ali,contact@service.org,Groceries,993.0,4,3972.0,Refunded
2024-06-09,Sara Ahmed,test.a@web.net,Books,2514.0,9,22626.0,Pending
2024-05-12,Sara Ahmed,yomna.dev@email.com,Electronics,895.0,6,5370.0,Completed
2024-01-21,Mona Zaki,m.zaki@mail.com,Electronics,4514.0,3,13542.0,Completed
2024-08-27,Layla Mohamed,test.a@web.net,Books,651.0,7,4557.0,Shipped
2024-01-05,Ahmed Ali,test.a@web.net,Clothing,2863.0,6,17178.0,Refunded
2024-08-28,Omar Farouk,yomna.dev@email.com,Groceries,4177.0,1,4177.0,Refunded
2024-06-24,Omar Farouk,contact@service.org,Home Decor,320.0,6,1920.0,Shipped
2024-05-03,Omar Farouk,info@market.eg,Office Supplies,674.0,5,3370.0,Refunded
2024-07-01,Omar Farouk,sales@hub.com,Books,2360.0,7,16520.0,Refunded
2024-08-11,Ali Hassan,yomna.dev@email.com,Books,3645.0,1,3645.0,Completed
2024-01-10,Marwan Khaled,yomna.dev@email.com,Office Supplies,1299.0,8,10392.0,Refunded
2024-01-24,Zainab Tarek,test.a@web.net,Groceries,3254.0,6,19524.0,Cancelled
2024-04-21,Yomna Soror,admin@tech.io,Office Supplies,4836.0,9,43524.0,Cancelled
2024-10-10,Layla Mohamed,m.zaki@mail.com,Home Decor,2072.0,3,6216.0,Refunded
2024-01-14,Layla Mohamed,info@market.eg,Groceries,1621.0,5,8105.0,Refunded
2024-12-10,Ahmed Ali,admin@tech.io,Home Decor,3784.0,5,18920.0,Completed
2024-05-04,Marwan Khaled,m.zaki@mail.com,Office Supplies,958.0,1,958.0,Cancelled
2024-11-14,Huda Mansour,m.zaki@mail.com,Electronics,2543.0,8,20344.0,Refunded
2024-10-09,Sara Ahmed,contact@service.org,Home Decor,2792.0,6,16752.0,Completed
2024-12-10,Sara Ahmed,sales@hub.com,Groceries,2514.0,1,2514.0,Pending
2024-06-16,Ahmed Ali,user1@mail.com,Books,3124.0,7,21868.0,Refunded
2024-05-08,Sara Ahmed,user1@mail.com,Home Decor,4335.0,6,26010.0,Refunded
2024-07-17,Yomna Soror,contact@service.org,Electronics,1375.0,10,13750.0,Completed
2024-06-25,Huda Mansour,user1@mail.com,Office Supplies,1458.0,4,5832.0,Shipped
2024-05-22,Marwan Khaled,yomna.dev@email.com,Books,4802.0,10,48020.0,Refunded
2024-06-03,Zainab Tarek,sales@hub.com,Office Supplies,3888.0,6,23328.0,Completed
2024-03-28,Mona Zaki,test.a@web.net,Office Supplies,1719.0,3,5157.0,Refunded
2024-12-01,Yomna Soror,yomna.dev@email.com,Home Decor,461.0,2,922.0,Pending
2024-10-04,Zainab Tarek,m.zaki@mail.com,Clothing,1367.0,2,2734.0,Refunded
2024-01-21,Marwan Khaled,test.a@web.net,Groceries,3005.0,9,27045.0,Shipped
2024-08-11,Sara Ahmed,info@market.eg,Office Supplies,124.0,3,372.0,Cancelled
2024-06-04,Ahmed Ali,yomna.dev@email.com,Books,866.0,2,1732.0,Refunded
2024-02-19,Omar Farouk,contact@service.org,Clothing,2078.0,4,8312.0,Shipped
2024-06-26,Layla Mohamed,user1@mail.com,Books,2115.0,9,19035.0,Cancelled
2024-10-28,Huda Mansour,info@market.eg,Clothing,2105.0,5,10525.0,Cancelled
2024-01-01,Marwan Khaled,yomna.dev@email.com,Home Decor,4249.0,7,29743.0,Completed
2024-09-05,Ahmed Ali,contact@service.org,Groceries,721.0,1,721.0,Refunded
2024-09-10,Layla Mohamed,sales@hub.com,Groceries,3595.0,6,21570.0,Pending
2024-09-11,Zainab Tarek,contact@service.org,Electronics,3851.0,2,7702.0,Cancelled
2024-10-12,Huda Mansour,m.zaki@mail.com,Office Supplies,653.0,8,5224.0,Refunded
2024-01-25,Zainab Tarek,contact@service.org,Books,1713.0,5,8565.0,Cancelled
2024-09-22,Yomna Soror,user1@mail.com,Books,2207.0,5,11035.0,Shipped
2024-11-28,Layla Mohamed,test.a@web.net,Electronics,2579.0,6,15474.0,Cancelled
2024-09-28,Ahmed Ali,test.a@web.net,Clothing,2578.0,10,25780.0,Refunded
2024-12-16,Ali Hassan,test.a@web.net,Clothing,4139.0,6,24834.0,Pending
2024-09-10,Ahmed Ali,contact@service.org,Electronics,4516.0,2,9032.0,Completed
2024-07-01,Marwan Khaled,yomna.dev@email.com,Books,560.0,2,1120.0,Shipped
2024-01-06,Mona Zaki,yomna.dev@email.com,Groceries,1646.0,4,6584.0,Shipped
2024-02-15,Layla Mohamed,info@market.eg,Clothing,67.0,8,536.0,Pending
2024-10-08,Ahmed Ali,contact@service.org,Groceries,3318.0,6,19908.0,Pending
2024-08-27,Ahmed Ali,sales@hub.com,Books,4773.0,6,28638.0,Pending
2024-02-10,Marwan Khaled,admin@tech.io,Electronics,4341.0,3,13023.0,Cancelled
2024-12-15,Omar Farouk,sales@hub.com,Home Decor,2043.0,2,4086.0,Pending
2024-03-12,Zainab Tarek,yomna.dev@email.com,Books,601.0,2,1202.0,Cancelled
2024-09-02,Ali Hassan,test.a@web.net,Books,446.0,2,892.0,Shipped
2024-07-24,Huda Mansour,test.a@web.net,Books,4408.0,6,26448.0,Completed
2024-01-17,Omar Farouk,yomna.dev@email.com,Books,4290.0,4,17160.0,Refunded
2024-07-06,Layla Mohamed,contact@service.org,Books,3209.0,4,12836.0,Completed
2024-04-13,Yomna Soror,sales@hub.com,Office Supplies,111.0,6,666.0,Shipped
2024-03-05,Omar Farouk,admin@tech.io,Books,3325.0,1,3325.0,Pending
2024-12-27,Sara Ahmed,admin@tech.io,Office Supplies,3081.0,3,9243.0,Refunded
2024-12-16,Mona Zaki,sales@hub.com,Clothing,779.0,5,3895.0,Pending
2024-09-14,Omar Farouk,yomna.dev@email.com,Electronics,595.0,7,4165.0,Completed
2024-08-23,Mona Zaki,contact@service.org,Clothing,4788.0,6,28728.0,Pending
2024-06-09,Ahmed Ali,m.zaki@mail.com,Home Decor,2445.0,3,7335.0,Shipped
2024-12-22,Yomna Soror,m.zaki@mail.com,Home Decor,3858.0,9,34722.0,Cancelled
2024-05-25,Ahmed Ali,sales@hub.com,Office Supplies,4733.0,10,47330.0,Shipped
2024-01-12,Huda Mansour,yomna.dev@email.com,Electronics,2544.0,8,20352.0,Refunded
2024-02-28,Ali Hassan,admin@tech.io,Books,1167.0,3,3501.0,Cancelled
2024-03-17,Marwan Khaled,info@market.eg,Electronics,2646.0,1,2646.0,Completed
2024-03-10,Huda Mansour,info@market.eg,Electronics,127.0,2,254.0,Shipped
2024-05-13,Omar Farouk,test.a@web.net,Books,3462.0,3,10386.0,Shipped
2024-07-19,Yomna Soror,test.a@web.net,Books,2445.0,3,7335.0,Refunded
2024-10-09,Huda Mansour,yomna.dev@email.com,Home Decor,4050.0,6,24300.0,Pending
2024-03-17,Huda Mansour,admin@tech.io,Office Supplies,4748.0,3,14244.0,Refunded
2024-02-23,Sara Ahmed,m.zaki@mail.com,Groceries,3074.0,5,15370.0,Refunded
2024-07-25,Omar Farouk,contact@service.org,Groceries,4851.0,10,48510.0,Cancelled
2024-03-17,Ahmed Ali,contact@service.org,Clothing,4777.0,5,23885.0,Completed
2024-02-11,Yomna Soror,contact@service.org,Electronics,4752.0,7,33264.0,Completed
2024-10-21,Marwan Khaled,m.zaki@mail.com,Office Supplies,2738.0,9,24642.0,Shipped
2024-08-01,Mona Zaki,info@market.eg,Home Decor,788.0,7,5516.0,Pending
2024-02-28,Layla Mohamed,sales@hub.com,Groceries,2363.0,4,9452.0,Completed
2024-06-20,Yomna Soror,yomna.dev@email.com,Home Decor,3227.0,6,19362.0,Pending
2024-09-06,Sara Ahmed,sales@hub.com,Clothing,4408.0,2,8816.0,Pending
2024-11-25,Zainab Tarek,sales@hub.com,Home Decor,3565.0,6,21390.0,Pending
2024-10-20,Yomna Soror,user1@mail.com,Electronics,2584.0,10,25840.0,Completed
2024-06-19,Huda Mansour,info@market.eg,Groceries,1753.0,10,17530.0,Refunded
2024-09-23,Mona Zaki,admin@tech.io,Books,3488.0,1,3488.0,Refunded
2024-04-03,Ahmed Ali,admin@tech.io,Office Supplies,153.0,7,1071.0,Completed
2024-09-07,Ali Hassan,contact@service.org,Electronics,4437.0,5,22185.0,Cancelled
2024-10-21,Yomna Soror,sales@hub.com,Home Decor,3938.0,6,23628.0,Refunded
2024-06-06,Mona Zaki,m.zaki@mail.com,Groceries,218.0,4,872.0,Completed
2024-08-25,Ali Hassan,m.zaki@mail.com,Groceries,2886.0,9,25974.0,Pending
2024-11-02,Ali Hassan,yomna.dev@email.com,Office Supplies,2752.0,3,8256.0,Shipped
2024-02-01,Ali Hassan,contact@service.org,Home Decor,2336.0,2,4672.0,Refunded
2024-05-02,Huda Mansour,test.a@web.net,Clothing,3396.0,5,16980.0,Refunded
2024-01-10,Mona Zaki,contact@service.org,Electronics,1500.0,3,4500.0,Cancelled
2024-12-22,Ahmed Ali,m.zaki@mail.com,Clothing,1528.0,3,4584.0,Completed
2024-10-23,Ali Hassan,admin@tech.io,Electronics,3130.0,9,28170.0,Shipped
2024-09-24,Zainab Tarek,contact@service.org,Books,2048.0,5,10240.0,Completed
2024-08-08,Zainab Tarek,user1@mail.com,Home Decor,4202.0,10,42020.0,Refunded
2024-10-22,Ali Hassan,contact@service.org,Groceries,966.0,1,966.0,Refunded
2024-05-27,Zainab Tarek,sales@hub.com,Office Supplies,3466.0,4,13864.0,Cancelled
2024-04-28,Marwan Khaled,sales@hub.com,Books,4770.0,7,33390.0,Pending
2024-11-26,Omar Farouk,contact@service.org,Home Decor,4287.0,8,34296.0,Pending
2024-04-27,Yomna Soror,sales@hub.com,Office Supplies,1875.0,8,15000.0,Shipped
2024-07-21,Layla Mohamed,info@market.eg,Home Decor,3946.0,1,3946.0,Pending
2024-10-14,Layla Mohamed,sales@hub.com,Books,1913.0,8,15304.0,Pending
2024-06-25,Sara Ahmed,yomna.dev@email.com,Electronics,3095.0,1,3095.0,Cancelled
2024-08-19,Ahmed Ali,user1@mail.com,Home Decor,854.0,9,7686.0,Cancelled
2024-11-02,Layla Mohamed,info@market.eg,Electronics,1750.0,5,8750.0,Completed
2024-12-16,Sara Ahmed,user1@mail.com,Office Supplies,213.0,9,1917.0,Shipped
2024-04-15,Omar Farouk,info@market.eg,Groceries,4951.0,6,29706.0,Completed
2024-02-10,Mona Zaki,sales@hub.com,Office Supplies,2514.0,9,22626.0,Shipped
2024-06-24,Ahmed Ali,test.a@web.net,Office Supplies,3609.0,8,28872.0,Shipped
2024-01-27,Yomna Soror,m.zaki@mail.com,Electronics,552.0,5,2760.0,Cancelled
2024-06-06,Sara Ahmed,m.zaki@mail.com,Clothing,4031.0,3,12093.0,Completed
2024-05-26,Yomna Soror,test.a@web.net,Books,4697.0,8,37576.0,Pending
2024-09-20,Layla Mohamed,admin@tech.io,Office Supplies,1546.0,1,1546.0,Refunded
2024-07-09,Sara Ahmed,yomna.dev@email.com,Office Supplies,1067.0,6,6402.0,Completed
2024-03-24,Mona Zaki,contact@service.org,Office Supplies,3375.0,3,10125.0,Pending
2024-04-06,Zainab Tarek,yomna.dev@email.com,Electronics,420.0,8,3360.0,Completed
2024-10-20,Layla Mohamed,user1@mail.com,Clothing,4741.0,1,4741.0,Pending
2024-07-28,Ali Hassan,sales@hub.com,Electronics,4634.0,9,41706.0,Refunded
2024-11-16,Layla Mohamed,sales@hub.com,Home Decor,1140.0,9,10260.0,Completed
2024-01-14,Yomna Soror,info@market.eg,Books,4117.0,10,41170.0,Completed
2024-06-15,Layla Mohamed,test.a@web.net,Groceries,712.0,8,5696.0,Completed
2024-04-22,Huda Mansour,admin@tech.io,Home Decor,4416.0,2,8832.0,Cancelled
2024-02-12,Mona Zaki,yomna.dev@email.com,Clothing,2636.0,8,21088.0,Pending
2024-10-17,Sara Ahmed,contact@service.org,Home Decor,3334.0,3,10002.0,Shipped
2024-05-18,Ahmed Ali,sales@hub.com,Books,960.0,5,4800.0,Shipped
2024-06-06,Ahmed Ali,admin@tech.io,Office Supplies,2747.0,4,10988.0,Completed
2024-10-12,Yomna Soror,info@market.eg,Books,539.0,4,2156.0,Pending
2024-11-28,Sara Ahmed,m.zaki@mail.com,Electronics,2122.0,8,16976.0,Pending
2024-05-02,Zainab Tarek,info@market.eg,Electronics,3294.0,1,3294.0,Pending
2024-05-24,Yomna Soror,user1@mail.com,Books,2580.0,8,20640.0,Shipped
2024-06-06,Layla Mohamed,test.a@web.net,Office Supplies,3977.0,4,15908.0,Shipped
2024-04-21,Sara Ahmed,admin@tech.io,Home Decor,3943.0,10,39430.0,Completed
2024-10-27,Marwan Khaled,test.a@web.net,Clothing,4663.0,9,41967.0,Pending
2024-12-21,Layla Mohamed,info@market.eg,Home Decor,3959.0,4,15836.0,Refunded
2024-02-07,Mona Zaki,info@market.eg,Home Decor,4692.0,6,28152.0,Shipped
2024-11-01,Marwan Khaled,user1@mail.com,Office Supplies,4088.0,6,24528.0,Completed
2024-01-22,Mona Zaki,,Electronics,1204.0,5,6020.0,Pending
2024-09-10,Layla Mohamed,info@market.eg,Office Supplies,4816.0,6,28896.0,Pending
2024-09-15,Mona Zaki,m.zaki@mail.com,Office Supplies,758.0,4,3032.0,Pending
2024-03-04,Huda Mansour,admin@tech.io,Home Decor,3043.0,4,12172.0,Cancelled
2024-04-25,Ali Hassan,m.zaki@mail.com,Office Supplies,3558.0,7,24906.0,Refunded
2024-04-18,Mona Zaki,contact@service.org,Home Decor,4368.0,10,43680.0,Cancelled
2024-02-18,Huda Mansour,info@market.eg,Groceries,3459.0,2,6918.0,Pending
2024-07-22,Mona Zaki,m.zaki@mail.com,Electronics,188.0,10,1880.0,Shipped
2024-05-13,Layla Mohamed,m.zaki@mail.com,Clothing,2322.0,4,9288.0,Pending
2024-11-19,Ahmed Ali,admin@tech.io,Office Supplies,3405.0,1,3405.0,Pending
2024-02-20,Sara Ahmed,info@market.eg,Groceries,4361.0,6,26166.0,Refunded
2024-06-11,Huda Mansour,sales@hub.com,Office Supplies,2225.0,4,8900.0,Completed
2024-11-22,Ali Hassan,contact@service.org,Office Supplies,2466.0,2,4932.0,Refunded
2024-02-15,Omar Farouk,yomna.dev@email.com,Groceries,3661.0,3,10983.0,Refunded
2024-08-11,Mona Zaki,info@market.eg,Books,4994.0,9,44946.0,Shipped
2024-09-09,Zainab Tarek,contact@service.org,Groceries,381.0,2,762.0,Completed
2024-11-11,Sara Ahmed,test.a@web.net,Clothing,709.0,3,2127.0,Completed
2024-09-24,Layla Mohamed,m.zaki@mail.com,Office Supplies,673.0,2,1346.0,Completed
2024-12-23,Marwan Khaled,user1@mail.com,Electronics,4949.0,4,19796.0,Refunded
2024-02-28,Sara Ahmed,admin@tech.io,Books,830.0,6,4980.0,Refunded
2024-04-10,Layla Mohamed,m.zaki@mail.com,Home Decor,2235.0,3,6705.0,Cancelled
2024-05-12,Ahmed Ali,admin@tech.io,Electronics,4826.0,5,24130.0,Shipped
2024-08-14,Yomna Soror,m.zaki@mail.com,Office Supplies,917.0,6,5502.0,Completed
2024-09-03,Yomna Soror,user1@mail.com,Groceries,3836.0,10,38360.0,Completed
2024-11-24,Sara Ahmed,sales@hub.com,Electronics,4958.0,8,39664.0,Shipped
2024-08-16,Sara Ahmed,sales@hub.com,Home Decor,4536.0,4,18144.0,Refunded
2024-02-05,Huda Mansour,info@market.eg,Electronics,70.0,6,420.0,Completed
2024-01-01,Huda Mansour,test.a@web.net,Home Decor,1704.0,7,11928.0,Shipped
2024-09-26,Marwan Khaled,user1@mail.com,Clothing,1720.0,8,13760.0,Shipped
2024-01-02,Ali Hassan,m.zaki@mail.com,Electronics,4114.0,7,28798.0,Completed
2024-12-23,Marwan Khaled,m.zaki@mail.com,Electronics,4039.0,2,8078.0,Cancelled
2024-06-04,Layla Mohamed,info@market.eg,Groceries,1235.0,4,4940.0,Completed
2024-05-27,Omar Farouk,sales@hub.com,Groceries,3376.0,6,20256.0,Refunded
2024-04-01,Layla Mohamed,sales@hub.com,Groceries,1191.0,2,2382.0,Shipped
2024-01-12,Zainab Tarek,m.zaki@mail.com,Electronics,393.0,3,1179.0,Completed
2024-08-03,Zainab Tarek,test.a@web.net,Electronics,3119.0,9,28071.0,Shipped
2024-10-06,Sara Ahmed,contact@service.org,Home Decor,3800.0,3,11400.0,Shipped
2024-07-03,Zainab Tarek,contact@service.org,Clothing,4335.0,2,8670.0,Refunded
2024-05-15,Zainab Tarek,contact@service.org,Clothing,1396.0,10,13960.0,Pending
2024-10-10,Ali Hassan,m.zaki@mail.com,Home Decor,1932.0,6,11592.0,Cancelled
2024-07-16,Yomna Soror,yomna.dev@email.com,Electronics,3059.0,10,30590.0,Shipped
2024-06-01,Zainab Tarek,sales@hub.com,Home Decor,4167.0,4,16668.0,Cancelled
2024-02-13,Yomna Soror,info@market.eg,Electronics,3876.0,7,27132.0,Refunded
2024-09-06,Yomna Soror,contact@service.org,Books,4944.0,10,49440.0,Refunded
2024-04-25,Ahmed Ali,test.a@web.net,Home Decor,2176.0,5,10880.0,Shipped
2024-10-24,Mona Zaki,info@market.eg,Groceries,143.0,10,1430.0,Completed
2024-03-01,Yomna Soror,admin@tech.io,Clothing,3688.0,4,14752.0,Cancelled
2024-12-22,Marwan Khaled,sales@hub.com,Office Supplies,2246.0,9,20214.0,Shipped
2024-08-24,Zainab Tarek,test.a@web.net,Electronics,3649.0,1,3649.0,Shipped
2024-12-14,Zainab Tarek,m.zaki@mail.com,Groceries,1028.0,4,4112.0,Completed
2024-09-10,Sara Ahmed,user1@mail.com,Clothing,1584.0,6,9504.0,Refunded
2024-03-24,Marwan Khaled,m.zaki@mail.com,Home Decor,4074.0,10,40740.0,Refunded
2024-12-19,Ahmed Ali,m.zaki@mail.com,Electronics,3433.0,6,20598.0,Cancelled
2024-12-11,Ahmed Ali,sales@hub.com,Electronics,1663.0,3,4989.0,Shipped
2024-10-11,Ahmed Ali,user1@mail.com,Clothing,2127.0,1,2127.0,Cancelled
2024-06-08,Omar Farouk,admin@tech.io,Clothing,4099.0,8,32792.0,Cancelled
2024-09-11,Ahmed Ali,m.zaki@mail.com,Home Decor,4462.0,10,44620.0,Shipped
2024-06-09,Layla Mohamed,info@market.eg,Books,2355.0,7,16485.0,Cancelled
2024-03-12,Huda Mansour,test.a@web.net,Office Supplies,227.0,7,1589.0,Refunded
2024-02-07,Yomna Soror,info@market.eg,Groceries,89.0,7,623.0,Cancelled
2024-04-01,Ahmed Ali,user1@mail.com,Office Supplies,3635.0,2,7270.0,Refunded
2024-07-08,Yomna Soror,sales@hub.com,Electronics,2285.0,6,13710.0,Pending
2024-10-14,Sara Ahmed,admin@tech.io,Electronics,3799.0,2,7598.0,Cancelled
2024-05-06,Layla Mohamed,admin@tech.io,Clothing,4164.0,10,41640.0,Pending
2024-01-26,Mona Zaki,contact@service.org,Home Decor,268.0,3,804.0,Shipped
2024-03-16,Marwan Khaled,info@market.eg,Home Decor,4581.0,3,13743.0,Shipped
2024-01-13,Zainab Tarek,test.a@web.net,Home Decor,2882.0,1,2882.0,Completed
2024-08-07,Mona Zaki,sales@hub.com,Home Decor,1603.0,2,3206.0,Shipped
2024-02-19,Omar Farouk,m.zaki@mail.com,Office Supplies,3113.0,8,24904.0,Completed
2024-12-20,Zainab Tarek,info@market.eg,Clothing,644.0,7,4508.0,Pending
2024-03-12,Ali Hassan,test.a@web.net,Office Supplies,4267.0,6,25602.0,Cancelled
2024-05-07,Ahmed Ali,sales@hub.com,Clothing,2264.0,9,20376.0,Completed
2024-05-28,Layla Mohamed,yomna.dev@email.com,Electronics,1795.0,3,5385.0,Shipped
2024-03-14,Mona Zaki,contact@service.org,Books,1687.0,3,5061.0,Completed
2024-01-16,Sara Ahmed,contact@service.org,Home Decor,944.0,8,7552.0,Pending
2024-12-17,Zainab Tarek,admin@tech.io,Electronics,4784.0,10,47840.0,Completed
2024-09-21,Yomna Soror,info@market.eg,Electronics,1790.0,10,17900.0,Cancelled
2024-12-27,Zainab Tarek,m.zaki@mail.com,Books,259.0,1,259.0,Cancelled
2024-01-10,Marwan Khaled,test.a@web.net,Home Decor,1254.0,3,3762.0,Completed
2024-08-05,Sara Ahmed,sales@hub.com,Office Supplies,333.0,8,2664.0,Cancelled
2024-10-25,Yomna Soror,contact@service.org,Clothing,4527.0,8,36216.0,Pending
2024-01-01,Marwan Khaled,info@market.eg,Clothing,4674.0,1,4674.0,Cancelled
2024-10-19,Ali Hassan,test.a@web.net,Clothing,3808.0,3,11424.0,Shipped
2024-11-11,Mona Zaki,m.zaki@mail.com,Electronics,1876.0,4,7504.0,Cancelled
2024-04-28,Ahmed Ali,test.a@web.net,Books,3675.0,10,36750.0,Pending
2024-01-04,Layla Mohamed,user1@mail.com,Groceries,3946.0,6,23676.0,Refunded
2024-04-09,Omar Farouk,m.zaki@mail.com,Office Supplies,1756.0,6,10536.0,Cancelled
2024-02-04,Ali Hassan,contact@service.org,Office Supplies,4689.0,7,32823.0,Refunded
2024-12-11,Huda Mansour,yomna.dev@email.com,Electronics,1307.0,6,7842.0,Shipped
2024-01-23,Yomna Soror,,Electronics,2250.0,5,11250.0,Cancelled
2024-08-09,Huda Mansour,info@market.eg,Office Supplies,4650.0,10,46500.0,Cancelled
2024-09-10,Ali Hassan,contact@service.org,Home Decor,567.0,1,567.0,Cancelled
2024-04-12,Marwan Khaled,yomna.dev@email.com,Electronics,3375.0,10,33750.0,Refunded
2024-08-15,Layla Mohamed,info@market.eg,Office Supplies,752.0,6,4512.0,Pending
2024-08-17,Sara Ahmed,info@market.eg,Books,2715.0,4,10860.0,Completed
2024-01-06,Ahmed Ali,test.a@web.net,Groceries,2683.0,2,5366.0,Completed
2024-11-02,Ali Hassan,info@market.eg,Groceries,3875.0,8,31000.0,Cancelled
2024-01-07,Ahmed Ali,test.a@web.net,Books,663.0,1,663.0,Completed
2024-08-11,Mona Zaki,user1@mail.com,Books,3742.0,10,37420.0,Cancelled
2024-01-26,Ahmed Ali,user1@mail.com,Groceries,1626.0,6,9756.0,Cancelled
2024-07-16,Mona Zaki,user1@mail.com,Clothing,3258.0,3,9774.0,Shipped
2024-06-27,Omar Farouk,info@market.eg,Groceries,3555.0,6,21330.0,Pending
2024-08-14,Mona Zaki,info@market.eg,Clothing,4678.0,2,9356.0,Completed
2024-09-26,Mona Zaki,yomna.dev@email.com,Home Decor,3458.0,5,17290.0,Refunded
2024-08-12,Layla Mohamed,m.zaki@mail.com,Clothing,4233.0,10,42330.0,Shipped
2024-11-02,Ali Hassan,user1@mail.com,Groceries,934.0,1,934.0,Shipped
2024-12-04,Ali Hassan,user1@mail.com,Books,4684.0,10,46840.0,Shipped
2024-07-16,Ahmed Ali,contact@service.org,Home Decor,1812.0,10,18120.0,Cancelled
2024-12-02,Layla Mohamed,info@market.eg,Groceries,2850.0,6,17100.0,Cancelled
2024-01-28,Ali Hassan,test.a@web.net,Groceries,441.0,2,882.0,Shipped
2024-04-18,Mona Zaki,test.a@web.net,Electronics,2264.0,5,11320.0,Completed
2024-01-01,Ali Hassan,test.a@web.net,Office Supplies,984.0,9,8856.0,Cancelled
2024-03-12,Ahmed Ali,admin@tech.io,Clothing,3632.0,9,32688.0,Cancelled
2024-12-18,Yomna Soror,contact@service.org,Clothing,3671.0,5,18355.0,Pending
2024-10-22,Ali Hassan,user1@mail.com,Groceries,4287.0,5,21435.0,Completed
2024-11-12,Omar Farouk,yomna.dev@email.com,Office Supplies,4912.0,6,29472.0,Cancelled
2024-03-03,Zainab Tarek,test.a@web.net,Books,3272.0,4,13088.0,Pending
2024-02-17,Zainab Tarek,sales@hub.com,Home Decor,2447.0,2,4894.0,Pending
2024-07-21,Mona Zaki,info@market.eg,Clothing,4548.0,5,22740.0,Refunded
2024-02-16,Zainab Tarek,user1@mail.com,Books,1835.0,3,5505.0,Completed
2024-05-24,Mona Zaki,admin@tech.io,Electronics,3435.0,7,24045.0,Refunded
2024-03-28,Mona Zaki,m.zaki@mail.com,Office Supplies,1947.0,1,1947.0,Completed
2024-01-22,Ahmed Ali,m.zaki@mail.com,Home Decor,2849.0,5,14245.0,Completed
2024-05-17,Sara Ahmed,sales@hub.com,Books,691.0,3,2073.0,Completed
2024-02-12,Ali Hassan,yomna.dev@email.com,Groceries,4770.0,10,47700.0,Cancelled
2024-01-25,Mona Zaki,test.a@web.net,Office Supplies,1934.0,7,13538.0,Refunded
2024-03-24,Ali Hassan,sales@hub.com,Groceries,2007.0,1,2007.0,Pending
2024-06-24,Ahmed Ali,contact@service.org,Electronics,1848.0,6,11088.0,Cancelled
2024-10-04,Mona Zaki,sales@hub.com,Clothing,683.0,5,3415.0,Pending
2024-05-17,Sara Ahmed,admin@tech.io,Electronics,1407.0,2,2814.0,Shipped
2024-01-01,Yomna Soror,m.zaki@mail.com,Electronics,536.0,3,1608.0,Completed
2024-08-16,Huda Mansour,user1@mail.com,Groceries,2738.0,5,13690.0,Shipped
2024-04-11,Layla Mohamed,admin@tech.io,Office Supplies,468.0,7,3276.0,Pending
2024-06-21,Zainab Tarek,m.zaki@mail.com,Electronics,3972.0,4,15888.0,Shipped
2024-12-07,Marwan Khaled,sales@hub.com,Electronics,4875.0,10,48750.0,Pending
2024-10-19,Omar Farouk,yomna.dev@email.com,Home Decor,4768.0,2,9536.0,Pending
2024-11-17,Marwan Khaled,contact@service.org,Books,272.0,10,2720.0,Cancelled
2024-04-13,Marwan Khaled,yomna.dev@email.com,Office Supplies,2682.0,9,24138.0,Completed
2024-08-15,Sara Ahmed,contact@service.org,Clothing,1332.0,7,9324.0,Pending
2024-12-04,Sara Ahmed,user1@mail.com,Office Supplies,3581.0,3,10743.0,Completed
2024-03-24,Zainab Tarek,test.a@web.net,Books,2427.0,1,2427.0,Shipped
2024-01-05,Zainab Tarek,contact@service.org,Clothing,2371.0,10,23710.0,Pending
2024-10-01,Ali Hassan,contact@service.org,Books,140.0,4,560.0,Completed
2024-09-25,Marwan Khaled,contact@service.org,Clothing,1134.0,9,10206.0,Refunded
2024-01-07,Yomna Soror,user1@mail.com,Books,4913.0,4,19652.0,Pending
2024-03-22,Omar Farouk,test.a@web.net,Home Decor,3079.0,6,18474.0,Pending
2024-06-05,Omar Farouk,test.a@web.net,Books,1265.0,6,7590.0,Cancelled
2024-06-08,Sara Ahmed,info@market.eg,Electronics,3958.0,3,11874.0,Refunded
2024-07-07,Layla Mohamed,contact@service.org,Books,2395.0,5,11975.0,Pending
2024-04-07,Huda Mansour,admin@tech.io,Office Supplies,3676.0,5,18380.0,Completed
2024-12-07,Yomna Soror,admin@tech.io,Groceries,821.0,9,7389.0,Completed
2024-10-03,Ahmed Ali,user1@mail.com,Groceries,3846.0,6,23076.0,Shipped
2024-04-16,Mona Zaki,admin@tech.io,Electronics,3741.0,4,14964.0,Refunded
2024-01-02,Huda Mansour,info@market.eg,Groceries,3590.0,8,28720.0,Pending
2024-10-01,Mona Zaki,admin@tech.io,Electronics,359.0,7,2513.0,Pending
2024-01-01,Omar Farouk,user1@mail.com,Electronics,2632.0,1,2632.0,Pending
2024-04-23,Mona Zaki,yomna.dev@email.com,Electronics,4043.0,10,40430.0,Completed
2024-08-06,Sara Ahmed,test.a@web.net,Groceries,2212.0,7,15484.0,Shipped
2024-11-05,Zainab Tarek,info@market.eg,Clothing,2514.0,2,5028.0,Shipped
2024-04-10,Huda Mansour,admin@tech.io,Books,1735.0,6,10410.0,Pending
2024-08-01,Huda Mansour,sales@hub.com,Office Supplies,2180.0,7,15260.0,Refunded
2024-09-14,Marwan Khaled,yomna.dev@email.com,Office Supplies,2607.0,10,26070.0,Shipped
2024-10-01,Layla Mohamed,info@market.eg,Clothing,2339.0,1,2339.0,Pending
2024-11-06,Ali Hassan,m.zaki@mail.com,Clothing,443.0,10,4430.0,Refunded
2024-11-26,Marwan Khaled,info@market.eg,Home Decor,714.0,10,7140.0,Pending
2024-12-27,Huda Mansour,info@market.eg,Electronics,4255.0,6,25530.0,Pending
2024-05-07,Omar Farouk,contact@service.org,Clothing,1351.0,5,6755.0,Pending
2024-09-24,Sara Ahmed,sales@hub.com,Groceries,3646.0,8,29168.0,Cancelled
2024-04-16,Ahmed Ali,admin@tech.io,Clothing,3005.0,3,9015.0,Cancelled
2024-09-12,Ali Hassan,info@market.eg,Electronics,866.0,2,1732.0,Cancelled
2024-07-27,Sara Ahmed,yomna.dev@email.com,Books,4254.0,7,29778.0,Pending
2024-09-10,Sara Ahmed,m.zaki@mail.com,Clothing,2640.0,10,26400.0,Cancelled
2024-04-11,Huda Mansour,yomna.dev@email.com,Books,4886.0,1,4886.0,Refunded
2024-09-22,Mona Zaki,m.zaki@mail.com,Groceries,401.0,5,2005.0,Pending
2024-05-19,Marwan Khaled,yomna.dev@email.com,Books,3069.0,10,30690.0,Shipped
2024-12-06,Sara Ahmed,sales@hub.com,Electronics,2657.0,10,26570.0,Completed
2024-02-05,Ali Hassan,sales@hub.com,Books,4147.0,9,37323.0,Cancelled
2024-01-08,Omar Farouk,admin@tech.io,Home Decor,281.0,9,2529.0,Completed
2024-06-22,Omar Farouk,admin@tech.io,Electronics,265.0,3,795.0,Completed
2024-10-23,Ali Hassan,yomna.dev@email.com,Groceries,2782.0,9,25038.0,Refunded
2024-04-11,Layla Mohamed,admin@tech.io,Books,1258.0,8,10064.0,Shipped
2024-02-05,Ali Hassan,user1@mail.com,Home Decor,1594.0,8,12752.0,Pending
2024-04-23,Ahmed Ali,yomna.dev@email.com,Groceries,3232.0,1,3232.0,Completed
2024-01-05,Yomna Soror,info@market.eg,Books,3956.0,5,19780.0,Cancelled
2024-03-15,Marwan Khaled,m.zaki@mail.com,Clothing,4158.0,2,8316.0,Cancelled
2024-02-11,Zainab Tarek,m.zaki@mail.com,Books,1837.0,1,1837.0,Cancelled
2024-09-18,Layla Mohamed,info@market.eg,Office Supplies,4799.0,1,4799.0,Completed
2024-09-27,Sara Ahmed,user1@mail.com,Groceries,3403.0,2,6806.0,Completed
2024-10-25,Huda Mansour,test.a@web.net,Electronics,2428.0,5,12140.0,Shipped
2024-11-11,Mona Zaki,info@market.eg,Office Supplies,3470.0,9,31230.0,Shipped
2024-08-02,Ahmed Ali,sales@hub.com,Clothing,71.0,5,355.0,Completed
2024-02-05,Layla Mohamed,info@market.eg,Books,1188.0,1,1188.0,Shipped
2024-04-09,Marwan Khaled,info@market.eg,Clothing,1719.0,10,17190.0,Shipped
2024-06-12,Omar Farouk,user1@mail.com,Groceries,4116.0,3,12348.0,Cancelled
2024-07-14,Ahmed Ali,yomna.dev@email.com,Clothing,4559.0,4,18236.0,Pending
2024-02-19,Omar Farouk,contact@service.org,Office Supplies,1614.0,6,9684.0,Completed
2024-09-03,Sara Ahmed,sales@hub.com,Books,1902.0,9,17118.0,Refunded
2024-12-05,Layla Mohamed,m.zaki@mail.com,Office Supplies,3922.0,5,19610.0,Pending
2024-12-03,Omar Farouk,test.a@web.net,Books,1985.0,2,3970.0,Completed
2024-02-02,Mona Zaki,contact@service.org,Office Supplies,72.0,8,576.0,Pending
2024-09-12,Marwan Khaled,m.zaki@mail.com,Groceries,4758.0,5,23790.0,Shipped
2024-01-04,Marwan Khaled,info@market.eg,Books,2514.0,3,7542.0,Refunded
2024-01-10,Zainab Tarek,info@market.eg,Electronics,359.0,9,3231.0,Pending
2024-10-02,Huda Mansour,sales@hub.com,Books,895.0,7,6265.0,Cancelled
2024-10-05,Omar Farouk,contact@service.org,Office Supplies,2856.0,10,28560.0,Cancelled
2024-11-04,Zainab Tarek,sales@hub.com,Office Supplies,277.0,4,1108.0,Cancelled
2024-09-07,Ali Hassan,yomna.dev@email.com,Electronics,2494.0,6,14964.0,Pending
2024-09-14,Marwan Khaled,contact@service.org,Home Decor,4489.0,5,22445.0,Completed
2024-02-18,Ahmed Ali,user1@mail.com,Groceries,3119.0,5,15595.0,Cancelled
2024-12-01,Layla Mohamed,test.a@web.net,Books,530.0,6,3180.0,Pending
2024-06-08,Layla Mohamed,admin@tech.io,Home Decor,2497.0,8,19976.0,Pending
2024-10-27,Omar Farouk,contact@service.org,Books,282.0,9,2538.0,Refunded
2024-12-27,Sara Ahmed,info@market.eg,Home Decor,4806.0,10,48060.0,Refunded
2024-03-07,Yomna Soror,yomna.dev@email.com,Groceries,3024.0,10,30240.0,Refunded
2024-05-24,Ahmed Ali,yomna.dev@email.com,Home Decor,1914.0,4,7656.0,Refunded
2024-10-27,Huda Mansour,user1@mail.com,Clothing,395.0,7,2765.0,Shipped
2024-02-22,Yomna Soror,user1@mail.com,Clothing,1774.0,6,10644.0,Pending
2024-03-26,Yomna Soror,user1@mail.com,Home Decor,3501.0,1,3501.0,Pending
2024-02-26,Ali Hassan,sales@hub.com,Books,375.0,9,3375.0,Pending
2024-08-21,Mona Zaki,contact@service.org,Clothing,3330.0,2,6660.0,Shipped
2024-06-07,Omar Farouk,test.a@web.net,Books,4852.0,1,4852.0,Completed
2024-06-13,Ali Hassan,admin@tech.io,Clothing,4012.0,1,4012.0,Cancelled
2024-10-19,Omar Farouk,user1@mail.com,Books,3004.0,5,15020.0,Cancelled
2024-07-07,Layla Mohamed,info@market.eg,Clothing,1966.0,1,1966.0,Completed
2024-02-11,Ali Hassan,sales@hub.com,Books,1792.0,2,3584.0,Shipped
2024-04-25,Ali Hassan,contact@service.org,Groceries,1221.0,4,4884.0,Refunded
2024-07-19,Mona Zaki,admin@tech.io,Office Supplies,2179.0,1,2179.0,Pending
2024-09-06,Layla Mohamed,info@market.eg,Office Supplies,369.0,1,369.0,Cancelled
2024-03-26,Marwan Khaled,admin@tech.io,Books,4526.0,2,9052.0,Cancelled
2024-03-18,Yomna Soror,info@market.eg,Electronics,2717.0,5,13585.0,Completed
2024-11-25,Layla Mohamed,info@market.eg,Office Supplies,3792.0,5,18960.0,Cancelled
2024-12-21,Huda Mansour,contact@service.org,Groceries,2653.0,1,2653.0,Cancelled
2024-03-23,Zainab Tarek,admin@tech.io,Office Supplies,2386.0,4,9544.0,Cancelled
2024-02-16,Mona Zaki,user1@mail.com,Electronics,2890.0,7,20230.0,Shipped
2024-05-09,Huda Mansour,sales@hub.com,Electronics,1123.0,8,8984.0,Completed
2024-01-14,Mona Zaki,admin@tech.io,Electronics,3562.0,1,3562.0,Completed
2024-03-28,Layla Mohamed,admin@tech.io,Clothing,2685.0,5,13425.0,Pending
2024-09-14,Mona Zaki,yomna.dev@email.com,Home Decor,1323.0,9,11907.0,Shipped
2024-04-10,Marwan Khaled,yomna.dev@email.com,Electronics,2443.0,5,12215.0,Cancelled
2024-12-17,Zainab Tarek,yomna.dev@email.com,Electronics,2395.0,7,16765.0,Completed
2024-08-11,Layla Mohamed,admin@tech.io,Electronics,2923.0,6,17538.0,Completed
2024-02-17,Mona Zaki,m.zaki@mail.com,Groceries,3781.0,1,3781.0,Pending
2024-01-12,Yomna Soror,info@market.eg,Clothing,3196.0,1,3196.0,Refunded
2024-08-12,Layla Mohamed,user1@mail.com,Clothing,2111.0,2,4222.0,Shipped
2024-07-11,Mona Zaki,m.zaki@mail.com,Home Decor,2967.0,1,2967.0,Refunded
2024-01-15,Layla Mohamed,contact@service.org,Clothing,620.0,10,6200.0,Refunded
2024-09-19,Sara Ahmed,admin@tech.io,Home Decor,2861.0,5,14305.0,Pending
2024-09-08,Yomna Soror,user1@mail.com,Clothing,1368.0,10,13680.0,Refunded
2024-03-03,Marwan Khaled,admin@tech.io,Books,3126.0,3,9378.0,Shipped
2024-05-28,Zainab Tarek,user1@mail.com,Books,2102.0,3,6306.0,Refunded
2024-05-20,Marwan Khaled,,Home Decor,4136.0,4,16544.0,Pending
2024-06-16,Zainab Tarek,m.zaki@mail.com,Electronics,1913.0,4,7652.0,Cancelled
2024-12-26,Marwan Khaled,info@market.eg,Clothing,4997.0,5,24985.0,Refunded
2024-10-05,Sara Ahmed,admin@tech.io,Books,2142.0,1,2142.0,Completed
2024-10-05,Ali Hassan,admin@tech.io,Groceries,4198.0,9,37782.0,Pending
2024-03-27,Huda Mansour,info@market.eg,Electronics,1961.0,6,11766.0,Cancelled
2024-03-20,Zainab Tarek,contact@service.org,Clothing,376.0,6,2256.0,Shipped
2024-05-02,Sara Ahmed,admin@tech.io,Groceries,1904.0,6,11424.0,Cancelled
2024-08-20,Layla Mohamed,m.zaki@mail.com,Groceries,3899.0,10,38990.0,Pending
2024-08-15,Ali Hassan,info@market.eg,Books,1614.0,7,11298.0,Shipped
2024-04-14,Huda Mansour,yomna.dev@email.com,Home Decor,2441.0,8,19528.0,Pending
2024-01-08,Ahmed Ali,admin@tech.io,Clothing,725.0,2,1450.0,Refunded
2024-12-02,Zainab Tarek,info@market.eg,Office Supplies,846.0,7,5922.0,Pending
2024-04-14,Ahmed Ali,test.a@web.net,Groceries,3328.0,4,13312.0,Shipped
2024-09-20,Huda Mansour,admin@tech.io,Books,3992.0,5,19960.0,Completed
2024-03-05,Layla Mohamed,yomna.dev@email.com,Groceries,3360.0,7,23520.0,Shipped
2024-02-20,Zainab Tarek,yomna.dev@email.com,Electronics,924.0,8,7392.0,Shipped
2024-04-01,Marwan Khaled,test.a@web.net,Electronics,2532.0,3,7596.0,Pending
2024-04-27,Ahmed Ali,yomna.dev@email.com,Electronics,2688.0,6,16128.0,Shipped
2024-06-09,Mona Zaki,m.zaki@mail.com,Electronics,2030.0,10,20300.0,Refunded
2024-06-22,Ahmed Ali,yomna.dev@email.com,Clothing,2199.0,4,8796.0,Refunded
2024-06-11,Layla Mohamed,admin@tech.io,Books,63.0,6,378.0,Pending
2024-01-04,Yomna Soror,info@market.eg,Electronics,3117.0,4,12468.0,Cancelled
2024-01-20,Ali Hassan,test.a@web.net,Groceries,1621.0,8,12968.0,Pending
2024-10-27,Ali Hassan,,Groceries,2043.0,2,4086.0,Shipped
2024-08-24,Huda Mansour,contact@service.org,Home Decor,158.0,10,1580.0,Completed
2024-09-12,Huda Mansour,admin@tech.io,Books,362.0,4,1448.0,Refunded
2024-06-11,Huda Mansour,user1@mail.com,Clothing,4499.0,7,31493.0,Completed
2024-10-23,Ali Hassan,sales@hub.com,Groceries,397.0,9,3573.0,Completed
2024-06-05,Mona Zaki,user1@mail.com,Home Decor,3313.0,2,6626.0,Pending
2024-04-12,Huda Mansour,contact@service.org,Office Supplies,4742.0,1,4742.0,Completed
2024-10-26,Omar Farouk,yomna.dev@email.com,Books,2514.0,1,2514.0,Pending
2024-06-14,Sara Ahmed,info@market.eg,Clothing,2863.0,5,14315.0,Completed
2024-05-03,Sara Ahmed,info@market.eg,Books,1584.0,2,3168.0,Shipped
2024-03-12,Omar Farouk,contact@service.org,Clothing,4418.0,9,39762.0,Shipped
2024-04-03,Layla Mohamed,info@market.eg,Clothing,4610.0,2,9220.0,Cancelled
2024-01-12,Ali Hassan,contact@service.org,Books,2865.0,5,14325.0,Pending
2024-04-23,Mona Zaki,contact@service.org,Clothing,3631.0,6,21786.0,Pending
2024-11-16,Marwan Khaled,admin@tech.io,Groceries,1877.0,5,9385.0,Shipped
2024-05-03,Omar Farouk,user1@mail.com,Clothing,1687.0,10,16870.0,Shipped
2024-12-01,Huda Mansour,admin@tech.io,Office Supplies,3406.0,7,23842.0,Shipped
2024-07-18,Yomna Soror,admin@tech.io,Electronics,326.0,1,326.0,Refunded
2024-07-28,Mona Zaki,info@market.eg,Office Supplies,4834.0,10,48340.0,Shipped
2024-06-07,Huda Mansour,sales@hub.com,Office Supplies,1302.0,4,5208.0,Cancelled
2024-02-13,Yomna Soror,yomna.dev@email.com,Groceries,3833.0,4,15332.0,Shipped
2024-03-04,Zainab Tarek,m.zaki@mail.com,Books,4135.0,4,16540.0,Completed
2024-12-05,Yomna Soror,contact@service.org,Groceries,202.0,3,606.0,Completed
2024-04-27,Layla Mohamed,m.zaki@mail.com,Electronics,1641.0,8,13128.0,Shipped
2024-09-12,Yomna Soror,sales@hub.com,Clothing,2328.0,6,13968.0,Cancelled
2024-12-01,Layla Mohamed,yomna.dev@email.com,Office Supplies,1646.0,5,8230.0,Refunded
2024-03-22,Layla Mohamed,m.zaki@mail.com,Office Supplies,4150.0,7,29050.0,Pending
2024-11-22,Ali Hassan,user1@mail.com,Electronics,1153.0,4,4612.0,Cancelled
2024-08-18,Yomna Soror,sales@hub.com,Clothing,4475.0,5,22375.0,Refunded
2024-09-11,Yomna Soror,contact@service.org,Books,1208.0,1,1208.0,Pending
2024-06-05,Mona Zaki,test.a@web.net,Clothing,236.0,3,708.0,Cancelled
2024-05-24,Mona Zaki,sales@hub.com,Office Supplies,3594.0,2,7188.0,Cancelled
2024-02-20,Sara Ahmed,sales@hub.com,Books,2383.0,6,14298.0,Refunded
2024-09-06,Ahmed Ali,m.zaki@mail.com,Clothing,2945.0,5,14725.0,Cancelled
2024-09-14,Layla Mohamed,contact@service.org,Office Supplies,4519.0,8,36152.0,Completed
2024-10-01,Yomna Soror,admin@tech.io,Groceries,2728.0,3,8184.0,Refunded
2024-05-10,Ahmed Ali,user1@mail.com,Clothing,2651.0,1,2651.0,Cancelled
2024-11-22,Huda Mansour,test.a@web.net,Books,3107.0,9,27963.0,Shipped
2024-01-01,Yomna Soror,,Clothing,4066.0,5,20330.0,Completed
2024-11-26,Layla Mohamed,test.a@web.net,Groceries,1216.0,2,2432.0,Shipped
2024-12-14,Yomna Soror,yomna.dev@email.com,Clothing,791.0,8,6328.0,Refunded
2024-10-20,Huda Mansour,test.a@web.net,Books,2941.0,4,11764.0,Refunded
2024-03-12,Huda Mansour,yomna.dev@email.com,Groceries,3749.0,2,7498.0,Cancelled
2024-11-02,Huda Mansour,user1@mail.com,Electronics,1160.0,3,3480.0,Completed
2024-03-06,Omar Farouk,sales@hub.com,Clothing,4022.0,2,8044.0,Refunded
2024-09-03,Ahmed Ali,contact@service.org,Clothing,214.0,4,856.0,Refunded
2024-11-25,Ali Hassan,m.zaki@mail.com,Groceries,791.0,1,791.0,Shipped
2024-02-19,Zainab Tarek,test.a@web.net,Electronics,2760.0,8,22080.0,Shipped
2024-07-20,Marwan Khaled,yomna.dev@email.com,Office Supplies,4328.0,9,38952.0,Pending
2024-06-01,Marwan Khaled,test.a@web.net,Clothing,4162.0,10,41620.0,Completed
2024-01-01,Layla Mohamed,m.zaki@mail.com,Clothing,2689.0,9,24201.0,Cancelled
2024-10-05,Zainab Tarek,test.a@web.net,Home Decor,1695.0,4,6780.0,Completed
2024-04-08,Mona Zaki,m.zaki@mail.com,Home Decor,3526.0,6,21156.0,Pending
2024-11-13,Marwan Khaled,admin@tech.io,Home Decor,2936.0,3,8808.0,Completed
2024-11-04,Ahmed Ali,admin@tech.io,Electronics,715.0,6,4290.0,Refunded
2024-01-07,Huda Mansour,yomna.dev@email.com,Groceries,3417.0,2,6834.0,Shipped
2024-04-18,Omar Farouk,sales@hub.com,Office Supplies,2697.0,2,5394.0,Refunded
2024-02-05,Ali Hassan,yomna.dev@email.com,Groceries,2138.0,10,21380.0,Refunded
2024-05-04,Layla Mohamed,contact@service.org,Home Decor,2280.0,1,2280.0,Shipped
2024-06-28,Mona Zaki,,Clothing,4131.0,9,37179.0,Completed
2024-12-23,Mona Zaki,contact@service.org,Office Supplies,2303.0,6,13818.0,Shipped
2024-12-07,Mona Zaki,m.zaki@mail.com,Books,1072.0,10,10720.0,Completed
2024-07-03,Huda Mansour,user1@mail.com,Books,3280.0,9,29520.0,Completed
2024-12-07,Huda Mansour,yomna.dev@email.com,Electronics,3423.0,7,23961.0,Completed
2024-12-27,Ali Hassan,m.zaki@mail.com,Home Decor,2393.0,3,7179.0,Cancelled
2024-04-02,Ali Hassan,m.zaki@mail.com,Groceries,3139.0,4,12556.0,Completed
2024-11-21,Huda Mansour,sales@hub.com,Groceries,1239.0,2,2478.0,Pending
2024-09-07,Layla Mohamed,admin@tech.io,Electronics,574.0,2,1148.0,Shipped
2024-05-07,Omar Farouk,m.zaki@mail.com,Groceries,1840.0,6,11040.0,Completed
2024-02-16,Omar Farouk,test.a@web.net,Home Decor,4635.0,1,4635.0,Shipped
2024-10-09,Ali Hassan,info@market.eg,Groceries,769.0,3,2307.0,Refunded
2024-11-13,Ahmed Ali,user1@mail.com,Groceries,695.0,10,6950.0,Cancelled
2024-01-06,Zainab Tarek,admin@tech.io,Electronics,778.0,3,2334.0,Refunded
2024-12-26,Ali Hassan,admin@tech.io,Home Decor,593.0,6,3558.0,Shipped
2024-05-19,Mona Zaki,yomna.dev@email.com,Clothing,874.0,8,6992.0,Pending
2024-09-08,Mona Zaki,m.zaki@mail.com,Books,4377.0,4,17508.0,Pending
2024-01-03,Layla Mohamed,yomna.dev@email.com,Electronics,1532.0,3,4596.0,Shipped
2024-05-13,Layla Mohamed,test.a@web.net,Office Supplies,624.0,10,6240.0,Cancelled
2024-12-26,Huda Mansour,info@market.eg,Electronics,2623.0,2,5246.0,Cancelled
2024-01-11,Sara Ahmed,admin@tech.io,Electronics,2068.0,5,10340.0,Refunded
2024-11-23,Ali Hassan,user1@mail.com,Electronics,3434.0,1,3434.0,Shipped
2024-04-25,Zainab Tarek,m.zaki@mail.com,Groceries,128.0,7,896.0,Shipped
2024-11-21,Yomna Soror,admin@tech.io,Home Decor,234.0,8,1872.0,Completed
2024-05-21,Yomna Soror,yomna.dev@email.com,Clothing,927.0,6,5562.0,Completed
2024-06-07,Zainab Tarek,m.zaki@mail.com,Clothing,4147.0,9,37323.0,Pending
2024-03-20,Zainab Tarek,yomna.dev@email.com,Electronics,3900.0,6,23400.0,Refunded
2024-07-23,Ali Hassan,info@market.eg,Office Supplies,2562.0,4,10248.0,Shipped
2024-10-02,Zainab Tarek,yomna.dev@email.com,Office Supplies,2043.0,10,20430.0,Pending
2024-05-26,Ahmed Ali,m.zaki@mail.com,Books,1634.0,6,9804.0,Refunded
2024-03-25,Yomna Soror,user1@mail.com,Electronics,4026.0,9,36234.0,Refunded
2024-09-06,Layla Mohamed,admin@tech.io,Groceries,625.0,3,1875.0,Shipped
2024-12-06,Layla Mohamed,m.zaki@mail.com,Clothing,2851.0,4,11404.0,Shipped
2024-01-01,Omar Farouk,m.zaki@mail.com,Electronics,3443.0,1,3443.0,Pending
2024-05-12,Zainab Tarek,yomna.dev@email.com,Groceries,4242.0,4,16968.0,Shipped
2024-02-05,Mona Zaki,contact@service.org,Home Decor,86.0,9,774.0,Completed
2024-08-13,Sara Ahmed,test.a@web.net,Clothing,2977.0,2,5954.0,Refunded
2024-12-03,Huda Mansour,admin@tech.io,Clothing,1798.0,3,5394.0,Cancelled
2024-09-10,Ahmed Ali,yomna.dev@email.com,Office Supplies,4625.0,10,46250.0,Cancelled
2024-12-22,Mona Zaki,sales@hub.com,Electronics,4655.0,10,46550.0,Cancelled
2024-08-12,Zainab Tarek,sales@hub.com,Groceries,4449.0,6,26694.0,Shipped
2024-01-20,Layla Mohamed,admin@tech.io,Home Decor,3352.0,3,10056.0,Cancelled
2024-03-06,Yomna Soror,m.zaki@mail.com,Groceries,348.0,2,696.0,Refunded
2024-11-11,Layla Mohamed,yomna.dev@email.com,Electronics,2379.0,10,23790.0,Cancelled
2024-04-17,Mona Zaki,info@market.eg,Electronics,992.0,2,1984.0,Cancelled
2024-02-17,Huda Mansour,sales@hub.com,Groceries,4883.0,2,9766.0,Shipped
2024-02-05,Marwan Khaled,contact@service.org,Office Supplies,3352.0,8,26816.0,Cancelled
2024-11-24,Omar Farouk,user1@mail.com,Office Supplies,3226.0,8,25808.0,Shipped
2024-08-19,Yomna Soror,sales@hub.com,Books,4897.0,3,14691.0,Completed
2024-05-20,Huda Mansour,sales@hub.com,Groceries,2848.0,10,28480.0,Refunded
2024-04-05,Mona Zaki,admin@tech.io,Office Supplies,3020.0,1,3020.0,Refunded
2024-05-12,Ahmed Ali,test.a@web.net,Electronics,3061.0,4,12244.0,Refunded
2024-01-28,Omar Farouk,contact@service.org,Books,1690.0,5,8450.0,Cancelled
2024-10-10,Ahmed Ali,user1@mail.com,Home Decor,3353.0,9,30177.0,Shipped
2024-12-14,Zainab Tarek,info@market.eg,Home Decor,1741.0,8,13928.0,Completed
2024-11-14,Sara Ahmed,m.zaki@mail.com,Books,4249.0,9,38241.0,Shipped
2024-01-03,Ali Hassan,contact@service.org,Home Decor,1900.0,2,3800.0,Shipped
2024-04-20,Zainab Tarek,test.a@web.net,Home Decor,4336.0,7,30352.0,Completed
2024-12-14,Yomna Soror,info@market.eg,Home Decor,749.0,7,5243.0,Shipped
2024-10-02,Ali Hassan,admin@tech.io,Home Decor,165.0,9,1485.0,Pending
2024-08-06,Zainab Tarek,m.zaki@mail.com,Electronics,3621.0,1,3621.0,Pending
2024-06-23,Marwan Khaled,admin@tech.io,Office Supplies,131.0,1,131.0,Shipped
2024-12-06,Ahmed Ali,info@market.eg,Office Supplies,750.0,2,1500.0,Pending
2024-08-23,Sara Ahmed,sales@hub.com,Electronics,4502.0,7,31514.0,Shipped
2024-04-27,Mona Zaki,sales@hub.com,Groceries,1736.0,8,13888.0,Refunded
2024-04-07,Zainab Tarek,contact@service.org,Groceries,649.0,5,3245.0,Shipped
2024-01-07,Ali Hassan,admin@tech.io,Office Supplies,4024.0,1,4024.0,Shipped
2024-10-03,Yomna Soror,m.zaki@mail.com,Electronics,2030.0,6,12180.0,Completed
2024-04-04,Marwan Khaled,contact@service.org,Groceries,3612.0,2,7224.0,Pending
2024-10-18,Ali Hassan,sales@hub.com,Electronics,914.0,2,1828.0,Completed
2024-03-17,Mona Zaki,test.a@web.net,Clothing,2681.0,8,21448.0,Refunded
2024-08-26,Zainab Tarek,m.zaki@mail.com,Groceries,3486.0,1,3486.0,Refunded
2024-10-03,Yomna Soror,sales@hub.com,Home Decor,4749.0,10,47490.0,Completed
2024-07-20,Sara Ahmed,contact@service.org,Clothing,3459.0,6,20754.0,Shipped
2024-01-14,Omar Farouk,test.a@web.net,Groceries,1971.0,2,3942.0,Pending
2024-01-05,Zainab Tarek,admin@tech.io,Clothing,1812.0,1,1812.0,Cancelled
2024-05-16,Ali Hassan,sales@hub.com,Groceries,535.0,9,4815.0,Pending
2024-12-07,Yomna Soror,m.zaki@mail.com,Office Supplies,1194.0,1,1194.0,Refunded
2024-09-27,Ali Hassan,contact@service.org,Office Supplies,3831.0,8,30648.0,Completed
2024-02-01,Mona Zaki,sales@hub.com,Home Decor,3334.0,4,13336.0,Refunded
2024-02-28,Mona Zaki,user1@mail.com,Groceries,763.0,7,5341.0,Shipped
2024-02-02,Ali Hassan,sales@hub.com,Books,1124.0,2,2248.0,Completed
2024-04-08,Yomna Soror,contact@service.org,Groceries,1307.0,3,3921.0,Pending
2024-04-24,Zainab Tarek,admin@tech.io,Clothing,4150.0,1,4150.0,Pending
2024-02-09,Omar Farouk,sales@hub.com,Books,2514.0,7,17598.0,Shipped
2024-12-08,Marwan Khaled,yomna.dev@email.com,Groceries,4166.0,3,12498.0,Shipped
2024-07-09,Huda Mansour,sales@hub.com,Groceries,3943.0,6,23658.0,Refunded
2024-07-06,Yomna Soror,m.zaki@mail.com,Clothing,2280.0,6,13680.0,Refunded
2024-08-28,Ali Hassan,sales@hub.com,Home Decor,4509.0,10,45090.0,Completed
2024-06-05,Huda Mansour,m.zaki@mail.com,Clothing,141.0,9,1269.0,Refunded
2024-01-19,Mona Zaki,m.zaki@mail.com,Electronics,494.0,9,4446.0,Refunded
2024-04-07,Sara Ahmed,yomna.dev@email.com,Books,1547.0,2,3094.0,Refunded
2024-07-09,Huda Mansour,user1@mail.com,Home Decor,3906.0,9,35154.0,Refunded
2024-03-23,Huda Mansour,admin@tech.io,Office Supplies,2214.0,6,13284.0,Cancelled
2024-04-24,Ahmed Ali,sales@hub.com,Groceries,2738.0,5,13690.0,Completed
2024-03-21,Zainab Tarek,user1@mail.com,Books,2975.0,10,29750.0,Shipped
2024-05-06,Layla Mohamed,yomna.dev@email.com,Clothing,4897.0,6,29382.0,Refunded
2024-02-15,Omar Farouk,user1@mail.com,Clothing,3811.0,10,38110.0,Pending
2024-05-25,Ahmed Ali,sales@hub.com,Books,1065.0,1,1065.0,Completed
2024-03-04,Zainab Tarek,test.a@web.net,Groceries,4850.0,10,48500.0,Completed
2024-08-05,Huda Mansour,m.zaki@mail.com,Groceries,977.0,6,5862.0,Cancelled
2024-09-19,Sara Ahmed,sales@hub.com,Books,2454.0,2,4908.0,Pending
2024-09-01,Huda Mansour,test.a@web.net,Books,3168.0,1,3168.0,Completed
2024-10-06,Huda Mansour,yomna.dev@email.com,Clothing,1304.0,6,7824.0,Cancelled
2024-05-07,Yomna Soror,admin@tech.io,Clothing,1217.0,10,12170.0,Refunded
2024-09-17,Huda Mansour,contact@service.org,Office Supplies,2181.0,3,6543.0,Completed
2024-09-25,Zainab Tarek,user1@mail.com,Electronics,1845.0,9,16605.0,Completed
2024-06-07,Huda Mansour,admin@tech.io,Clothing,3861.0,3,11583.0,Completed
2024-12-25,Layla Mohamed,yomna.dev@email.com,Electronics,4048.0,2,8096.0,Refunded
2024-11-02,Huda Mansour,test.a@web.net,Groceries,1835.0,1,1835.0,Pending
2024-08-22,Ahmed Ali,m.zaki@mail.com,Home Decor,4771.0,6,28626.0,Cancelled
2024-03-10,Layla Mohamed,contact@service.org,Groceries,903.0,1,903.0,Cancelled
2024-05-25,Layla Mohamed,sales@hub.com,Clothing,2550.0,9,22950.0,Completed
2024-03-25,Huda Mansour,m.zaki@mail.com,Groceries,3076.0,6,18456.0,Completed
2024-05-03,Yomna Soror,user1@mail.com,Electronics,893.0,7,6251.0,Pending
2024-03-17,Zainab Tarek,,Books,1621.0,8,12968.0,Shipped
2024-01-10,Sara Ahmed,yomna.dev@email.com,Groceries,4619.0,10,46190.0,Cancelled
2024-12-06,Layla Mohamed,test.a@web.net,Groceries,3634.0,8,29072.0,Pending
2024-05-25,Ali Hassan,m.zaki@mail.com,Books,1478.0,1,1478.0,Shipped
2024-07-28,Mona Zaki,info@market.eg,Electronics,2521.0,2,5042.0,Cancelled
2024-12-21,Sara Ahmed,yomna.dev@email.com,Electronics,602.0,6,3612.0,Cancelled
2024-03-14,Ali Hassan,contact@service.org,Clothing,375.0,9,3375.0,Pending
2024-08-12,Zainab Tarek,test.a@web.net,Electronics,4724.0,3,14172.0,Refunded
2024-09-03,Layla Mohamed,admin@tech.io,Office Supplies,1940.0,2,3880.0,Completed
2024-01-06,Mona Zaki,sales@hub.com,Electronics,3326.0,7,23282.0,Completed
2024-03-09,Yomna Soror,admin@tech.io,Home Decor,2365.0,8,18920.0,Shipped
2024-04-26,Zainab Tarek,sales@hub.com,Clothing,1449.0,2,2898.0,Cancelled
2024-03-02,Huda Mansour,contact@service.org,Groceries,2277.0,6,13662.0,Shipped
2024-03-01,Marwan Khaled,m.zaki@mail.com,Home Decor,2267.0,7,15869.0,Completed
2024-01-05,Omar Farouk,user1@mail.com,Electronics,367.0,9,3303.0,Shipped
2024-04-27,Omar Farouk,info@market.eg,Electronics,2884.0,8,23072.0,Refunded
2024-09-06,Yomna Soror,test.a@web.net,Home Decor,3252.0,10,32520.0,Pending
2024-03-05,Sara Ahmed,m.zaki@mail.com,Home Decor,622.0,7,4354.0,Pending
2024-11-21,Layla Mohamed,yomna.dev@email.com,Groceries,3488.0,3,10464.0,Refunded
2024-06-16,Huda Mansour,sales@hub.com,Groceries,1240.0,1,1240.0,Shipped
2024-04-07,Zainab Tarek,yomna.dev@email.com,Home Decor,4396.0,9,39564.0,Cancelled
2024-02-28,Ali Hassan,test.a@web.net,Groceries,4567.0,3,13701.0,Pending
2024-08-05,Mona Zaki,contact@service.org,Home Decor,4124.0,9,37116.0,Cancelled
2024-07-10,Yomna Soror,m.zaki@mail.com,Books,521.0,9,4689.0,Completed
2024-08-18,Mona Zaki,user1@mail.com,Clothing,4352.0,9,39168.0,Pending
2024-06-22,Huda Mansour,info@market.eg,Electronics,354.0,1,354.0,Completed
2024-08-27,Mona Zaki,admin@tech.io,Groceries,2854.0,4,11416.0,Completed
2024-02-28,Ahmed Ali,sales@hub.com,Home Decor,4387.0,4,17548.0,Refunded
2024-11-23,Marwan Khaled,m.zaki@mail.com,Office Supplies,1710.0,10,17100.0,Cancelled
2024-03-26,Ali Hassan,user1@mail.com,Books,253.0,3,759.0,Pending
2024-11-16,Yomna Soror,m.zaki@mail.com,Books,4125.0,1,4125.0,Pending
2024-03-15,Sara Ahmed,admin@tech.io,Electronics,3766.0,4,15064.0,Completed
2024-03-28,Ali Hassan,admin@tech.io,Clothing,1271.0,9,11439.0,Cancelled
2024-03-17,Zainab Tarek,yomna.dev@email.com,Electronics,2435.0,4,9740.0,Refunded
2024-03-06,Omar Farouk,sales@hub.com,Electronics,4262.0,2,8524.0,Refunded
2024-09-09,Omar Farouk,user1@mail.com,Office Supplies,4968.0,1,4968.0,Refunded
2024-07-02,Mona Zaki,yomna.dev@email.com,Clothing,2286.0,6,13716.0,Completed
2024-07-09,Zainab Tarek,test.a@web.net,Home Decor,4747.0,8,37976.0,Cancelled
2024-05-06,Sara Ahmed,yomna.dev@email.com,Groceries,3964.0,7,27748.0,Pending
2024-12-07,Zainab Tarek,contact@service.org,Clothing,4131.0,10,41310.0,Cancelled
2024-08-15,Sara Ahmed,m.zaki@mail.com,Groceries,142.0,10,1420.0,Cancelled
2024-06-12,Yomna Soror,yomna.dev@email.com,Home Decor,4278.0,3,12834.0,Shipped
2024-06-12,Sara Ahmed,yomna.dev@email.com,Home Decor,2190.0,3,6570.0,Completed
2024-06-22,Huda Mansour,m.zaki@mail.com,Electronics,2302.0,3,6906.0,Pending
2024-05-19,Yomna Soror,yomna.dev@email.com,Books,4091.0,2,8182.0,Pending
2024-06-12,Yomna Soror,admin@tech.io,Clothing,4736.0,6,28416.0,Pending
2024-08-15,Huda Mansour,user1@mail.com,Electronics,2141.0,7,14987.0,Cancelled
2024-09-09,Ahmed Ali,sales@hub.com,Home Decor,1630.0,8,13040.0,Shipped
2024-08-09,Layla Mohamed,contact@service.org,Home Decor,2335.0,8,18680.0,Completed
2024-01-01,Yomna Soror,admin@tech.io,Books,4600.0,8,36800.0,Shipped
2024-09-06,Omar Farouk,contact@service.org,Groceries,60.0,6,360.0,Shipped
2024-01-14,Marwan Khaled,info@market.eg,Groceries,1894.0,9,17046.0,Completed
2024-05-01,Yomna Soror,,Electronics,2752.0,8,22016.0,Completed
2024-01-03,Ahmed Ali,yomna.dev@email.com,Electronics,4922.0,4,19688.0,Cancelled
2024-06-19,Omar Farouk,sales@hub.com,Office Supplies,3164.0,10,31640.0,Cancelled
2024-10-11,Zainab Tarek,user1@mail.com,Home Decor,1866.0,5,9330.0,Pending
2024-12-28,Ali Hassan,m.zaki@mail.com,Groceries,4114.0,10,41140.0,Refunded
2024-07-10,Yomna Soror,user1@mail.com,Office Supplies,1029.0,1,1029.0,Pending
2024-11-21,Layla Mohamed,m.zaki@mail.com,Home Decor,1031.0,5,5155.0,Pending
2024-07-13,Ali Hassan,contact@service.org,Office Supplies,4826.0,9,43434.0,Shipped
2024-12-17,Yomna Soror,admin@tech.io,Books,2489.0,4,9956.0,Shipped
2024-12-02,Layla Mohamed,test.a@web.net,Groceries,3011.0,7,21077.0,Pending
2024-12-22,Ahmed Ali,info@market.eg,Electronics,283.0,9,2547.0,Refunded
2024-01-15,Huda Mansour,contact@service.org,Office Supplies,4453.0,8,35624.0,Refunded
2024-06-18,Sara Ahmed,yomna.dev@email.com,Electronics,4846.0,7,33922.0,Pending
2024-09-17,Omar Farouk,user1@mail.com,Books,4073.0,5,20365.0,Shipped
2024-10-02,Mona Zaki,test.a@web.net,Electronics,315.0,7,2205.0,Cancelled
2024-11-07,Yomna Soror,sales@hub.com,Office Supplies,1088.0,6,6528.0,Cancelled
2024-09-01,Sara Ahmed,test.a@web.net,Home Decor,4275.0,7,29925.0,Pending
2024-08-02,Ahmed Ali,sales@hub.com,Electronics,464.0,2,928.0,Shipped
2024-03-17,Huda Mansour,user1@mail.com,Groceries,845.0,1,845.0,Completed
2024-02-21,Zainab Tarek,sales@hub.com,Office Supplies,2584.0,1,2584.0,Shipped
2024-05-02,Zainab Tarek,admin@tech.io,Books,1446.0,8,11568.0,Shipped
2024-09-13,Sara Ahmed,contact@service.org,Books,1198.0,10,11980.0,Shipped
2024-02-23,Yomna Soror,contact@service.org,Groceries,2961.0,5,14805.0,Shipped
2024-06-27,Ali Hassan,test.a@web.net,Electronics,2450.0,1,2450.0,Shipped
2024-02-12,Omar Farouk,contact@service.org,Books,695.0,5,3475.0,Pending
2024-11-28,Layla Mohamed,admin@tech.io,Office Supplies,3824.0,3,11472.0,Cancelled
2024-02-20,Huda Mansour,test.a@web.net,Electronics,3371.0,10,33710.0,Shipped
2024-05-16,Omar Farouk,yomna.dev@email.com,Books,137.0,2,274.0,Refunded
2024-02-07,Ahmed Ali,info@market.eg,Office Supplies,2048.0,4,8192.0,Refunded
2024-06-07,Marwan Khaled,yomna.dev@email.com,Groceries,4714.0,1,4714.0,Completed
2024-06-11,Omar Farouk,yomna.dev@email.com,Clothing,4390.0,2,8780.0,Refunded
2024-12-13,Mona Zaki,m.zaki@mail.com,Groceries,602.0,3,1806.0,Shipped
2024-09-15,Marwan Khaled,yomna.dev@email.com,Clothing,1826.0,2,3652.0,Cancelled
2024-09-09,Huda Mansour,sales@hub.com,Groceries,1518.0,1,1518.0,Pending
2024-11-13,Mona Zaki,admin@tech.io,Groceries,2362.0,10,23620.0,Completed
2024-03-15,Zainab Tarek,admin@tech.io,Home Decor,159.0,4,636.0,Completed
2024-01-01,Ali Hassan,admin@tech.io,Books,2961.0,8,23688.0,Cancelled
2024-11-24,Yomna Soror,test.a@web.net,Office Supplies,728.0,1,728.0,Shipped
2024-02-02,Huda Mansour,,Books,3263.0,2,6526.0,Completed
2024-07-23,Zainab Tarek,user1@mail.com,Office Supplies,1757.0,2,3514.0,Completed
2024-04-03,Marwan Khaled,test.a@web.net,Clothing,3283.0,7,22981.0,Completed
2024-04-25,Yomna Soror,m.zaki@mail.com,Clothing,2047.0,1,2047.0,Refunded
2024-12-07,Ahmed Ali,m.zaki@mail.com,Books,189.0,4,756.0,Cancelled
2024-04-21,Mona Zaki,test.a@web.net,Electronics,2659.0,10,26590.0,Shipped
2024-10-21,Sara Ahmed,,Groceries,4602.0,7,32214.0,Pending
2024-08-20,Marwan Khaled,info@market.eg,Clothing,378.0,9,3402.0,Shipped
2024-09-13,Marwan Khaled,admin@tech.io,Groceries,2723.0,9,24507.0,Pending
2024-07-17,Sara Ahmed,user1@mail.com,Books,4186.0,2,8372.0,Completed
2024-03-24,Zainab Tarek,sales@hub.com,Office Supplies,2424.0,4,9696.0,Cancelled
2024-08-16,Mona Zaki,sales@hub.com,Office Supplies,2736.0,5,13680.0,Refunded
2024-05-25,Marwan Khaled,admin@tech.io,Clothing,838.0,4,3352.0,Shipped
2024-03-09,Ali Hassan,m.zaki@mail.com,Home Decor,4852.0,4,19408.0,Refunded
2024-10-24,Omar Farouk,info@market.eg,Home Decor,463.0,8,3704.0,Completed
2024-01-22,Omar Farouk,info@market.eg,Clothing,317.0,3,951.0,Shipped
2024-12-15,Zainab Tarek,info@market.eg,Books,687.0,3,2061.0,Cancelled
2024-02-13,Sara Ahmed,m.zaki@mail.com,Books,1748.0,6,10488.0,Shipped
2024-10-19,Mona Zaki,sales@hub.com,Clothing,4214.0,7,29498.0,Pending
2024-05-21,Ali Hassan,user1@mail.com,Books,2304.0,8,18432.0,Shipped
2024-09-12,Zainab Tarek,m.zaki@mail.com,Electronics,3060.0,4,12240.0,Shipped
2024-10-15,Omar Farouk,admin@tech.io,Home Decor,2894.0,6,17364.0,Cancelled
2024-08-17,Layla Mohamed,user1@mail.com,Home Decor,1809.0,1,1809.0,Refunded
2024-12-03,Mona Zaki,info@market.eg,Electronics,1082.0,1,1082.0,Refunded
2024-08-16,Sara Ahmed,info@market.eg,Electronics,4413.0,5,22065.0,Refunded
2024-09-10,Mona Zaki,test.a@web.net,Home Decor,2862.0,9,25758.0,Cancelled
2024-06-12,Ali Hassan,yomna.dev@email.com,Groceries,1381.0,4,5524.0,Refunded
2024-11-08,Layla Mohamed,yomna.dev@email.com,Books,4495.0,5,22475.0,Cancelled
2024-05-27,Mona Zaki,user1@mail.com,Groceries,3961.0,5,19805.0,Pending
2024-07-05,Omar Farouk,contact@service.org,Office Supplies,4162.0,8,33296.0,Refunded
2024-08-20,Ahmed Ali,m.zaki@mail.com,Office Supplies,2304.0,10,23040.0,Cancelled
2024-12-13,Huda Mansour,sales@hub.com,Electronics,4175.0,2,8350.0,Shipped
2024-07-19,Ali Hassan,sales@hub.com,Groceries,1063.0,2,2126.0,Pending
2024-04-24,Sara Ahmed,sales@hub.com,Office Supplies,146.0,10,1460.0,Refunded
2024-09-11,Huda Mansour,yomna.dev@email.com,Clothing,2021.0,4,8084.0,Shipped
2024-03-05,Mona Zaki,sales@hub.com,Books,1507.0,9,13563.0,Cancelled
2024-09-06,Layla Mohamed,yomna.dev@email.com,Books,3371.0,7,23597.0,Completed
2024-05-22,Yomna Soror,m.zaki@mail.com,Clothing,3918.0,9,35262.0,Shipped
2024-05-08,Yomna Soror,yomna.dev@email.com,Home Decor,2330.0,1,2330.0,Cancelled
2024-02-02,Zainab Tarek,info@market.eg,Books,1857.0,10,18570.0,Pending
2024-12-03,Yomna Soror,test.a@web.net,Electronics,4394.0,7,30758.0,Cancelled
2024-02-04,Zainab Tarek,yomna.dev@email.com,Books,1552.0,3,4656.0,Refunded
2024-02-13,Mona Zaki,sales@hub.com,Books,3914.0,6,23484.0,Cancelled
2024-08-19,Yomna Soror,user1@mail.com,Clothing,3558.0,5,17790.0,Pending
2024-05-24,Huda Mansour,yomna.dev@email.com,Books,2140.0,7,14980.0,Cancelled
2024-04-12,Yomna Soror,user1@mail.com,Clothing,4212.0,2,8424.0,Cancelled
2024-11-14,Mona Zaki,m.zaki@mail.com,Home Decor,197.0,5,985.0,Completed
2024-11-28,Marwan Khaled,test.a@web.net,Groceries,4057.0,5,20285.0,Completed
2024-10-16,Yomna Soror,sales@hub.com,Home Decor,2101.0,1,2101.0,Shipped
2024-01-01,Layla Mohamed,yomna.dev@email.com,Home Decor,4473.0,10,44730.0,Refunded
2024-03-27,Huda Mansour,info@market.eg,Groceries,4872.0,7,34104.0,Refunded
2024-08-03,Sara Ahmed,user1@mail.com,Office Supplies,3633.0,2,7266.0,Pending
2024-10-25,Huda Mansour,m.zaki@mail.com,Electronics,2624.0,8,20992.0,Pending
2024-02-10,Huda Mansour,contact@service.org,Groceries,1807.0,6,10842.0,Completed
2024-09-21,Layla Mohamed,contact@service.org,Office Supplies,3871.0,6,23226.0,Refunded
2024-02-28,Ali Hassan,test.a@web.net,Electronics,4906.0,9,44154.0,Pending
2024-05-17,Ahmed Ali,m.zaki@mail.com,Books,3904.0,4,15616.0,Shipped
2024-05-24,Layla Mohamed,user1@mail.com,Groceries,1392.0,2,2784.0,Cancelled
2024-07-09,Ali Hassan,yomna.dev@email.com,Groceries,2660.0,5,13300.0,Cancelled
2024-10-24,Huda Mansour,test.a@web.net,Office Supplies,3450.0,6,20700.0,Refunded
2024-10-11,Ali Hassan,user1@mail.com,Clothing,2576.0,6,15456.0,Shipped
2024-11-04,Sara Ahmed,sales@hub.com,Electronics,2560.0,6,15360.0,Pending
2024-12-08,Zainab Tarek,test.a@web.net,Groceries,3105.0,3,9315.0,Refunded
2024-07-26,Yomna Soror,user1@mail.com,Clothing,4782.0,10,47820.0,Refunded
2024-08-13,Marwan Khaled,admin@tech.io,Office Supplies,2309.0,4,9236.0,Completed
2024-06-22,Huda Mansour,yomna.dev@email.com,Home Decor,4976.0,9,44784.0,Cancelled
2024-04-07,Marwan Khaled,contact@service.org,Home Decor,1090.0,10,10900.0,Pending
2024-12-15,Layla Mohamed,m.zaki@mail.com,Clothing,2046.0,6,12276.0,Pending
2024-06-09,Yomna Soror,yomna.dev@email.com,Electronics,2959.0,3,8877.0,Shipped
2024-11-23,Yomna Soror,admin@tech.io,Electronics,266.0,10,2660.0,Refunded
2024-02-11,Huda Mansour,test.a@web.net,Electronics,2728.0,5,13640.0,Shipped
2024-11-14,Huda Mansour,sales@hub.com,Clothing,1091.0,5,5455.0,Refunded
2024-03-02,Zainab Tarek,admin@tech.io,Clothing,1026.0,10,10260.0,Completed
2024-03-23,Ali Hassan,admin@tech.io,Electronics,2756.0,5,13780.0,Shipped
2024-12-24,Ahmed Ali,test.a@web.net,Groceries,4483.0,6,26898.0,Pending
2024-03-01,Ahmed Ali,info@market.eg,Groceries,2351.0,6,14106.0,Shipped
2024-10-05,Mona Zaki,info@market.eg,Books,4117.0,9,37053.0,Shipped
2024-12-10,Layla Mohamed,test.a@web.net,Office Supplies,4153.0,3,12459.0,Refunded
2024-08-17,Yomna Soror,contact@service.org,Groceries,2292.0,3,6876.0,Refunded
2024-02-07,Ahmed Ali,yomna.dev@email.com,Office Supplies,2089.0,8,16712.0,Completed
2024-04-26,Sara Ahmed,info@market.eg,Home Decor,4887.0,6,29322.0,Pending
2024-09-06,Zainab Tarek,user1@mail.com,Office Supplies,1280.0,5,6400.0,Cancelled
2024-11-15,Omar Farouk,sales@hub.com,Clothing,1204.0,3,3612.0,Refunded
2024-01-01,Mona Zaki,yomna.dev@email.com,Electronics,3522.0,5,17610.0,Completed
2024-01-07,Ali Hassan,user1@mail.com,Electronics,1504.0,7,10528.0,Completed
2024-06-02,Omar Farouk,user1@mail.com,Groceries,1917.0,8,15336.0,Shipped
2024-12-11,Mona Zaki,test.a@web.net,Books,624.0,2,1248.0,Pending
2024-08-26,Ahmed Ali,sales@hub.com,Home Decor,3876.0,4,15504.0,Refunded
2024-06-07,Mona Zaki,admin@tech.io,Books,727.0,8,5816.0,Refunded
2024-12-27,Mona Zaki,admin@tech.io,Office Supplies,743.0,1,743.0,Refunded
2024-05-05,Layla Mohamed,info@market.eg,Books,3701.0,4,14804.0,Completed
2024-10-15,Layla Mohamed,sales@hub.com,Electronics,2793.0,10,27930.0,Completed
2024-07-28,Omar Farouk,admin@tech.io,Books,4083.0,7,28581.0,Completed
2024-04-05,Sara Ahmed,sales@hub.com,Books,425.0,3,1275.0,Shipped
2024-05-27,Huda Mansour,m.zaki@mail.com,Books,2752.0,10,27520.0,Refunded
2024-06-09,Ali Hassan,user1@mail.com,Clothing,454.0,1,454.0,Shipped
2024-04-28,Layla Mohamed,contact@service.org,Books,2649.0,7,18543.0,Refunded
2024-01-01,Huda Mansour,yomna.dev@email.com,Home Decor,2477.0,10,24770.0,Refunded
2024-04-16,Ali Hassan,test.a@web.net,Electronics,1800.0,1,1800.0,Pending
2024-07-26,Zainab Tarek,sales@hub.com,Home Decor,4193.0,4,16772.0,Cancelled
2024-11-14,Sara Ahmed,info@market.eg,Electronics,747.0,3,2241.0,Shipped
2024-07-14,Marwan Khaled,test.a@web.net,Office Supplies,2074.0,5,10370.0,Refunded
2024-02-04,Yomna Soror,info@market.eg,Groceries,4313.0,1,4313.0,Refunded
2024-12-15,Marwan Khaled,m.zaki@mail.com,Office Supplies,2944.0,7,20608.0,Shipped
2024-06-09,Yomna Soror,test.a@web.net,Groceries,4005.0,7,28035.0,Completed
2024-10-22,Huda Mansour,m.zaki@mail.com,Home Decor,3829.0,9,34461.0,Cancelled
2024-03-21,Sara Ahmed,m.zaki@mail.com,Clothing,2836.0,5,14180.0,Cancelled
2024-05-19,Sara Ahmed,contact@service.org,Books,3475.0,9,31275.0,Refunded
2024-04-02,Mona Zaki,admin@tech.io,Electronics,3961.0,4,15844.0,Refunded
2024-09-05,Sara Ahmed,user1@mail.com,Electronics,4389.0,5,21945.0,Completed
2024-07-09,Ali Hassan,info@market.eg,Books,79.0,10,790.0,Completed
2024-11-17,Omar Farouk,sales@hub.com,Groceries,1697.0,2,3394.0,Cancelled
2024-03-26,Omar Farouk,admin@tech.io,Clothing,1422.0,8,11376.0,Completed
2024-04-07,Ali Hassan,test.a@web.net,Books,828.0,9,7452.0,Shipped
2024-08-12,Mona Zaki,yomna.dev@email.com,Home Decor,4450.0,6,26700.0,Pending
2024-04-19,Mona Zaki,sales@hub.com,Books,4192.0,4,16768.0,Cancelled
2024-05-09,Huda Mansour,yomna.dev@email.com,Books,1035.0,3,3105.0,Completed
2024-01-16,Zainab Tarek,contact@service.org,Clothing,2077.0,3,6231.0,Completed
2024-04-04,Layla Mohamed,admin@tech.io,Home Decor,74.0,7,518.0,Completed
2024-05-14,Zainab Tarek,m.zaki@mail.com,Books,3255.0,10,32550.0,Pending
2024-09-26,Omar Farouk,m.zaki@mail.com,Groceries,2189.0,5,10945.0,Shipped
2024-03-03,Ali Hassan,yomna.dev@email.com,Books,332.0,4,1328.0,Refunded
2024-04-20,Sara Ahmed,admin@tech.io,Books,4692.0,10,46920.0,Completed
2024-08-01,Marwan Khaled,user1@mail.com,Groceries,714.0,8,5712.0,Pending
2024-06-28,Mona Zaki,admin@tech.io,Electronics,2703.0,10,27030.0,Cancelled
2024-04-11,Layla Mohamed,m.zaki@mail.com,Books,3990.0,3,11970.0,Refunded
2024-08-01,Yomna Soror,test.a@web.net,Clothing,4697.0,5,23485.0,Completed
2024-01-17,Zainab Tarek,admin@tech.io,Groceries,2254.0,9,20286.0,Shipped
2024-12-10,Zainab Tarek,yomna.dev@email.com,Clothing,1134.0,5,5670.0,Refunded
2024-11-06,Yomna Soror,m.zaki@mail.com,Groceries,755.0,8,6040.0,Completed
2024-02-08,Ali Hassan,m.zaki@mail.com,Electronics,2357.0,8,18856.0,Pending
2024-10-16,Omar Farouk,yomna.dev@email.com,Electronics,229.0,2,458.0,Cancelled
2024-03-04,Zainab Tarek,sales@hub.com,Books,2079.0,6,12474.0,Shipped
2024-05-05,Huda Mansour,info@market.eg,Clothing,4383.0,6,26298.0,Shipped
2024-05-02,Mona Zaki,m.zaki@mail.com,Clothing,2103.0,8,16824.0,Completed
2024-02-12,Layla Mohamed,sales@hub.com,Electronics,4931.0,5,24655.0,Pending
2024-04-15,Ahmed Ali,test.a@web.net,Books,4205.0,3,12615.0,Cancelled
2024-01-01,Sara Ahmed,info@market.eg,Electronics,1789.0,6,10734.0,Completed
2024-08-23,Ahmed Ali,contact@service.org,Clothing,1650.0,6,9900.0,Refunded
2024-04-05,Layla Mohamed,test.a@web.net,Home Decor,4256.0,5,21280.0,Shipped
2024-09-18,Huda Mansour,contact@service.org,Clothing,2180.0,4,8720.0,Refunded
2024-10-04,Sara Ahmed,admin@tech.io,Home Decor,1278.0,6,7668.0,Refunded
2024-09-03,Yomna Soror,info@market.eg,Groceries,3746.0,2,7492.0,Pending
2024-04-26,Huda Mansour,test.a@web.net,Office Supplies,3250.0,2,6500.0,Pending
2024-01-08,Sara Ahmed,contact@service.org,Clothing,2611.0,8,20888.0,Refunded
2024-04-20,Zainab Tarek,user1@mail.com,Clothing,2254.0,8,18032.0,Completed
2024-07-11,Mona Zaki,test.a@web.net,Clothing,3649.0,4,14596.0,Refunded
2024-06-01,Marwan Khaled,contact@service.org,Home Decor,2419.0,1,2419.0,Shipped
2024-05-11,Marwan Khaled,admin@tech.io,Clothing,3680.0,3,11040.0,Cancelled
2024-01-05,Marwan Khaled,yomna.dev@email.com,Home Decor,2353.0,9,21177.0,Pending
2024-03-13,Marwan Khaled,test.a@web.net,Electronics,2625.0,5,13125.0,Refunded
2024-02-06,Marwan Khaled,contact@service.org,Office Supplies,3221.0,7,22547.0,Completed
2024-06-17,Ali Hassan,yomna.dev@email.com,Electronics,3598.0,3,10794.0,Completed
2024-02-24,Sara Ahmed,user1@mail.com,Office Supplies,571.0,7,3997.0,Cancelled
2024-07-21,Yomna Soror,test.a@web.net,Office Supplies,3130.0,3,9390.0,Shipped
2024-01-27,Marwan Khaled,yomna.dev@email.com,Books,2435.0,2,4870.0,Completed
2024-01-01,Mona Zaki,test.a@web.net,Office Supplies,3613.0,3,10839.0,Refunded
2024-05-13,Mona Zaki,yomna.dev@email.com,Groceries,1450.0,1,1450.0,Pending
2024-06-06,Huda Mansour,info@market.eg,Electronics,436.0,2,872.0,Pending
2024-02-21,Ahmed Ali,yomna.dev@email.com,Home Decor,1041.0,4,4164.0,Cancelled
2024-01-06,Layla Mohamed,admin@tech.io,Office Supplies,4931.0,1,4931.0,Cancelled
2024-11-17,Ahmed Ali,test.a@web.net,Clothing,1865.0,9,16785.0,Refunded
2024-06-26,Huda Mansour,user1@mail.com,Electronics,4839.0,7,33873.0,Refunded
2024-08-22,Ahmed Ali,admin@tech.io,Electronics,4200.0,1,4200.0,Pending
2024-09-06,Layla Mohamed,info@market.eg,Electronics,4226.0,8,33808.0,Completed
2024-12-13,Zainab Tarek,info@market.eg,Clothing,97.0,5,485.0,Refunded
2024-04-16,Zainab Tarek,contact@service.org,Clothing,2455.0,5,12275.0,Completed
2024-08-04,Ali Hassan,admin@tech.io,Groceries,1723.0,10,17230.0,Refunded
2024-09-25,Huda Mansour,contact@service.org,Home Decor,3660.0,7,25620.0,Pending
2024-02-10,Huda Mansour,admin@tech.io,Groceries,2766.0,3,8298.0,Pending
2024-06-19,Ali Hassan,yomna.dev@email.com,Clothing,4431.0,9,39879.0,Completed
2024-05-07,Yomna Soror,sales@hub.com,Books,1987.0,8,15896.0,Completed
2024-09-03,Huda Mansour,contact@service.org,Home Decor,492.0,5,2460.0,Pending
2024-06-04,Layla Mohamed,sales@hub.com,Electronics,2361.0,3,7083.0,Shipped
2024-06-20,Zainab Tarek,m.zaki@mail.com,Books,3528.0,7,24696.0,Pending
2024-08-11,Huda Mansour,sales@hub.com,Clothing,2085.0,3,6255.0,Pending
2024-04-03,Ali Hassan,info@market.eg,Electronics,790.0,3,2370.0,Refunded
2024-02-09,Ali Hassan,contact@service.org,Office Supplies,2293.0,2,4586.0,Refunded
2024-03-05,Mona Zaki,test.a@web.net,Books,1082.0,9,9738.0,Completed
2024-09-28,Ahmed Ali,m.zaki@mail.com,Clothing,3272.0,9,29448.0,Refunded
2024-12-26,Sara Ahmed,m.zaki@mail.com,Groceries,2068.0,9,18612.0,Shipped
2024-11-04,Sara Ahmed,admin@tech.io,Groceries,252.0,1,252.0,Refunded
2024-11-17,Yomna Soror,info@market.eg,Groceries,558.0,6,3348.0,Cancelled
2024-10-01,Marwan Khaled,test.a@web.net,Clothing,337.0,9,3033.0,Pending
2024-02-04,Yomna Soror,contact@service.org,Home Decor,2433.0,9,21897.0,Completed
2024-07-18,Ahmed Ali,info@market.eg,Books,176.0,5,880.0,Pending
2024-08-18,Ali Hassan,yomna.dev@email.com,Clothing,436.0,4,1744.0,Shipped
2024-12-01,Zainab Tarek,contact@service.org,Groceries,1003.0,7,7021.0,Completed
2024-09-07,Yomna Soror,test.a@web.net,Office Supplies,2792.0,5,13960.0,Shipped
2024-07-20,Omar Farouk,admin@tech.io,Clothing,3009.0,7,21063.0,Shipped
2024-03-19,Mona Zaki,m.zaki@mail.com,Books,1720.0,1,1720.0,Completed
2024-08-14,Omar Farouk,info@market.eg,Office Supplies,2305.0,1,2305.0,Cancelled
2024-07-12,Marwan Khaled,contact@service.org,Books,3101.0,3,9303.0,Shipped
2024-06-16,Omar Farouk,yomna.dev@email.com,Groceries,4154.0,4,16616.0,Shipped
2024-06-04,Yomna Soror,sales@hub.com,Groceries,3052.0,1,3052.0,Refunded
2024-08-25,Mona Zaki,yomna.dev@email.com,Books,3333.0,3,9999.0,Pending
2024-07-01,Zainab Tarek,,Books,1538.0,7,10766.0,Shipped
2024-12-10,Ahmed Ali,test.a@web.net,Electronics,403.0,5,2015.0,Completed
2024-02-25,Mona Zaki,sales@hub.com,Books,2564.0,6,15384.0,Shipped
2024-02-01,Yomna Soror,admin@tech.io,Groceries,2019.0,4,8076.0,Refunded
2024-06-13,Ahmed Ali,info@market.eg,Clothing,3851.0,5,19255.0,Completed
2024-01-12,Huda Mansour,m.zaki@mail.com,Office Supplies,4099.0,9,36891.0,Refunded
2024-11-22,Mona Zaki,admin@tech.io,Electronics,2713.0,9,24417.0,Pending
2024-04-08,Zainab Tarek,user1@mail.com,Groceries,2513.0,6,15078.0,Pending
2024-11-04,Ali Hassan,info@market.eg,Home Decor,2256.0,7,15792.0,Refunded
2024-01-01,Zainab Tarek,admin@tech.io,Books,358.0,5,1790.0,Refunded
2024-11-04,Marwan Khaled,user1@mail.com,Groceries,3195.0,4,12780.0,Completed
2024-10-08,Ali Hassan,admin@tech.io,Electronics,2514.0,5,12570.0,Cancelled
2024-08-09,Mona Zaki,test.a@web.net,Clothing,1145.0,1,1145.0,Cancelled
2024-11-14,Huda Mansour,user1@mail.com,Office Supplies,1260.0,5,6300.0,Completed
2024-10-19,Huda Mansour,test.a@web.net,Electronics,4022.0,1,4022.0,Shipped
2024-10-14,Yomna Soror,contact@service.org,Books,4226.0,9,38034.0,Pending
2024-05-07,Zainab Tarek,info@market.eg,Office Supplies,682.0,6,4092.0,Pending
2024-04-14,Omar Farouk,contact@service.org,Electronics,3486.0,7,24402.0,Cancelled
2024-02-20,Zainab Tarek,m.zaki@mail.com,Home Decor,1668.0,3,5004.0,Shipped
2024-05-05,Marwan Khaled,admin@tech.io,Books,3754.0,4,15016.0,Shipped
2024-03-27,Ali Hassan,yomna.dev@email.com,Groceries,3560.0,4,14240.0,Refunded
2024-12-07,Zainab Tarek,yomna.dev@email.com,Groceries,2304.0,7,16128.0,Refunded
2024-11-21,Ahmed Ali,admin@tech.io,Clothing,2995.0,1,2995.0,Completed
2024-06-05,Layla Mohamed,admin@tech.io,Electronics,1002.0,6,6012.0,Refunded
2024-10-08,Zainab Tarek,test.a@web.net,Home Decor,4478.0,6,26868.0,Cancelled
2024-05-24,Yomna Soror,sales@hub.com,Office Supplies,3068.0,8,24544.0,Cancelled
2024-02-04,Ahmed Ali,sales@hub.com,Books,4153.0,10,41530.0,Pending
2024-09-21,Omar Farouk,m.zaki@mail.com,Home Decor,472.0,1,472.0,Shipped
2024-12-24,Yomna Soror,user1@mail.com,Home Decor,668.0,5,3340.0,Cancelled
2024-12-16,Huda Mansour,admin@tech.io,Groceries,290.0,10,2900.0,Shipped
2024-04-15,Mona Zaki,yomna.dev@email.com,Groceries,3888.0,2,7776.0,Completed
2024-11-03,Ahmed Ali,admin@tech.io,Clothing,4877.0,8,39016.0,Cancelled
2024-04-03,Sara Ahmed,yomna.dev@email.com,Office Supplies,3556.0,4,14224.0,Shipped
2024-03-11,Yomna Soror,yomna.dev@email.com,Books,1892.0,8,15136.0,Refunded
2024-09-26,Yomna Soror,m.zaki@mail.com,Books,1413.0,5,7065.0,Completed
2024-06-21,Yomna Soror,contact@service.org,Clothing,1060.0,3,3180.0,Cancelled
2024-03-19,Ahmed Ali,test.a@web.net,Home Decor,4132.0,8,33056.0,Refunded
2024-12-22,Layla Mohamed,user1@mail.com,Clothing,3281.0,7,22967.0,Completed
2024-11-09,Huda Mansour,m.zaki@mail.com,Electronics,2514.0,6,15084.0,Shipped
2024-04-25,Omar Farouk,admin@tech.io,Office Supplies,870.0,9,7830.0,Pending
2024-08-15,Layla Mohamed,sales@hub.com,Home Decor,1468.0,1,1468.0,Shipped
2024-07-23,Layla Mohamed,admin@tech.io,Office Supplies,3109.0,1,3109.0,Completed
2024-01-01,Mona Zaki,user1@mail.com,Clothing,3884.0,6,23304.0,Shipped
2024-10-20,Ahmed Ali,contact@service.org,Clothing,3471.0,8,27768.0,Shipped
2024-09-28,Yomna Soror,admin@tech.io,Books,3175.0,5,15875.0,Refunded
2024-11-13,Huda Mansour,admin@tech.io,Home Decor,2404.0,2,4808.0,Completed
2024-08-01,Ahmed Ali,m.zaki@mail.com,Electronics,4793.0,1,4793.0,Pending
2024-08-23,Huda Mansour,sales@hub.com,Groceries,3165.0,8,25320.0,Pending
2024-06-09,Layla Mohamed,user1@mail.com,Clothing,1382.0,5,6910.0,Pending
2024-01-18,Omar Farouk,yomna.dev@email.com,Books,2514.0,3,7542.0,Completed
2024-08-18,Mona Zaki,admin@tech.io,Home Decor,3120.0,3,9360.0,Completed
2024-11-08,Mona Zaki,admin@tech.io,Books,1522.0,8,12176.0,Cancelled
2024-07-23,Marwan Khaled,user1@mail.com,Electronics,2833.0,6,16998.0,Pending
2024-02-15,Marwan Khaled,user1@mail.com,Home Decor,2892.0,2,5784.0,Pending
2024-05-21,Omar Farouk,info@market.eg,Books,59.0,6,354.0,Cancelled
2024-08-05,Yomna Soror,user1@mail.com,Groceries,4967.0,4,19868.0,Cancelled
2024-04-10,Ahmed Ali,test.a@web.net,Clothing,3271.0,5,16355.0,Shipped
2024-02-14,Omar Farouk,test.a@web.net,Clothing,259.0,8,2072.0,Refunded
2024-05-08,Zainab Tarek,info@market.eg,Electronics,3830.0,3,11490.0,Completed
2024-11-01,Ahmed Ali,sales@hub.com,Books,4202.0,2,8404.0,Cancelled
2024-10-20,Layla Mohamed,user1@mail.com,Books,1925.0,1,1925.0,Refunded
2024-08-28,Sara Ahmed,yomna.dev@email.com,Home Decor,2136.0,1,2136.0,Completed
2024-07-01,Layla Mohamed,user1@mail.com,Books,4186.0,3,12558.0,Pending
2024-12-25,Ali Hassan,yomna.dev@email.com,Office Supplies,3376.0,5,16880.0,Refunded
2024-09-17,Ahmed Ali,test.a@web.net,Books,2271.0,9,20439.0,Refunded
2024-02-09,Zainab Tarek,m.zaki@mail.com,Clothing,475.0,3,1425.0,Pending
2024-12-23,Mona Zaki,m.zaki@mail.com,Clothing,952.0,4,3808.0,Completed
2024-10-07,Ali Hassan,info@market.eg,Office Supplies,4647.0,4,18588.0,Shipped
2024-03-08,Zainab Tarek,contact@service.org,Groceries,4879.0,5,24395.0,Completed
2024-09-19,Huda Mansour,test.a@web.net,Office Supplies,3948.0,2,7896.0,Refunded
2024-03-14,Huda Mansour,m.zaki@mail.com,Electronics,2609.0,2,5218.0,Pending
2024-03-16,Zainab Tarek,contact@service.org,Office Supplies,4960.0,6,29760.0,Pending
2024-10-27,Omar Farouk,test.a@web.net,Clothing,150.0,2,300.0,Shipped
2024-01-11,Ahmed Ali,m.zaki@mail.com,Clothing,680.0,4,2720.0,Shipped
2024-02-03,Omar Farouk,contact@service.org,Books,255.0,5,1275.0,Refunded
2024-06-22,Zainab Tarek,yomna.dev@email.com,Books,760.0,10,7600.0,Shipped
2024-02-18,Yomna Soror,yomna.dev@email.com,Clothing,4621.0,1,4621.0,Shipped
2024-08-11,Yomna Soror,m.zaki@mail.com,Office Supplies,3488.0,5,17440.0,Completed
2024-10-26,Marwan Khaled,info@market.eg,Groceries,3212.0,3,9636.0,Completed
2024-11-05,Ali Hassan,test.a@web.net,Books,2829.0,7,19803.0,Cancelled
2024-03-07,Zainab Tarek,sales@hub.com,Home Decor,1757.0,3,5271.0,Shipped
2024-04-20,Marwan Khaled,user1@mail.com,Clothing,4473.0,3,13419.0,Refunded
2024-09-27,Huda Mansour,user1@mail.com,Home Decor,1985.0,8,15880.0,Refunded
2024-08-14,Ali Hassan,contact@service.org,Electronics,499.0,4,1996.0,Cancelled
2024-02-06,Zainab Tarek,admin@tech.io,Electronics,3447.0,5,17235.0,Refunded
2024-01-19,Ali Hassan,test.a@web.net,Groceries,904.0,2,1808.0,Shipped
2024-04-17,Ali Hassan,yomna.dev@email.com,Clothing,453.0,7,3171.0,Refunded
2024-06-22,Layla Mohamed,m.zaki@mail.com,Books,484.0,5,2420.0,Shipped
2024-12-11,Mona Zaki,user1@mail.com,Clothing,1255.0,5,6275.0,Completed
2024-07-04,Huda Mansour,admin@tech.io,Office Supplies,1353.0,4,5412.0,Completed
2024-06-27,Huda Mansour,admin@tech.io,Home Decor,714.0,6,4284.0,Cancelled
2024-09-03,Mona Zaki,m.zaki@mail.com,Clothing,2737.0,7,19159.0,Pending
2024-06-13,Omar Farouk,test.a@web.net,Books,4718.0,6,28308.0,Completed
2024-10-23,Zainab Tarek,contact@service.org,Clothing,4753.0,1,4753.0,Cancelled
2024-12-15,Sara Ahmed,test.a@web.net,Books,4605.0,7,32235.0,Refunded
2024-07-03,Mona Zaki,admin@tech.io,Home Decor,74.0,4,296.0,Shipped
2024-05-27,Ahmed Ali,user1@mail.com,Groceries,4845.0,6,29070.0,Pending
2024-04-03,Omar Farouk,yomna.dev@email.com,Electronics,4350.0,5,21750.0,Cancelled
2024-10-17,Mona Zaki,yomna.dev@email.com,Groceries,1565.0,8,12520.0,Cancelled
2024-04-01,Sara Ahmed,test.a@web.net,Office Supplies,2125.0,9,19125.0,Refunded
2024-10-03,Zainab Tarek,info@market.eg,Home Decor,1501.0,5,7505.0,Cancelled
2024-03-16,Layla Mohamed,m.zaki@mail.com,Books,3211.0,3,9633.0,Shipped
2024-05-05,Sara Ahmed,user1@mail.com,Groceries,4554.0,10,45540.0,Refunded
2024-07-10,Ali Hassan,contact@service.org,Electronics,1749.0,10,17490.0,Pending
2024-08-15,Zainab Tarek,admin@tech.io,Home Decor,3350.0,5,16750.0,Shipped
2024-01-04,Marwan Khaled,info@market.eg,Office Supplies,4855.0,6,29130.0,Pending
2024-04-02,Yomna Soror,contact@service.org,Books,1891.0,2,3782.0,Refunded
2024-03-24,Ahmed Ali,yomna.dev@email.com,Books,3421.0,10,34210.0,Refunded
2024-09-05,Yomna Soror,m.zaki@mail.com,Home Decor,4098.0,2,8196.0,Pending
2024-06-16,Ali Hassan,yomna.dev@email.com,Books,4205.0,1,4205.0,Cancelled
2024-05-12,Mona Zaki,sales@hub.com,Clothing,1868.0,9,16812.0,Refunded
2024-05-04,Omar Farouk,test.a@web.net,Groceries,3392.0,8,27136.0,Pending
2024-08-09,Omar Farouk,admin@tech.io,Groceries,527.0,9,4743.0,Pending
2024-03-11,Huda Mansour,test.a@web.net,Home Decor,1931.0,5,9655.0,Shipped
2024-02-12,Ali Hassan,info@market.eg,Clothing,3999.0,2,7998.0,Refunded
2024-12-19,Yomna Soror,info@market.eg,Clothing,2646.0,3,7938.0,Cancelled
2024-02-11,Omar Farouk,yomna.dev@email.com,Books,411.0,7,2877.0,Completed
2024-01-07,Zainab Tarek,contact@service.org,Groceries,3104.0,6,18624.0,Completed
2024-08-01,Layla Mohamed,sales@hub.com,Books,2767.0,8,22136.0,Pending
2024-11-15,Layla Mohamed,yomna.dev@email.com,Electronics,1022.0,6,6132.0,Completed
2024-05-27,Omar Farouk,test.a@web.net,Electronics,1369.0,7,9583.0,Pending
2024-12-26,Zainab Tarek,test.a@web.net,Clothing,1321.0,6,7926.0,Refunded
2024-01-25,Ahmed Ali,info@market.eg,Groceries,3690.0,6,22140.0,Refunded
2024-03-12,Mona Zaki,admin@tech.io,Clothing,4517.0,1,4517.0,Completed
2024-11-27,Layla Mohamed,contact@service.org,Office Supplies,71.0,7,497.0,Pending
2024-10-23,Yomna Soror,yomna.dev@email.com,Office Supplies,2722.0,10,27220.0,Cancelled
2024-08-27,Ali Hassan,sales@hub.com,Home Decor,307.0,6,1842.0,Shipped
2024-02-24,Zainab Tarek,test.a@web.net,Electronics,2361.0,8,18888.0,Completed
2024-01-09,Sara Ahmed,m.zaki@mail.com,Electronics,606.0,7,4242.0,Refunded
2024-07-15,Mona Zaki,contact@service.org,Office Supplies,3916.0,1,3916.0,Refunded
2024-04-01,Ali Hassan,user1@mail.com,Clothing,999.0,3,2997.0,Refunded
2024-02-03,Marwan Khaled,test.a@web.net,Home Decor,1901.0,9,17109.0,Shipped
2024-03-15,Huda Mansour,info@market.eg,Clothing,2622.0,10,26220.0,Shipped
2024-01-17,Sara Ahmed,contact@service.org,Groceries,900.0,10,9000.0,Refunded
2024-08-02,Ali Hassan,admin@tech.io,Office Supplies,1848.0,2,3696.0,Shipped
2024-05-06,Huda Mansour,info@market.eg,Groceries,1349.0,6,8094.0,Refunded
2024-04-15,Ahmed Ali,m.zaki@mail.com,Office Supplies,4932.0,4,19728.0,Shipped
2024-02-26,Mona Zaki,contact@service.org,Electronics,117.0,6,702.0,Shipped
2024-01-05,Omar Farouk,yomna.dev@email.com,Office Supplies,535.0,8,4280.0,Completed
2024-03-15,Marwan Khaled,yomna.dev@email.com,Home Decor,3416.0,2,6832.0,Pending
2024-07-02,Zainab Tarek,m.zaki@mail.com,Groceries,2179.0,5,10895.0,Cancelled
2024-03-28,Ali Hassan,user1@mail.com,Office Supplies,922.0,6,5532.0,Shipped
2024-04-22,Marwan Khaled,yomna.dev@email.com,Office Supplies,1553.0,1,1553.0,Pending
2024-02-25,Ahmed Ali,contact@service.org,Groceries,3157.0,10,31570.0,Shipped
2024-04-17,Huda Mansour,user1@mail.com,Office Supplies,821.0,1,821.0,Pending
2024-06-04,Omar Farouk,sales@hub.com,Office Supplies,4378.0,5,21890.0,Cancelled
2024-03-16,Huda Mansour,user1@mail.com,Groceries,3492.0,8,27936.0,Pending
2024-02-21,Mona Zaki,yomna.dev@email.com,Groceries,1214.0,5,6070.0,Pending
2024-01-27,Sara Ahmed,admin@tech.io,Home Decor,4912.0,4,19648.0,Shipped
2024-05-17,Huda Mansour,sales@hub.com,Clothing,2690.0,8,21520.0,Cancelled
2024-12-04,Ahmed Ali,info@market.eg,Electronics,2443.0,5,12215.0,Completed
2024-09-16,Layla Mohamed,user1@mail.com,Office Supplies,4612.0,10,46120.0,Shipped
2024-02-02,Huda Mansour,user1@mail.com,Books,4273.0,6,25638.0,Pending
2024-09-28,Marwan Khaled,admin@tech.io,Clothing,1644.0,8,13152.0,Refunded
2024-10-07,Huda Mansour,yomna.dev@email.com,Clothing,2685.0,1,2685.0,Pending
2024-02-27,Huda Mansour,admin@tech.io,Home Decor,874.0,7,6118.0,Pending
2024-12-10,Ali Hassan,admin@tech.io,Groceries,4374.0,2,8748.0,Completed
2024-05-15,Omar Farouk,user1@mail.com,Office Supplies,4497.0,1,4497.0,Shipped
2024-07-14,Huda Mansour,m.zaki@mail.com,Electronics,1804.0,8,14432.0,Completed
2024-05-23,Layla Mohamed,admin@tech.io,Groceries,2839.0,6,17034.0,Cancelled
2024-03-06,Yomna Soror,,Books,974.0,1,974.0,Pending
2024-12-15,Omar Farouk,yomna.dev@email.com,Office Supplies,1182.0,7,8274.0,Pending
2024-07-26,Mona Zaki,contact@service.org,Groceries,4453.0,9,40077.0,Refunded
2024-07-16,Layla Mohamed,test.a@web.net,Clothing,1552.0,7,10864.0,Cancelled
2024-07-01,Huda Mansour,yomna.dev@email.com,Electronics,4453.0,5,22265.0,Refunded
2024-03-01,Zainab Tarek,user1@mail.com,Clothing,3570.0,8,28560.0,Completed
2024-01-24,Mona Zaki,m.zaki@mail.com,Office Supplies,1516.0,3,4548.0,Cancelled
2024-12-09,Marwan Khaled,contact@service.org,Books,910.0,3,2730.0,Refunded
2024-04-27,Zainab Tarek,admin@tech.io,Books,3785.0,6,22710.0,Pending
2024-06-09,Ali Hassan,test.a@web.net,Groceries,4745.0,9,42705.0,Refunded
2024-04-09,Marwan Khaled,user1@mail.com,Books,563.0,6,3378.0,Pending
2024-05-06,Ahmed Ali,contact@service.org,Groceries,402.0,5,2010.0,Completed
2024-04-27,Omar Farouk,yomna.dev@email.com,Clothing,3428.0,9,30852.0,Cancelled
2024-04-23,Mona Zaki,user1@mail.com,Electronics,4333.0,7,30331.0,Refunded
2024-06-13,Yomna Soror,user1@mail.com,Clothing,1238.0,7,8666.0,Pending
2024-05-06,Yomna Soror,contact@service.org,Books,3066.0,3,9198.0,Pending
2024-03-14,Zainab Tarek,test.a@web.net,Groceries,1838.0,9,16542.0,Shipped
2024-05-10,Yomna Soror,info@market.eg,Clothing,1889.0,2,3778.0,Pending
2024-09-26,Layla Mohamed,contact@service.org,Electronics,352.0,2,704.0,Cancelled
2024-07-27,Zainab Tarek,m.zaki@mail.com,Office Supplies,4306.0,8,34448.0,Completed
2024-01-28,Mona Zaki,yomna.dev@email.com,Clothing,4396.0,3,13188.0,Cancelled
2024-05-11,Sara Ahmed,yomna.dev@email.com,Books,2865.0,4,11460.0,Shipped
2024-06-13,Marwan Khaled,sales@hub.com,Electronics,2753.0,5,13765.0,Cancelled
2024-10-06,Marwan Khaled,info@market.eg,Groceries,1915.0,2,3830.0,Refunded
2024-05-25,Sara Ahmed,m.zaki@mail.com,Electronics,2399.0,6,14394.0,Shipped
2024-10-22,Marwan Khaled,yomna.dev@email.com,Clothing,2024.0,10,20240.0,Refunded
2024-07-18,Marwan Khaled,contact@service.org,Clothing,4247.0,7,29729.0,Completed
2024-02-10,Ali Hassan,sales@hub.com,Groceries,3957.0,1,3957.0,Pending
2024-03-05,Omar Farouk,user1@mail.com,Groceries,2046.0,4,8184.0,Pending
2024-08-09,Zainab Tarek,admin@tech.io,Clothing,3246.0,10,32460.0,Refunded
2024-08-25,Ahmed Ali,user1@mail.com,Clothing,737.0,8,5896.0,Refunded
2024-01-10,Sara Ahmed,m.zaki@mail.com,Office Supplies,2580.0,1,2580.0,Refunded
2024-07-06,Omar Farouk,admin@tech.io,Clothing,3353.0,9,30177.0,Shipped
2024-07-15,Mona Zaki,sales@hub.com,Home Decor,3164.0,5,15820.0,Cancelled
2024-10-16,Mona Zaki,contact@service.org,Clothing,4185.0,9,37665.0,Cancelled
2024-04-10,Zainab Tarek,test.a@web.net,Home Decor,671.0,5,3355.0,Refunded
2024-04-13,Mona Zaki,sales@hub.com,Office Supplies,3709.0,9,33381.0,Refunded
2024-12-10,Ahmed Ali,contact@service.org,Groceries,1250.0,10,12500.0,Shipped
2024-05-26,Ali Hassan,user1@mail.com,Clothing,4504.0,10,45040.0,Pending
2024-07-23,Ali Hassan,info@market.eg,Home Decor,4403.0,4,17612.0,Pending
2024-07-05,Huda Mansour,contact@service.org,Office Supplies,3737.0,1,3737.0,Completed
2024-08-06,Omar Farouk,admin@tech.io,Books,3600.0,7,25200.0,Pending
2024-01-18,Sara Ahmed,admin@tech.io,Books,4546.0,1,4546.0,Refunded
2024-11-22,Layla Mohamed,test.a@web.net,Clothing,1981.0,2,3962.0,Refunded
2024-03-04,Huda Mansour,contact@service.org,Home Decor,4326.0,8,34608.0,Refunded
2024-07-14,Ahmed Ali,yomna.dev@email.com,Office Supplies,4766.0,1,4766.0,Pending
2024-03-27,Sara Ahmed,sales@hub.com,Clothing,2809.0,4,11236.0,Shipped
2024-05-22,Sara Ahmed,sales@hub.com,Home Decor,4168.0,5,20840.0,Cancelled
2024-01-15,Layla Mohamed,m.zaki@mail.com,Electronics,3121.0,9,28089.0,Completed
2024-10-04,Huda Mansour,contact@service.org,Groceries,4686.0,1,4686.0,Completed
2024-12-23,Zainab Tarek,user1@mail.com,Clothing,814.0,1,814.0,Pending
2024-09-24,Huda Mansour,test.a@web.net,Clothing,3854.0,1,3854.0,Refunded
2024-02-25,Marwan Khaled,info@market.eg,Clothing,2365.0,3,7095.0,Pending
2024-10-11,Layla Mohamed,test.a@web.net,Clothing,4788.0,5,23940.0,Pending
2024-08-06,Omar Farouk,m.zaki@mail.com,Books,1602.0,8,12816.0,Pending
2024-11-04,Huda Mansour,admin@tech.io,Books,186.0,8,1488.0,Completed
2024-03-20,Sara Ahmed,admin@tech.io,Books,3821.0,9,34389.0,Refunded
2024-02-15,Marwan Khaled,m.zaki@mail.com,Office Supplies,4965.0,6,29790.0,Refunded
2024-04-03,Mona Zaki,info@market.eg,Clothing,474.0,9,4266.0,Cancelled
2024-12-02,Ahmed Ali,admin@tech.io,Home Decor,414.0,6,2484.0,Shipped
2024-03-03,Zainab Tarek,contact@service.org,Clothing,2036.0,3,6108.0,Completed
2024-09-05,Ahmed Ali,yomna.dev@email.com,Home Decor,4424.0,3,13272.0,Completed
2024-02-15,Huda Mansour,test.a@web.net,Electronics,2599.0,7,18193.0,Shipped
2024-08-25,Sara Ahmed,yomna.dev@email.com,Groceries,728.0,3,2184.0,Pending
2024-02-18,Zainab Tarek,test.a@web.net,Groceries,1459.0,2,2918.0,Completed
2024-09-10,Ahmed Ali,admin@tech.io,Books,1859.0,10,18590.0,Cancelled
2024-01-17,Zainab Tarek,m.zaki@mail.com,Home Decor,1097.0,10,10970.0,Refunded
2024-08-24,Layla Mohamed,info@market.eg,Home Decor,1636.0,4,6544.0,Shipped
2024-08-10,Ali Hassan,sales@hub.com,Books,3563.0,4,14252.0,Refunded
2024-06-23,Layla Mohamed,test.a@web.net,Books,4937.0,10,49370.0,Pending
2024-01-23,Ali Hassan,user1@mail.com,Clothing,2181.0,4,8724.0,Pending
2024-06-07,Huda Mansour,yomna.dev@email.com,Home Decor,165.0,5,825.0,Shipped
2024-12-27,Yomna Soror,admin@tech.io,Clothing,3642.0,6,21852.0,Completed
2024-05-03,Marwan Khaled,admin@tech.io,Books,1856.0,2,3712.0,Pending
2024-07-24,Omar Farouk,info@market.eg,Clothing,872.0,9,7848.0,Pending
2024-06-01,Layla Mohamed,,Electronics,3407.0,6,20442.0,Shipped
2024-12-15,Yomna Soror,sales@hub.com,Office Supplies,4961.0,2,9922.0,Completed
2024-08-24,Marwan Khaled,yomna.dev@email.com,Books,450.0,2,900.0,Cancelled
2024-07-28,Layla Mohamed,test.a@web.net,Office Supplies,2095.0,6,12570.0,Cancelled
2024-09-16,Huda Mansour,info@market.eg,Home Decor,3093.0,1,3093.0,Cancelled
2024-03-07,Layla Mohamed,user1@mail.com,Office Supplies,4178.0,8,33424.0,Completed
2024-10-12,Omar Farouk,sales@hub.com,Office Supplies,4535.0,5,22675.0,Completed
2024-04-28,Layla Mohamed,contact@service.org,Home Decor,3422.0,4,13688.0,Pending
2024-02-02,Mona Zaki,info@market.eg,Clothing,616.0,5,3080.0,Pending
2024-06-11,Sara Ahmed,sales@hub.com,Electronics,1020.0,3,3060.0,Refunded
2024-12-20,Sara Ahmed,test.a@web.net,Office Supplies,1699.0,4,6796.0,Completed
2024-01-07,Omar Farouk,m.zaki@mail.com,Books,1834.0,10,18340.0,Shipped
2024-09-27,Huda Mansour,test.a@web.net,Books,1747.0,5,8735.0,Cancelled
2024-04-25,Zainab Tarek,admin@tech.io,Office Supplies,4852.0,7,33964.0,Cancelled
2024-06-04,Yomna Soror,contact@service.org,Home Decor,3402.0,5,17010.0,Shipped
2024-10-28,Layla Mohamed,user1@mail.com,Groceries,3685.0,2,7370.0,Completed
2024-05-13,Huda Mansour,admin@tech.io,Electronics,302.0,9,2718.0,Cancelled
2024-07-28,Huda Mansour,admin@tech.io,Office Supplies,586.0,7,4102.0,Completed
2024-08-28,Yomna Soror,yomna.dev@email.com,Office Supplies,3775.0,5,18875.0,Completed
2024-08-19,Yomna Soror,test.a@web.net,Clothing,228.0,2,456.0,Pending
2024-02-24,Mona Zaki,yomna.dev@email.com,Groceries,3683.0,9,33147.0,Completed
2024-08-24,Sara Ahmed,contact@service.org,Clothing,846.0,1,846.0,Cancelled
2024-10-28,Sara Ahmed,admin@tech.io,Clothing,1466.0,4,5864.0,Shipped
2024-09-03,Yomna Soror,yomna.dev@email.com,Home Decor,3381.0,2,6762.0,Shipped
2024-06-13,Mona Zaki,sales@hub.com,Clothing,2224.0,6,13344.0,Pending
2024-03-04,Ahmed Ali,admin@tech.io,Books,3935.0,10,39350.0,Completed
2024-02-06,Layla Mohamed,yomna.dev@email.com,Home Decor,2079.0,2,4158.0,Completed
2024-09-26,Yomna Soror,,Groceries,3825.0,7,26775.0,Completed
2024-02-11,Yomna Soror,m.zaki@mail.com,Books,2353.0,7,16471.0,Completed
2024-12-24,Omar Farouk,sales@hub.com,Clothing,2200.0,5,11000.0,Completed
2024-04-18,Huda Mansour,m.zaki@mail.com,Office Supplies,3931.0,2,7862.0,Refunded
2024-01-28,Ali Hassan,sales@hub.com,Electronics,1391.0,8,11128.0,Pending
2024-10-17,Marwan Khaled,test.a@web.net,Home Decor,1064.0,2,2128.0,Completed
2024-04-26,Mona Zaki,sales@hub.com,Books,1451.0,10,14510.0,Refunded
2024-05-14,Yomna Soror,test.a@web.net,Office Supplies,1528.0,8,12224.0,Completed
2024-02-24,Layla Mohamed,admin@tech.io,Office Supplies,3752.0,3,11256.0,Cancelled
2024-01-07,Sara Ahmed,sales@hub.com,Clothing,3169.0,7,22183.0,Pending
2024-11-28,Mona Zaki,user1@mail.com,Home Decor,370.0,4,1480.0,Refunded
2024-04-07,Sara Ahmed,admin@tech.io,Books,2991.0,1,2991.0,Completed
2024-09-28,Ahmed Ali,yomna.dev@email.com,Clothing,797.0,6,4782.0,Pending
2024-08-14,Mona Zaki,yomna.dev@email.com,Office Supplies,4819.0,3,14457.0,Shipped
2024-03-03,Ali Hassan,sales@hub.com,Office Supplies,2022.0,4,8088.0,Cancelled
2024-04-18,Layla Mohamed,user1@mail.com,Books,4042.0,1,4042.0,Cancelled
2024-10-20,Ali Hassan,test.a@web.net,Books,3195.0,5,15975.0,Cancelled
2024-11-25,Yomna Soror,test.a@web.net,Electronics,3364.0,10,33640.0,Shipped
2024-10-10,Mona Zaki,user1@mail.com,Books,646.0,8,5168.0,Shipped
2024-07-24,Ali Hassan,yomna.dev@email.com,Electronics,4652.0,5,23260.0,Refunded
2024-02-06,Zainab Tarek,user1@mail.com,Office Supplies,2333.0,5,11665.0,Cancelled
2024-06-06,Ali Hassan,contact@service.org,Clothing,2936.0,2,5872.0,Shipped
2024-06-17,Ali Hassan,contact@service.org,Clothing,697.0,9,6273.0,Cancelled
2024-01-02,Yomna Soror,contact@service.org,Books,3359.0,10,33590.0,Shipped
2024-01-17,Zainab Tarek,m.zaki@mail.com,Electronics,2072.0,8,16576.0,Shipped
2024-09-23,Ali Hassan,admin@tech.io,Clothing,3254.0,7,22778.0,Cancelled
2024-02-18,Marwan Khaled,sales@hub.com,Books,1091.0,7,7637.0,Refunded
2024-03-01,Marwan Khaled,yomna.dev@email.com,Books,4034.0,3,12102.0,Completed
2024-08-16,Huda Mansour,info@market.eg,Office Supplies,220.0,6,1320.0,Pending
2024-01-18,Layla Mohamed,info@market.eg,Books,2732.0,6,16392.0,Cancelled
2024-02-24,Mona Zaki,yomna.dev@email.com,Electronics,4727.0,7,33089.0,Pending
2024-04-13,Ahmed Ali,sales@hub.com,Home Decor,3411.0,9,30699.0,Refunded
2024-09-06,Marwan Khaled,user1@mail.com,Electronics,954.0,2,1908.0,Cancelled
2024-07-16,Huda Mansour,info@market.eg,Books,2214.0,7,15498.0,Shipped
2024-01-10,Marwan Khaled,user1@mail.com,Clothing,3262.0,1,3262.0,Cancelled
2024-05-02,Huda Mansour,admin@tech.io,Clothing,2485.0,1,2485.0,Shipped
2024-02-16,Mona Zaki,user1@mail.com,Books,2768.0,6,16608.0,Shipped
2024-07-06,Zainab Tarek,admin@tech.io,Clothing,914.0,5,4570.0,Pending
2024-10-15,Sara Ahmed,info@market.eg,Groceries,2945.0,6,17670.0,Refunded
2024-02-15,Ali Hassan,user1@mail.com,Electronics,294.0,3,882.0,Refunded
2024-04-12,Huda Mansour,yomna.dev@email.com,Groceries,4625.0,10,46250.0,Refunded
2024-05-03,Yomna Soror,user1@mail.com,Books,507.0,1,507.0,Refunded
2024-09-27,Marwan Khaled,contact@service.org,Home Decor,2903.0,5,14515.0,Pending
2024-06-10,Layla Mohamed,contact@service.org,Clothing,4712.0,2,9424.0,Refunded
2024-01-01,Omar Farouk,admin@tech.io,Office Supplies,1339.0,2,2678.0,Cancelled
2024-10-22,Ahmed Ali,test.a@web.net,Clothing,1427.0,7,9989.0,Pending
2024-06-09,Layla Mohamed,contact@service.org,Office Supplies,2400.0,4,9600.0,Cancelled
2024-12-27,Huda Mansour,user1@mail.com,Clothing,916.0,1,916.0,Pending
2024-08-18,Zainab Tarek,contact@service.org,Office Supplies,1014.0,10,10140.0,Shipped
2024-03-21,Ahmed Ali,user1@mail.com,Electronics,1527.0,1,1527.0,Cancelled
2024-09-26,Zainab Tarek,m.zaki@mail.com,Books,2197.0,6,13182.0,Completed
2024-06-14,Omar Farouk,yomna.dev@email.com,Office Supplies,1761.0,5,8805.0,Refunded
2024-07-16,Sara Ahmed,sales@hub.com,Clothing,1541.0,6,9246.0,Cancelled
2024-02-23,Zainab Tarek,yomna.dev@email.com,Electronics,4297.0,10,42970.0,Cancelled
2024-12-24,Mona Zaki,yomna.dev@email.com,Office Supplies,2910.0,2,5820.0,Completed
2024-09-26,Ahmed Ali,m.zaki@mail.com,Clothing,3809.0,6,22854.0,Cancelled
2024-04-08,Omar Farouk,contact@service.org,Clothing,1782.0,9,16038.0,Shipped
2024-06-01,Omar Farouk,test.a@web.net,Electronics,488.0,10,4880.0,Shipped
2024-02-03,Ali Hassan,yomna.dev@email.com,Office Supplies,3775.0,5,18875.0,Cancelled
2024-07-05,Zainab Tarek,test.a@web.net,Books,2470.0,3,7410.0,Pending
2024-06-07,Omar Farouk,info@market.eg,Home Decor,3318.0,9,29862.0,Pending
2024-10-22,Omar Farouk,contact@service.org,Groceries,2013.0,1,2013.0,Shipped
2024-04-20,Ahmed Ali,m.zaki@mail.com,Office Supplies,3235.0,8,25880.0,Completed
2024-02-02,Mona Zaki,info@market.eg,Books,4300.0,3,12900.0,Refunded
2024-03-12,Ahmed Ali,yomna.dev@email.com,Books,2699.0,5,13495.0,Pending
2024-04-26,Yomna Soror,sales@hub.com,Home Decor,2070.0,5,10350.0,Pending
2024-05-01,Marwan Khaled,user1@mail.com,Home Decor,3873.0,6,23238.0,Completed
2024-12-09,Ali Hassan,contact@service.org,Home Decor,2633.0,4,10532.0,Refunded
2024-06-02,Omar Farouk,contact@service.org,Electronics,3093.0,7,21651.0,Shipped
2024-04-19,Sara Ahmed,sales@hub.com,Clothing,401.0,1,401.0,Shipped
2024-07-10,Ahmed Ali,test.a@web.net,Electronics,2033.0,1,2033.0,Pending
2024-03-15,Sara Ahmed,info@market.eg,Home Decor,3437.0,5,17185.0,Refunded
2024-12-06,Layla Mohamed,test.a@web.net,Office Supplies,3436.0,6,20616.0,Shipped
2024-03-25,Mona Zaki,sales@hub.com,Electronics,3263.0,2,6526.0,Completed
2024-01-06,Marwan Khaled,info@market.eg,Home Decor,701.0,2,1402.0,Pending
2024-04-18,Zainab Tarek,m.zaki@mail.com,Home Decor,826.0,7,5782.0,Cancelled
2024-11-16,Mona Zaki,admin@tech.io,Clothing,3666.0,8,29328.0,Completed
2024-08-26,Yomna Soror,yomna.dev@email.com,Electronics,3750.0,3,11250.0,Completed
2024-08-27,Marwan Khaled,info@market.eg,Electronics,2685.0,1,2685.0,Cancelled
2024-10-20,Layla Mohamed,sales@hub.com,Groceries,922.0,9,8298.0,Shipped
2024-12-14,Zainab Tarek,sales@hub.com,Clothing,4317.0,5,21585.0,Shipped
2024-09-11,Sara Ahmed,contact@service.org,Office Supplies,1351.0,4,5404.0,Completed
2024-06-03,Zainab Tarek,user1@mail.com,Electronics,903.0,8,7224.0,Shipped
2024-02-26,Omar Farouk,test.a@web.net,Office Supplies,3221.0,9,28989.0,Cancelled
2024-06-18,Yomna Soror,user1@mail.com,Home Decor,122.0,2,244.0,Completed
2024-06-13,Yomna Soror,sales@hub.com,Electronics,2580.0,10,25800.0,Pending
2024-05-21,Zainab Tarek,info@market.eg,Groceries,4361.0,1,4361.0,Completed
2024-06-02,Sara Ahmed,m.zaki@mail.com,Books,1437.0,5,7185.0,Shipped
2024-10-02,Ali Hassan,admin@tech.io,Clothing,3414.0,3,10242.0,Refunded
2024-07-23,Yomna Soror,,Office Supplies,410.0,10,4100.0,Shipped
2024-06-22,Huda Mansour,sales@hub.com,Groceries,4199.0,5,20995.0,Completed
2024-08-28,Sara Ahmed,info@market.eg,Electronics,204.0,1,204.0,Shipped
2024-04-22,Marwan Khaled,contact@service.org,Electronics,3299.0,2,6598.0,Cancelled
2024-01-03,Ali Hassan,info@market.eg,Office Supplies,3318.0,9,29862.0,Shipped
2024-01-04,Sara Ahmed,sales@hub.com,Home Decor,686.0,1,686.0,Shipped
2024-05-26,Ali Hassan,sales@hub.com,Office Supplies,4583.0,1,4583.0,Cancelled
2024-12-22,Yomna Soror,yomna.dev@email.com,Home Decor,1123.0,2,2246.0,Completed
2024-01-02,Ahmed Ali,test.a@web.net,Office Supplies,4554.0,3,13662.0,Cancelled
2024-01-04,Huda Mansour,sales@hub.com,Books,149.0,3,447.0,Shipped
2024-06-24,Huda Mansour,test.a@web.net,Books,155.0,2,310.0,Completed
2024-02-07,Ali Hassan,admin@tech.io,Books,1283.0,4,5132.0,Shipped
2024-03-14,Zainab Tarek,sales@hub.com,Electronics,602.0,8,4816.0,Cancelled
2024-02-27,Mona Zaki,contact@service.org,Groceries,2550.0,10,25500.0,Pending
2024-04-09,Yomna Soror,test.a@web.net,Groceries,3994.0,6,23964.0,Pending
2024-04-01,Huda Mansour,user1@mail.com,Clothing,1752.0,2,3504.0,Pending
2024-05-03,Ali Hassan,yomna.dev@email.com,Groceries,3027.0,1,3027.0,Shipped
2024-09-09,Zainab Tarek,sales@hub.com,Groceries,3820.0,10,38200.0,Cancelled
2024-09-08,Yomna Soror,sales@hub.com,Books,738.0,10,7380.0,Refunded
2024-01-08,Huda Mansour,m.zaki@mail.com,Office Supplies,2569.0,10,25690.0,Pending
2024-04-24,Ahmed Ali,info@market.eg,Clothing,4277.0,10,42770.0,Pending
2024-01-18,Ali Hassan,sales@hub.com,Clothing,2478.0,6,14868.0,Pending
2024-07-08,Ahmed Ali,admin@tech.io,Home Decor,2477.0,10,24770.0,Refunded
2024-07-18,Omar Farouk,sales@hub.com,Office Supplies,2610.0,10,26100.0,Refunded
2024-10-08,Huda Mansour,info@market.eg,Groceries,3164.0,3,9492.0,Completed
2024-11-15,Marwan Khaled,yomna.dev@email.com,Books,2375.0,10,23750.0,Pending
2024-12-16,Marwan Khaled,yomna.dev@email.com,Electronics,3062.0,3,9186.0,Cancelled
2024-06-24,Ali Hassan,contact@service.org,Office Supplies,1248.0,9,11232.0,Completed
2024-07-09,Ali Hassan,m.zaki@mail.com,Office Supplies,2673.0,3,8019.0,Refunded
2024-09-16,Zainab Tarek,info@market.eg,Books,3238.0,5,16190.0,Shipped
2024-09-22,Marwan Khaled,info@market.eg,Home Decor,4277.0,3,12831.0,Refunded
2024-08-20,Omar Farouk,contact@service.org,Books,3249.0,5,16245.0,Shipped
2024-03-15,Layla Mohamed,info@market.eg,Electronics,2163.0,4,8652.0,Completed
2024-10-22,Layla Mohamed,test.a@web.net,Groceries,1318.0,3,3954.0,Completed
2024-11-22,Yomna Soror,m.zaki@mail.com,Clothing,1391.0,6,8346.0,Refunded
2024-03-08,Huda Mansour,info@market.eg,Electronics,4981.0,3,14943.0,Refunded
2024-09-08,Ali Hassan,contact@service.org,Office Supplies,392.0,7,2744.0,Refunded
2024-01-01,Ahmed Ali,yomna.dev@email.com,Home Decor,3964.0,3,11892.0,Refunded
2024-11-19,Yomna Soror,info@market.eg,Groceries,3592.0,3,10776.0,Shipped
2024-12-04,Ali Hassan,user1@mail.com,Home Decor,4597.0,3,13791.0,Refunded
2024-08-26,Zainab Tarek,m.zaki@mail.com,Groceries,4581.0,3,13743.0,Cancelled
2024-01-28,Ali Hassan,sales@hub.com,Groceries,4566.0,5,22830.0,Pending
2024-04-04,Mona Zaki,yomna.dev@email.com,Groceries,1767.0,2,3534.0,Cancelled
2024-11-02,Ahmed Ali,sales@hub.com,Electronics,2114.0,7,14798.0,Completed
2024-03-09,Mona Zaki,user1@mail.com,Books,1389.0,7,9723.0,Cancelled
2024-01-22,Sara Ahmed,user1@mail.com,Electronics,3141.0,9,28269.0,Pending
2024-08-24,Ali Hassan,info@market.eg,Clothing,1708.0,4,6832.0,Shipped
2024-10-15,Zainab Tarek,sales@hub.com,Books,3093.0,7,21651.0,Completed
2024-10-05,Huda Mansour,info@market.eg,Groceries,2927.0,9,26343.0,Completed
2024-05-16,Omar Farouk,sales@hub.com,Office Supplies,1645.0,7,11515.0,Cancelled
2024-05-10,Yomna Soror,sales@hub.com,Office Supplies,3469.0,4,13876.0,Cancelled
2024-05-13,Layla Mohamed,sales@hub.com,Books,321.0,4,1284.0,Refunded
2024-02-13,Sara Ahmed,info@market.eg,Books,4006.0,10,40060.0,Cancelled
2024-03-20,Mona Zaki,info@market.eg,Groceries,535.0,4,2140.0,Cancelled
2024-11-14,Mona Zaki,admin@tech.io,Groceries,3554.0,5,17770.0,Pending
2024-06-14,Sara Ahmed,sales@hub.com,Office Supplies,2767.0,5,13835.0,Shipped
2024-01-10,Layla Mohamed,contact@service.org,Office Supplies,2415.0,10,24150.0,Refunded
2024-09-06,Ali Hassan,m.zaki@mail.com,Books,2320.0,9,20880.0,Shipped
2024-06-22,Ali Hassan,sales@hub.com,Clothing,3523.0,5,17615.0,Refunded
2024-09-15,Layla Mohamed,info@market.eg,Clothing,2707.0,7,18949.0,Completed
2024-04-13,Mona Zaki,sales@hub.com,Clothing,4386.0,9,39474.0,Pending
2024-09-11,Sara Ahmed,info@market.eg,Electronics,1449.0,2,2898.0,Pending
2024-10-09,Huda Mansour,user1@mail.com,Home Decor,1451.0,7,10157.0,Completed
2024-10-04,Sara Ahmed,yomna.dev@email.com,Books,3247.0,8,25976.0,Shipped
2024-02-23,Marwan Khaled,user1@mail.com,Clothing,4405.0,8,35240.0,Cancelled
2024-10-02,Ahmed Ali,m.zaki@mail.com,Electronics,4186.0,2,8372.0,Shipped
2024-01-24,Omar Farouk,user1@mail.com,Groceries,936.0,3,2808.0,Shipped
2024-02-27,Sara Ahmed,test.a@web.net,Books,1549.0,6,9294.0,Completed
2024-05-15,Mona Zaki,info@market.eg,Electronics,306.0,1,306.0,Refunded
2024-08-01,Ahmed Ali,admin@tech.io,Clothing,4643.0,5,23215.0,Pending
2024-02-24,Yomna Soror,info@market.eg,Groceries,2047.0,9,18423.0,Completed
2024-11-19,Omar Farouk,test.a@web.net,Groceries,3098.0,9,27882.0,Pending
2024-04-04,Ali Hassan,contact@service.org,Electronics,4737.0,6,28422.0,Refunded
2024-07-28,Ahmed Ali,user1@mail.com,Books,3170.0,10,31700.0,Cancelled
2024-10-04,Marwan Khaled,info@market.eg,Office Supplies,2312.0,10,23120.0,Cancelled
2024-04-07,Omar Farouk,admin@tech.io,Clothing,1694.0,10,16940.0,Pending
2024-08-22,Layla Mohamed,m.zaki@mail.com,Electronics,4802.0,4,19208.0,Shipped
2024-07-19,Zainab Tarek,contact@service.org,Clothing,2766.0,1,2766.0,Shipped
2024-01-03,Layla Mohamed,m.zaki@mail.com,Office Supplies,3463.0,1,3463.0,Completed
2024-02-04,Zainab Tarek,test.a@web.net,Groceries,4081.0,3,12243.0,Cancelled
2024-10-08,Omar Farouk,info@market.eg,Electronics,1342.0,1,1342.0,Pending
2024-01-22,Yomna Soror,info@market.eg,Electronics,3819.0,5,19095.0,Pending
2024-11-24,Sara Ahmed,sales@hub.com,Clothing,3248.0,4,12992.0,Refunded
2024-04-01,Layla Mohamed,m.zaki@mail.com,Home Decor,4918.0,1,4918.0,Completed
2024-08-22,Zainab Tarek,user1@mail.com,Office Supplies,2219.0,3,6657.0,Pending
2024-01-01,Huda Mansour,admin@tech.io,Groceries,2567.0,1,2567.0,Pending
2024-05-24,Layla Mohamed,user1@mail.com,Office Supplies,130.0,7,910.0,Completed
2024-12-15,Sara Ahmed,m.zaki@mail.com,Clothing,1708.0,4,6832.0,Completed
2024-01-04,Omar Farouk,info@market.eg,Home Decor,384.0,5,1920.0,Shipped
2024-10-10,Sara Ahmed,test.a@web.net,Clothing,4662.0,8,37296.0,Pending
2024-09-06,Yomna Soror,test.a@web.net,Home Decor,3171.0,6,19026.0,Shipped
2024-02-14,Mona Zaki,m.zaki@mail.com,Electronics,2067.0,1,2067.0,Pending
2024-05-20,Yomna Soror,user1@mail.com,Clothing,3750.0,3,11250.0,Cancelled
2024-08-02,Huda Mansour,info@market.eg,Books,2279.0,5,11395.0,Refunded
2024-05-05,Yomna Soror,yomna.dev@email.com,Home Decor,1569.0,3,4707.0,Cancelled
2024-03-18,Marwan Khaled,info@market.eg,Electronics,1374.0,9,12366.0,Completed
2024-04-08,Yomna Soror,sales@hub.com,Office Supplies,106.0,7,742.0,Shipped
2024-08-15,Zainab Tarek,yomna.dev@email.com,Books,1869.0,5,9345.0,Refunded
2024-07-14,Ali Hassan,m.zaki@mail.com,Electronics,3287.0,4,13148.0,Pending
2024-03-25,Omar Farouk,info@market.eg,Groceries,3083.0,6,18498.0,Completed
2024-05-26,Zainab Tarek,,Home Decor,4079.0,3,12237.0,Pending
2024-08-03,Yomna Soror,user1@mail.com,Electronics,4785.0,3,14355.0,Cancelled
2024-06-15,Ahmed Ali,test.a@web.net,Home Decor,1831.0,8,14648.0,Pending
2024-01-01,Yomna Soror,m.zaki@mail.com,Home Decor,515.0,8,4120.0,Completed
2024-04-13,Zainab Tarek,test.a@web.net,Electronics,4284.0,10,42840.0,Cancelled
2024-10-05,Yomna Soror,contact@service.org,Clothing,2869.0,2,5738.0,Shipped
2024-05-25,Layla Mohamed,contact@service.org,Home Decor,3014.0,1,3014.0,Refunded
2024-12-21,Sara Ahmed,m.zaki@mail.com,Clothing,776.0,10,7760.0,Refunded
2024-01-24,Marwan Khaled,info@market.eg,Home Decor,2146.0,8,17168.0,Refunded
2024-09-24,Layla Mohamed,info@market.eg,Office Supplies,2514.0,9,22626.0,Pending
2024-09-22,Ahmed Ali,yomna.dev@email.com,Electronics,1122.0,1,1122.0,Pending
2024-04-22,Mona Zaki,user1@mail.com,Office Supplies,2660.0,8,21280.0,Cancelled
2024-08-23,Mona Zaki,yomna.dev@email.com,Groceries,4849.0,4,19396.0,Pending
2024-02-02,Huda Mansour,contact@service.org,Home Decor,1852.0,3,5556.0,Shipped
2024-04-09,Layla Mohamed,contact@service.org,Books,4998.0,9,44982.0,Completed
2024-03-28,Mona Zaki,yomna.dev@email.com,Groceries,4749.0,2,9498.0,Refunded
2024-08-19,Marwan Khaled,info@market.eg,Home Decor,4861.0,9,43749.0,Shipped
2024-10-14,Yomna Soror,test.a@web.net,Electronics,3021.0,8,24168.0,Shipped
2024-02-27,Zainab Tarek,m.zaki@mail.com,Clothing,2469.0,6,14814.0,Shipped
2024-06-17,Omar Farouk,admin@tech.io,Groceries,4946.0,10,49460.0,Completed
2024-08-07,Ali Hassan,test.a@web.net,Groceries,1414.0,6,8484.0,Completed
2024-10-21,Ali Hassan,admin@tech.io,Home Decor,833.0,8,6664.0,Shipped
2024-02-25,Yomna Soror,test.a@web.net,Groceries,1979.0,5,9895.0,Pending
2024-11-27,Yomna Soror,yomna.dev@email.com,Office Supplies,4812.0,6,28872.0,Pending
2024-09-05,Yomna Soror,m.zaki@mail.com,Office Supplies,1810.0,5,9050.0,Pending
2024-07-13,Mona Zaki,yomna.dev@email.com,Clothing,3794.0,6,22764.0,Pending
2024-10-01,Ahmed Ali,sales@hub.com,Office Supplies,888.0,1,888.0,Completed
2024-11-01,Huda Mansour,contact@service.org,Office Supplies,4746.0,5,23730.0,Pending
2024-07-21,Sara Ahmed,contact@service.org,Clothing,4311.0,1,4311.0,Cancelled
2024-06-19,Layla Mohamed,test.a@web.net,Office Supplies,4129.0,4,16516.0,Pending
2024-12-14,Mona Zaki,sales@hub.com,Clothing,459.0,7,3213.0,Shipped
2024-03-26,Huda Mansour,info@market.eg,Home Decor,2582.0,6,15492.0,Pending
2024-07-12,Marwan Khaled,sales@hub.com,Office Supplies,4270.0,9,38430.0,Cancelled
2024-03-11,Marwan Khaled,user1@mail.com,Electronics,2733.0,8,21864.0,Shipped
2024-10-23,Yomna Soror,contact@service.org,Books,954.0,3,2862.0,Shipped
2024-10-08,Ahmed Ali,admin@tech.io,Office Supplies,1086.0,2,2172.0,Cancelled
2024-06-11,Marwan Khaled,contact@service.org,Books,252.0,6,1512.0,Cancelled
2024-02-28,Marwan Khaled,test.a@web.net,Home Decor,640.0,7,4480.0,Pending
2024-06-24,Huda Mansour,info@market.eg,Electronics,707.0,1,707.0,Refunded
2024-08-06,Huda Mansour,info@market.eg,Electronics,4145.0,6,24870.0,Refunded
2024-10-07,Sara Ahmed,,Groceries,4383.0,1,4383.0,Refunded
2024-05-12,Yomna Soror,info@market.eg,Home Decor,3247.0,6,19482.0,Cancelled
2024-05-17,Ahmed Ali,m.zaki@mail.com,Electronics,3493.0,4,13972.0,Pending
2024-12-28,Ahmed Ali,test.a@web.net,Books,1413.0,9,12717.0,Shipped
2024-12-11,Zainab Tarek,contact@service.org,Home Decor,3106.0,1,3106.0,Completed
2024-11-22,Sara Ahmed,yomna.dev@email.com,Electronics,2581.0,3,7743.0,Pending
2024-03-15,Layla Mohamed,m.zaki@mail.com,Clothing,3714.0,4,14856.0,Refunded
2024-04-10,Layla Mohamed,contact@service.org,Books,2085.0,2,4170.0,Refunded
2024-09-07,Mona Zaki,yomna.dev@email.com,Electronics,1175.0,6,7050.0,Pending
2024-12-05,Sara Ahmed,sales@hub.com,Office Supplies,3606.0,10,36060.0,Pending
2024-06-19,Ahmed Ali,sales@hub.com,Office Supplies,2010.0,2,4020.0,Cancelled
2024-03-05,Ali Hassan,admin@tech.io,Office Supplies,2984.0,1,2984.0,Cancelled
2024-08-12,Omar Farouk,m.zaki@mail.com,Clothing,4693.0,10,46930.0,Pending
2024-08-13,Huda Mansour,m.zaki@mail.com,Books,2298.0,4,9192.0,Cancelled
2024-07-19,Marwan Khaled,yomna.dev@email.com,Electronics,193.0,7,1351.0,Pending
2024-08-09,Marwan Khaled,yomna.dev@email.com,Clothing,2590.0,10,25900.0,Pending
2024-08-03,Ali Hassan,,Clothing,4107.0,7,28749.0,Refunded
2024-04-04,Zainab Tarek,user1@mail.com,Books,83.0,9,747.0,Cancelled
2024-08-09,Omar Farouk,sales@hub.com,Electronics,4660.0,7,32620.0,Shipped
2024-07-14,Ahmed Ali,test.a@web.net,Home Decor,2635.0,9,23715.0,Completed
2024-12-22,Omar Farouk,yomna.dev@email.com,Clothing,4828.0,8,38624.0,Shipped
2024-04-09,Zainab Tarek,admin@tech.io,Home Decor,4388.0,5,21940.0,Completed
2024-08-07,Mona Zaki,user1@mail.com,Electronics,124.0,2,248.0,Refunded
2024-03-03,Mona Zaki,info@market.eg,Home Decor,1403.0,9,12627.0,Shipped
2024-04-22,Layla Mohamed,user1@mail.com,Clothing,1909.0,5,9545.0,Refunded
2024-04-28,Huda Mansour,yomna.dev@email.com,Office Supplies,1123.0,6,6738.0,Completed
2024-01-12,Zainab Tarek,yomna.dev@email.com,Clothing,3744.0,2,7488.0,Pending
2024-07-13,Omar Farouk,sales@hub.com,Books,378.0,5,1890.0,Refunded
2024-12-15,Zainab Tarek,sales@hub.com,Home Decor,2010.0,1,2010.0,Shipped
2024-10-02,Omar Farouk,contact@service.org,Clothing,758.0,3,2274.0,Refunded
2024-03-06,Ahmed Ali,m.zaki@mail.com,Office Supplies,2020.0,5,10100.0,Shipped
2024-05-19,Sara Ahmed,contact@service.org,Office Supplies,2886.0,9,25974.0,Shipped
2024-09-17,Yomna Soror,yomna.dev@email.com,Clothing,3817.0,1,3817.0,Refunded
2024-05-23,Layla Mohamed,yomna.dev@email.com,Office Supplies,1440.0,9,12960.0,Refunded
2024-12-02,Mona Zaki,admin@tech.io,Home Decor,134.0,2,268.0,Pending
2024-03-05,Layla Mohamed,m.zaki@mail.com,Groceries,3929.0,6,23574.0,Completed
2024-01-01,Huda Mansour,m.zaki@mail.com,Home Decor,3208.0,10,32080.0,Completed
2024-06-08,Mona Zaki,yomna.dev@email.com,Books,4107.0,10,41070.0,Pending
2024-04-21,Ahmed Ali,m.zaki@mail.com,Home Decor,4274.0,2,8548.0,Shipped
2024-10-16,Mona Zaki,test.a@web.net,Clothing,4037.0,2,8074.0,Pending
2024-04-11,Layla Mohamed,info@market.eg,Home Decor,4260.0,3,12780.0,Refunded
2024-09-20,Layla Mohamed,sales@hub.com,Books,3125.0,2,6250.0,Completed
2024-09-23,Ahmed Ali,user1@mail.com,Clothing,3663.0,8,29304.0,Pending
2024-02-13,Huda Mansour,user1@mail.com,Electronics,1265.0,5,6325.0,Completed
2024-12-24,Huda Mansour,contact@service.org,Groceries,2745.0,8,21960.0,Completed
2024-06-06,Zainab Tarek,user1@mail.com,Clothing,3426.0,4,13704.0,Shipped
2024-04-10,Omar Farouk,contact@service.org,Clothing,447.0,3,1341.0,Refunded
2024-01-08,Omar Farouk,m.zaki@mail.com,Home Decor,3407.0,5,17035.0,Refunded
2024-09-09,Mona Zaki,test.a@web.net,Office Supplies,2945.0,7,20615.0,Shipped
2024-08-10,Marwan Khaled,admin@tech.io,Clothing,1164.0,10,11640.0,Refunded
2024-04-28,Huda Mansour,test.a@web.net,Home Decor,1666.0,2,3332.0,Completed
2024-09-04,Layla Mohamed,m.zaki@mail.com,Clothing,707.0,5,3535.0,Cancelled
2024-04-02,Ahmed Ali,sales@hub.com,Groceries,3352.0,4,13408.0,Refunded
2024-03-01,Yomna Soror,admin@tech.io,Home Decor,3166.0,1,3166.0,Shipped
2024-07-14,Yomna Soror,test.a@web.net,Office Supplies,622.0,9,5598.0,Cancelled
2024-02-27,Mona Zaki,test.a@web.net,Clothing,4650.0,9,41850.0,Completed
2024-10-17,Huda Mansour,test.a@web.net,Office Supplies,4588.0,8,36704.0,Cancelled
2024-02-07,Layla Mohamed,sales@hub.com,Groceries,1402.0,10,14020.0,Completed
2024-11-08,Sara Ahmed,m.zaki@mail.com,Electronics,2821.0,4,11284.0,Shipped
2024-12-12,Zainab Tarek,m.zaki@mail.com,Books,501.0,9,4509.0,Cancelled
2024-09-04,Omar Farouk,user1@mail.com,Home Decor,59.0,2,118.0,Refunded
2024-09-27,Ali Hassan,user1@mail.com,Books,4205.0,5,21025.0,Completed
2024-03-11,Marwan Khaled,user1@mail.com,Home Decor,1585.0,6,9510.0,Pending
2024-01-14,Yomna Soror,admin@tech.io,Office Supplies,4237.0,4,16948.0,Refunded
2024-03-18,Omar Farouk,test.a@web.net,Clothing,4482.0,7,31374.0,Shipped
2024-03-16,Omar Farouk,info@market.eg,Home Decor,2379.0,10,23790.0,Pending
2024-04-12,Ali Hassan,admin@tech.io,Office Supplies,2089.0,2,4178.0,Shipped
2024-10-24,Zainab Tarek,sales@hub.com,Clothing,3103.0,3,9309.0,Completed
2024-10-24,Yomna Soror,yomna.dev@email.com,Office Supplies,4637.0,7,32459.0,Pending
2024-04-12,Zainab Tarek,yomna.dev@email.com,Groceries,4594.0,8,36752.0,Pending
2024-07-16,Mona Zaki,contact@service.org,Books,1412.0,2,2824.0,Pending
2024-01-15,Mona Zaki,yomna.dev@email.com,Home Decor,4690.0,6,28140.0,Cancelled
2024-07-16,Layla Mohamed,test.a@web.net,Books,2246.0,7,15722.0,Cancelled
2024-07-17,Layla Mohamed,yomna.dev@email.com,Clothing,723.0,1,723.0,Pending
2024-08-24,Mona Zaki,sales@hub.com,Office Supplies,2958.0,3,8874.0,Pending
2024-03-18,Huda Mansour,test.a@web.net,Electronics,4561.0,3,13683.0,Refunded
2024-11-18,Omar Farouk,sales@hub.com,Groceries,2811.0,1,2811.0,Cancelled
2024-01-20,Marwan Khaled,contact@service.org,Electronics,2082.0,5,10410.0,Refunded
2024-07-16,Layla Mohamed,sales@hub.com,Electronics,1100.0,3,3300.0,Refunded
2024-03-28,Huda Mansour,contact@service.org,Groceries,3559.0,10,35590.0,Shipped
2024-05-10,Sara Ahmed,admin@tech.io,Electronics,1133.0,3,3399.0,Completed
2024-12-01,Ahmed Ali,sales@hub.com,Groceries,621.0,2,1242.0,Pending
2024-07-18,Sara Ahmed,user1@mail.com,Books,1270.0,9,11430.0,Completed
2024-10-18,Omar Farouk,sales@hub.com,Electronics,3251.0,6,19506.0,Shipped
2024-05-04,Yomna Soror,yomna.dev@email.com,Books,2156.0,6,12936.0,Cancelled
2024-09-08,Zainab Tarek,user1@mail.com,Groceries,698.0,4,2792.0,Shipped
2024-04-22,Sara Ahmed,user1@mail.com,Groceries,4795.0,7,33565.0,Pending
2024-01-04,Zainab Tarek,user1@mail.com,Office Supplies,1150.0,2,2300.0,Shipped
2024-09-14,Ali Hassan,info@market.eg,Books,579.0,10,5790.0,Pending
2024-03-24,Yomna Soror,contact@service.org,Home Decor,1421.0,7,9947.0,Refunded
2024-05-01,Zainab Tarek,user1@mail.com,Office Supplies,2457.0,10,24570.0,Pending
2024-03-08,Layla Mohamed,test.a@web.net,Groceries,2426.0,8,19408.0,Refunded
2024-11-05,Layla Mohamed,user1@mail.com,Home Decor,58.0,6,348.0,Refunded
2024-06-20,Ahmed Ali,info@market.eg,Home Decor,4182.0,4,16728.0,Completed
2024-06-28,Sara Ahmed,m.zaki@mail.com,Home Decor,4448.0,2,8896.0,Cancelled
2024-09-22,Yomna Soror,user1@mail.com,Books,2079.0,7,14553.0,Pending
2024-02-24,Marwan Khaled,info@market.eg,Office Supplies,823.0,4,3292.0,Pending
2024-03-08,Sara Ahmed,info@market.eg,Office Supplies,949.0,4,3796.0,Cancelled
2024-12-09,Mona Zaki,user1@mail.com,Groceries,477.0,4,1908.0,Cancelled
2024-12-21,Layla Mohamed,yomna.dev@email.com,Office Supplies,3820.0,4,15280.0,Shipped
2024-01-14,Ahmed Ali,info@market.eg,Home Decor,680.0,10,6800.0,Completed
2024-02-22,Omar Farouk,contact@service.org,Home Decor,1615.0,10,16150.0,Completed
2024-02-01,Ali Hassan,contact@service.org,Books,1956.0,2,3912.0,Cancelled
2024-05-04,Ali Hassan,info@market.eg,Groceries,2971.0,1,2971.0,Shipped
2024-05-24,Marwan Khaled,m.zaki@mail.com,Office Supplies,2354.0,5,11770.0,Refunded
2024-10-05,Omar Farouk,admin@tech.io,Office Supplies,2493.0,9,22437.0,Completed
2024-12-13,Huda Mansour,info@market.eg,Electronics,1647.0,2,3294.0,Completed
2024-05-09,Sara Ahmed,test.a@web.net,Books,1386.0,5,6930.0,Pending
2024-01-22,Sara Ahmed,user1@mail.com,Groceries,659.0,6,3954.0,Completed
2024-01-28,Yomna Soror,user1@mail.com,Books,1385.0,8,11080.0,Refunded
2024-06-02,Yomna Soror,info@market.eg,Books,3205.0,2,6410.0,Shipped
2024-04-20,Ahmed Ali,sales@hub.com,Clothing,3523.0,6,21138.0,Cancelled
2024-10-12,Yomna Soror,admin@tech.io,Groceries,4666.0,8,37328.0,Cancelled
2024-01-17,Sara Ahmed,user1@mail.com,Office Supplies,2726.0,10,27260.0,Cancelled
2024-07-04,Ahmed Ali,user1@mail.com,Office Supplies,2023.0,8,16184.0,Completed
2024-10-05,Zainab Tarek,yomna.dev@email.com,Electronics,930.0,4,3720.0,Completed
2024-03-22,Zainab Tarek,info@market.eg,Groceries,3684.0,10,36840.0,Cancelled
2024-11-13,Sara Ahmed,sales@hub.com,Office Supplies,3643.0,3,10929.0,Pending
2024-10-12,Huda Mansour,test.a@web.net,Books,688.0,3,2064.0,Shipped
2024-05-14,Zainab Tarek,info@market.eg,Groceries,3003.0,3,9009.0,Shipped
2024-02-19,Yomna Soror,test.a@web.net,Home Decor,3220.0,6,19320.0,Pending
2024-01-15,Sara Ahmed,contact@service.org,Office Supplies,1447.0,3,4341.0,Pending
2024-10-16,Ali Hassan,sales@hub.com,Office Supplies,3327.0,7,23289.0,Shipped
2024-10-23,Ahmed Ali,admin@tech.io,Home Decor,4506.0,1,4506.0,Cancelled
2024-05-18,Ahmed Ali,yomna.dev@email.com,Home Decor,1801.0,9,16209.0,Shipped
2024-12-02,Marwan Khaled,sales@hub.com,Groceries,4843.0,2,9686.0,Pending
2024-07-11,Huda Mansour,test.a@web.net,Home Decor,1497.0,5,7485.0,Cancelled
2024-03-10,Marwan Khaled,test.a@web.net,Clothing,977.0,7,6839.0,Cancelled
2024-08-02,Ali Hassan,yomna.dev@email.com,Home Decor,3242.0,3,9726.0,Completed
2024-08-26,Zainab Tarek,info@market.eg,Books,4569.0,8,36552.0,Completed
2024-04-15,Omar Farouk,sales@hub.com,Home Decor,2218.0,4,8872.0,Shipped
2024-01-28,Zainab Tarek,info@market.eg,Office Supplies,2568.0,5,12840.0,Pending
2024-11-22,Zainab Tarek,test.a@web.net,Home Decor,641.0,1,641.0,Pending
2024-01-17,Marwan Khaled,user1@mail.com,Office Supplies,4162.0,6,24972.0,Pending
2024-04-04,Sara Ahmed,yomna.dev@email.com,Clothing,3179.0,6,19074.0,Shipped
2024-06-03,Layla Mohamed,contact@service.org,Office Supplies,4030.0,7,28210.0,Cancelled
2024-11-27,Yomna Soror,user1@mail.com,Groceries,1657.0,10,16570.0,Shipped
2024-04-13,Ali Hassan,info@market.eg,Clothing,3247.0,10,32470.0,Cancelled
2024-01-23,Mona Zaki,sales@hub.com,Home Decor,3171.0,5,15855.0,Shipped
2024-06-19,Mona Zaki,contact@service.org,Office Supplies,1919.0,9,17271.0,Refunded
2024-03-04,Ahmed Ali,info@market.eg,Home Decor,1677.0,1,1677.0,Refunded
2024-10-25,Omar Farouk,test.a@web.net,Books,4924.0,8,39392.0,Refunded
2024-08-06,Yomna Soror,,Home Decor,3624.0,9,32616.0,Pending
2024-09-07,Huda Mansour,yomna.dev@email.com,Books,174.0,7,1218.0,Completed
2024-01-02,Mona Zaki,info@market.eg,Office Supplies,239.0,2,478.0,Cancelled
2024-07-02,Layla Mohamed,user1@mail.com,Books,2164.0,4,8656.0,Refunded
2024-08-03,Marwan Khaled,yomna.dev@email.com,Home Decor,4910.0,9,44190.0,Shipped
2024-05-22,Zainab Tarek,m.zaki@mail.com,Clothing,2614.0,2,5228.0,Pending
2024-04-25,Ali Hassan,,Home Decor,1088.0,3,3264.0,Pending
2024-10-04,Zainab Tarek,yomna.dev@email.com,Electronics,4344.0,8,34752.0,Pending
2024-05-01,Marwan Khaled,sales@hub.com,Clothing,888.0,9,7992.0,Shipped
2024-06-02,Yomna Soror,yomna.dev@email.com,Office Supplies,1774.0,9,15966.0,Pending
2024-05-28,Marwan Khaled,yomna.dev@email.com,Home Decor,4466.0,3,13398.0,Pending
2024-07-05,Sara Ahmed,user1@mail.com,Clothing,3718.0,9,33462.0,Refunded
2024-01-01,Zainab Tarek,info@market.eg,Electronics,660.0,8,5280.0,Refunded
2024-11-18,Yomna Soror,sales@hub.com,Groceries,1368.0,10,13680.0,Shipped
2024-03-20,Ali Hassan,test.a@web.net,Books,269.0,3,807.0,Completed
2024-02-17,Sara Ahmed,m.zaki@mail.com,Office Supplies,4745.0,5,23725.0,Pending
2024-08-26,Zainab Tarek,test.a@web.net,Books,2123.0,10,21230.0,Refunded
2024-07-25,Ali Hassan,admin@tech.io,Home Decor,1739.0,10,17390.0,Pending
2024-07-05,Marwan Khaled,m.zaki@mail.com,Books,3041.0,3,9123.0,Cancelled
2024-05-06,Omar Farouk,sales@hub.com,Office Supplies,80.0,5,400.0,Refunded
2024-11-10,Omar Farouk,m.zaki@mail.com,Home Decor,1109.0,1,1109.0,Completed
2024-04-21,Ali Hassan,sales@hub.com,Home Decor,331.0,5,1655.0,Pending
2024-09-10,Mona Zaki,info@market.eg,Home Decor,4586.0,7,32102.0,Shipped
2024-12-21,Layla Mohamed,contact@service.org,Groceries,2646.0,10,26460.0,Refunded
2024-12-10,Zainab Tarek,admin@tech.io,Books,4965.0,9,44685.0,Refunded
2024-02-11,Omar Farouk,info@market.eg,Office Supplies,1346.0,3,4038.0,Completed
2024-08-07,Ahmed Ali,test.a@web.net,Books,3665.0,6,21990.0,Shipped
2024-04-06,Mona Zaki,test.a@web.net,Home Decor,3745.0,2,7490.0,Refunded
2024-01-09,Yomna Soror,m.zaki@mail.com,Home Decor,2666.0,3,7998.0,Completed
2024-02-20,Ahmed Ali,sales@hub.com,Clothing,374.0,9,3366.0,Cancelled
2024-03-17,Ali Hassan,sales@hub.com,Office Supplies,1262.0,6,7572.0,Shipped
2024-08-06,Layla Mohamed,sales@hub.com,Books,2999.0,9,26991.0,Completed
2024-07-13,Huda Mansour,yomna.dev@email.com,Books,4221.0,10,42210.0,Pending
2024-04-09,Layla Mohamed,contact@service.org,Electronics,283.0,4,1132.0,Pending
2024-06-25,Zainab Tarek,m.zaki@mail.com,Clothing,1067.0,8,8536.0,Completed
2024-07-01,Marwan Khaled,sales@hub.com,Clothing,1155.0,4,4620.0,Shipped
2024-09-06,Huda Mansour,admin@tech.io,Books,2514.0,4,10056.0,Completed
2024-12-07,Omar Farouk,info@market.eg,Electronics,3841.0,3,11523.0,Pending
2024-06-07,Zainab Tarek,yomna.dev@email.com,Office Supplies,2746.0,2,5492.0,Pending
2024-11-23,Ahmed Ali,m.zaki@mail.com,Office Supplies,4678.0,9,42102.0,Pending
2024-07-15,Zainab Tarek,test.a@web.net,Electronics,3886.0,10,38860.0,Cancelled
2024-11-18,Ali Hassan,contact@service.org,Groceries,4474.0,10,44740.0,Pending
2024-11-12,Ahmed Ali,info@market.eg,Office Supplies,2412.0,3,7236.0,Cancelled
2024-04-13,Omar Farouk,yomna.dev@email.com,Office Supplies,2719.0,1,2719.0,Shipped
2024-03-03,Sara Ahmed,m.zaki@mail.com,Groceries,4305.0,4,17220.0,Completed
2024-12-27,Zainab Tarek,sales@hub.com,Clothing,197.0,10,1970.0,Cancelled
2024-04-13,Zainab Tarek,yomna.dev@email.com,Office Supplies,4219.0,2,8438.0,Shipped
2024-05-01,Yomna Soror,contact@service.org,Books,1218.0,4,4872.0,Cancelled
2024-04-21,Ahmed Ali,user1@mail.com,Electronics,2661.0,10,26610.0,Completed
2024-05-13,Huda Mansour,yomna.dev@email.com,Clothing,1894.0,5,9470.0,Completed
2024-04-02,Omar Farouk,yomna.dev@email.com,Home Decor,1602.0,6,9612.0,Completed
2024-10-20,Yomna Soror,yomna.dev@email.com,Home Decor,2155.0,5,10775.0,Refunded
2024-09-10,Huda Mansour,user1@mail.com,Home Decor,1872.0,8,14976.0,Refunded
2024-04-24,Ahmed Ali,yomna.dev@email.com,Electronics,1719.0,5,8595.0,Pending
2024-06-22,Omar Farouk,admin@tech.io,Clothing,2916.0,3,8748.0,Cancelled
2024-11-14,Mona Zaki,contact@service.org,Electronics,2136.0,5,10680.0,Shipped
2024-01-01,Layla Mohamed,sales@hub.com,Office Supplies,1777.0,8,14216.0,Completed
2024-11-04,Yomna Soror,yomna.dev@email.com,Home Decor,1600.0,4,6400.0,Shipped
2024-07-06,Yomna Soror,sales@hub.com,Groceries,2541.0,5,12705.0,Refunded
2024-07-06,Marwan Khaled,yomna.dev@email.com,Books,3163.0,1,3163.0,Shipped
2024-06-08,Marwan Khaled,yomna.dev@email.com,Books,1039.0,2,2078.0,Cancelled
2024-06-04,Layla Mohamed,test.a@web.net,Home Decor,3207.0,7,22449.0,Refunded
2024-06-17,Zainab Tarek,test.a@web.net,Groceries,4107.0,6,24642.0,Completed
2024-12-11,Zainab Tarek,user1@mail.com,Clothing,3961.0,2,7922.0,Cancelled
2024-06-20,Mona Zaki,test.a@web.net,Groceries,3381.0,9,30429.0,Shipped
2024-10-16,Marwan Khaled,user1@mail.com,Books,1096.0,5,5480.0,Completed
2024-11-04,Layla Mohamed,yomna.dev@email.com,Clothing,1301.0,7,9107.0,Completed
2024-09-04,Ahmed Ali,info@market.eg,Books,1269.0,10,12690.0,Cancelled
2024-06-17,Ahmed Ali,yomna.dev@email.com,Clothing,4976.0,10,49760.0,Shipped
2024-08-26,Ali Hassan,contact@service.org,Office Supplies,2819.0,10,28190.0,Pending
2024-02-16,Marwan Khaled,admin@tech.io,Groceries,766.0,6,4596.0,Pending
2024-02-13,Zainab Tarek,info@market.eg,Office Supplies,2724.0,2,5448.0,Completed
2024-09-23,Layla Mohamed,m.zaki@mail.com,Office Supplies,4661.0,5,23305.0,Shipped
2024-11-18,Marwan Khaled,info@market.eg,Groceries,389.0,2,778.0,Cancelled
2024-02-03,Marwan Khaled,sales@hub.com,Groceries,4079.0,2,8158.0,Refunded
2024-08-16,Omar Farouk,yomna.dev@email.com,Home Decor,2514.0,2,5028.0,Refunded
2024-05-06,Zainab Tarek,user1@mail.com,Clothing,2180.0,6,13080.0,Cancelled
2024-03-19,Omar Farouk,info@market.eg,Electronics,1967.0,3,5901.0,Refunded
2024-10-13,Mona Zaki,sales@hub.com,Electronics,1930.0,6,11580.0,Refunded
2024-04-01,Mona Zaki,sales@hub.com,Groceries,4854.0,6,29124.0,Refunded
2024-10-04,Sara Ahmed,info@market.eg,Electronics,4703.0,6,28218.0,Cancelled
2024-08-07,Zainab Tarek,m.zaki@mail.com,Home Decor,1884.0,9,16956.0,Cancelled
2024-05-09,Layla Mohamed,info@market.eg,Clothing,2546.0,8,20368.0,Completed
2024-08-27,Sara Ahmed,user1@mail.com,Groceries,2932.0,7,20524.0,Completed
2024-09-18,Yomna Soror,info@market.eg,Clothing,837.0,7,5859.0,Completed
2024-03-20,Ahmed Ali,admin@tech.io,Groceries,1905.0,7,13335.0,Completed
2024-08-11,Marwan Khaled,test.a@web.net,Books,1158.0,1,1158.0,Shipped
2024-11-27,Layla Mohamed,info@market.eg,Groceries,364.0,7,2548.0,Cancelled
2024-03-14,Sara Ahmed,test.a@web.net,Groceries,1522.0,3,4566.0,Refunded
2024-12-16,Omar Farouk,user1@mail.com,Electronics,1059.0,7,7413.0,Shipped
2024-12-02,Layla Mohamed,m.zaki@mail.com,Office Supplies,2662.0,6,15972.0,Refunded
2024-05-16,Yomna Soror,m.zaki@mail.com,Office Supplies,1532.0,3,4596.0,Pending
2024-12-02,Yomna Soror,m.zaki@mail.com,Books,263.0,1,263.0,Completed
2024-06-02,Huda Mansour,m.zaki@mail.com,Groceries,1197.0,10,11970.0,Refunded
2024-04-24,Layla Mohamed,m.zaki@mail.com,Groceries,4308.0,10,43080.0,Completed
2024-09-13,Omar Farouk,sales@hub.com,Office Supplies,4112.0,1,4112.0,Shipped
2024-11-10,Huda Mansour,test.a@web.net,Home Decor,3224.0,9,29016.0,Pending
2024-11-28,Yomna Soror,yomna.dev@email.com,Clothing,3726.0,5,18630.0,Shipped
2024-10-04,Mona Zaki,user1@mail.com,Electronics,1959.0,8,15672.0,Refunded
2024-06-13,Yomna Soror,info@market.eg,Home Decor,3688.0,8,29504.0,Shipped
2024-08-04,Huda Mansour,yomna.dev@email.com,Clothing,1273.0,1,1273.0,Refunded
2024-07-05,Marwan Khaled,m.zaki@mail.com,Books,3445.0,10,34450.0,Completed
2024-02-08,Yomna Soror,yomna.dev@email.com,Books,2959.0,10,29590.0,Cancelled
2024-10-01,Zainab Tarek,user1@mail.com,Books,2541.0,7,17787.0,Cancelled
2024-09-02,Omar Farouk,sales@hub.com,Electronics,2708.0,9,24372.0,Completed
2024-01-24,Sara Ahmed,user1@mail.com,Groceries,944.0,7,6608.0,Shipped
2024-04-01,Marwan Khaled,admin@tech.io,Groceries,2689.0,4,10756.0,Shipped
2024-12-22,Sara Ahmed,yomna.dev@email.com,Electronics,56.0,3,168.0,Completed
2024-11-09,Omar Farouk,sales@hub.com,Office Supplies,3317.0,3,9951.0,Refunded
2024-01-10,Yomna Soror,info@market.eg,Office Supplies,3082.0,10,30820.0,Shipped
2024-10-05,Sara Ahmed,info@market.eg,Home Decor,1570.0,3,4710.0,Completed
2024-12-07,Yomna Soror,user1@mail.com,Books,635.0,7,4445.0,Cancelled
2024-09-28,Ahmed Ali,user1@mail.com,Electronics,4598.0,9,41382.0,Shipped
2024-09-13,Marwan Khaled,yomna.dev@email.com,Clothing,3733.0,7,26131.0,Cancelled
2024-06-04,Huda Mansour,admin@tech.io,Clothing,4504.0,3,13512.0,Cancelled
2024-01-26,Ahmed Ali,contact@service.org,Electronics,3805.0,5,19025.0,Pending
2024-12-22,Zainab Tarek,contact@service.org,Electronics,1507.0,5,7535.0,Completed
2024-11-15,Ali Hassan,yomna.dev@email.com,Groceries,3715.0,8,29720.0,Cancelled
2024-09-18,Layla Mohamed,yomna.dev@email.com,Books,2480.0,7,17360.0,Cancelled
2024-06-19,Ahmed Ali,yomna.dev@email.com,Office Supplies,4109.0,5,20545.0,Pending
2024-03-07,Zainab Tarek,info@market.eg,Books,4582.0,4,18328.0,Cancelled
2024-09-28,Omar Farouk,sales@hub.com,Home Decor,1536.0,1,1536.0,Refunded
2024-12-07,Marwan Khaled,contact@service.org,Groceries,2163.0,4,8652.0,Shipped
2024-01-01,Omar Farouk,test.a@web.net,Electronics,1761.0,6,10566.0,Refunded
2024-02-10,Zainab Tarek,sales@hub.com,Clothing,1983.0,3,5949.0,Completed
2024-01-23,Marwan Khaled,admin@tech.io,Books,3455.0,7,24185.0,Refunded
2024-06-21,Yomna Soror,contact@service.org,Clothing,1601.0,1,1601.0,Refunded
2024-03-28,Yomna Soror,contact@service.org,Home Decor,253.0,7,1771.0,Completed
2024-11-22,Huda Mansour,user1@mail.com,Office Supplies,1206.0,9,10854.0,Completed
2024-11-21,Marwan Khaled,admin@tech.io,Clothing,4984.0,8,39872.0,Cancelled
2024-11-01,Marwan Khaled,sales@hub.com,Clothing,3334.0,5,16670.0,Cancelled
2024-07-26,Layla Mohamed,yomna.dev@email.com,Electronics,352.0,6,2112.0,Cancelled
2024-06-03,Yomna Soror,contact@service.org,Groceries,2446.0,5,12230.0,Pending
2024-10-02,Marwan Khaled,m.zaki@mail.com,Home Decor,767.0,5,3835.0,Cancelled
2024-08-03,Sara Ahmed,sales@hub.com,Electronics,4175.0,1,4175.0,Completed
2024-10-08,Yomna Soror,admin@tech.io,Groceries,3067.0,6,18402.0,Pending
2024-12-15,Zainab Tarek,sales@hub.com,Books,298.0,6,1788.0,Shipped
2024-08-08,Layla Mohamed,admin@tech.io,Books,4782.0,3,14346.0,Completed
2024-01-04,Ali Hassan,yomna.dev@email.com,Electronics,1210.0,3,3630.0,Refunded
2024-01-08,Ali Hassan,m.zaki@mail.com,Office Supplies,1262.0,10,12620.0,Completed
2024-05-14,Yomna Soror,test.a@web.net,Electronics,1748.0,8,13984.0,Cancelled
2024-10-27,Marwan Khaled,contact@service.org,Electronics,2514.0,7,17598.0,Shipped
2024-08-19,Yomna Soror,user1@mail.com,Home Decor,3626.0,1,3626.0,Cancelled
2024-02-02,Yomna Soror,user1@mail.com,Office Supplies,133.0,5,665.0,Refunded
2024-08-15,Mona Zaki,,Clothing,3984.0,8,31872.0,Refunded
2024-10-06,Yomna Soror,yomna.dev@email.com,Home Decor,2839.0,2,5678.0,Shipped
2024-10-04,Huda Mansour,contact@service.org,Electronics,3267.0,6,19602.0,Cancelled
2024-02-24,Sara Ahmed,yomna.dev@email.com,Clothing,2301.0,9,20709.0,Completed
2024-10-03,Mona Zaki,info@market.eg,Home Decor,3802.0,7,26614.0,Shipped
2024-03-16,Sara Ahmed,test.a@web.net,Groceries,2704.0,1,2704.0,Pending
2024-08-09,Mona Zaki,contact@service.org,Clothing,2514.0,9,22626.0,Cancelled
2024-01-27,Layla Mohamed,user1@mail.com,Clothing,2271.0,6,13626.0,Refunded
2024-01-21,Zainab Tarek,yomna.dev@email.com,Books,4736.0,1,4736.0,Cancelled
2024-12-01,Yomna Soror,admin@tech.io,Office Supplies,3822.0,1,3822.0,Pending
2024-12-21,Ahmed Ali,admin@tech.io,Clothing,172.0,9,1548.0,Pending
2024-04-18,Zainab Tarek,info@market.eg,Electronics,2968.0,3,8904.0,Shipped
2024-05-11,Ali Hassan,user1@mail.com,Home Decor,4810.0,6,28860.0,Refunded
2024-02-26,Omar Farouk,test.a@web.net,Books,3711.0,5,18555.0,Cancelled
2024-08-17,Huda Mansour,admin@tech.io,Books,1797.0,9,16173.0,Completed
2024-05-10,Sara Ahmed,user1@mail.com,Books,1207.0,1,1207.0,Refunded
2024-12-08,Mona Zaki,m.zaki@mail.com,Electronics,2777.0,9,24993.0,Shipped
2024-04-24,Omar Farouk,contact@service.org,Clothing,1519.0,5,7595.0,Completed
2024-05-18,Layla Mohamed,yomna.dev@email.com,Electronics,83.0,1,83.0,Completed
2024-08-05,Huda Mansour,sales@hub.com,Books,2625.0,3,7875.0,Completed
2024-09-25,Marwan Khaled,admin@tech.io,Home Decor,2702.0,5,13510.0,Completed
2024-02-16,Ahmed Ali,contact@service.org,Groceries,1461.0,1,1461.0,Shipped
2024-06-15,Zainab Tarek,contact@service.org,Clothing,422.0,1,422.0,Shipped
2024-06-12,Ahmed Ali,sales@hub.com,Groceries,1781.0,6,10686.0,Refunded
2024-02-02,Sara Ahmed,test.a@web.net,Groceries,1149.0,7,8043.0,Pending
2024-03-14,Marwan Khaled,admin@tech.io,Office Supplies,2969.0,2,5938.0,Shipped
2024-07-02,Marwan Khaled,user1@mail.com,Electronics,292.0,9,2628.0,Shipped
2024-02-02,Marwan Khaled,contact@service.org,Books,3968.0,8,31744.0,Completed
2024-09-13,Omar Farouk,user1@mail.com,Groceries,3241.0,8,25928.0,Completed
2024-08-27,Zainab Tarek,sales@hub.com,Books,4427.0,4,17708.0,Refunded
2024-01-07,Zainab Tarek,sales@hub.com,Groceries,4824.0,4,19296.0,Shipped
2024-02-16,Yomna Soror,contact@service.org,Books,2498.0,10,24980.0,Completed
2024-10-08,Yomna Soror,user1@mail.com,Clothing,4372.0,8,34976.0,Pending
2024-09-24,Sara Ahmed,yomna.dev@email.com,Home Decor,3542.0,7,24794.0,Shipped
2024-09-13,Marwan Khaled,info@market.eg,Electronics,4630.0,10,46300.0,Completed
2024-12-19,Sara Ahmed,yomna.dev@email.com,Home Decor,2029.0,1,2029.0,Refunded
2024-09-27,Yomna Soror,m.zaki@mail.com,Electronics,3716.0,6,22296.0,Completed
2024-02-06,Marwan Khaled,admin@tech.io,Office Supplies,1206.0,9,10854.0,Shipped
2024-07-15,Marwan Khaled,m.zaki@mail.com,Home Decor,4185.0,5,20925.0,Cancelled
2024-08-11,Layla Mohamed,contact@service.org,Groceries,3300.0,10,33000.0,Pending
2024-09-10,Ali Hassan,admin@tech.io,Electronics,2297.0,8,18376.0,Completed
2024-03-05,Ahmed Ali,user1@mail.com,Home Decor,3347.0,8,26776.0,Pending
2024-09-22,Huda Mansour,info@market.eg,Clothing,393.0,9,3537.0,Pending
2024-10-19,Sara Ahmed,info@market.eg,Home Decor,926.0,2,1852.0,Pending
2024-08-23,Ali Hassan,test.a@web.net,Groceries,2514.0,4,10056.0,Pending
2024-11-25,Sara Ahmed,m.zaki@mail.com,Books,4713.0,10,47130.0,Pending
2024-02-22,Zainab Tarek,user1@mail.com,Office Supplies,3470.0,5,17350.0,Completed
2024-06-26,Ahmed Ali,sales@hub.com,Electronics,1310.0,4,5240.0,Pending
2024-02-05,Layla Mohamed,admin@tech.io,Groceries,1018.0,7,7126.0,Shipped
2024-11-12,Huda Mansour,yomna.dev@email.com,Groceries,4761.0,8,38088.0,Cancelled
2024-08-27,Ali Hassan,admin@tech.io,Clothing,4981.0,10,49810.0,Cancelled
2024-03-13,Marwan Khaled,yomna.dev@email.com,Clothing,398.0,8,3184.0,Refunded
2024-08-07,Mona Zaki,admin@tech.io,Electronics,2975.0,8,23800.0,Cancelled
2024-11-28,Ahmed Ali,user1@mail.com,Clothing,1635.0,7,11445.0,Shipped
2024-04-21,Omar Farouk,m.zaki@mail.com,Electronics,3168.0,6,19008.0,Completed
2024-05-06,Omar Farouk,contact@service.org,Office Supplies,2067.0,10,20670.0,Cancelled
2024-07-24,Huda Mansour,admin@tech.io,Electronics,2721.0,6,16326.0,Shipped
2024-11-11,Mona Zaki,m.zaki@mail.com,Books,2847.0,10,28470.0,Completed
2024-09-19,Marwan Khaled,info@market.eg,Clothing,4499.0,1,4499.0,Completed
2024-06-28,Layla Mohamed,user1@mail.com,Electronics,2883.0,8,23064.0,Shipped
2024-06-23,Sara Ahmed,admin@tech.io,Home Decor,1453.0,10,14530.0,Refunded
2024-09-28,Omar Farouk,admin@tech.io,Books,583.0,9,5247.0,Pending
2024-11-28,Sara Ahmed,contact@service.org,Office Supplies,1045.0,3,3135.0,Refunded
2024-02-01,Ali Hassan,user1@mail.com,Electronics,1796.0,7,12572.0,Completed
2024-06-26,Ali Hassan,m.zaki@mail.com,Groceries,430.0,10,4300.0,Pending
2024-11-06,Ali Hassan,m.zaki@mail.com,Clothing,3597.0,2,7194.0,Completed
2024-10-19,Mona Zaki,admin@tech.io,Electronics,4220.0,7,29540.0,Cancelled
2024-08-21,Mona Zaki,test.a@web.net,Clothing,1835.0,1,1835.0,Pending
2024-02-10,Yomna Soror,,Groceries,4953.0,10,49530.0,Refunded
2024-05-26,Sara Ahmed,test.a@web.net,Electronics,1311.0,10,13110.0,Refunded
2024-12-18,Mona Zaki,user1@mail.com,Home Decor,430.0,8,3440.0,Completed
2024-01-10,Layla Mohamed,admin@tech.io,Books,1850.0,9,16650.0,Pending
2024-11-21,Omar Farouk,contact@service.org,Electronics,1048.0,2,2096.0,Completed
2024-06-06,Ahmed Ali,test.a@web.net,Electronics,1657.0,9,14913.0,Shipped
2024-01-01,Ali Hassan,info@market.eg,Groceries,1746.0,7,12222.0,Pending
2024-05-13,Yomna Soror,yomna.dev@email.com,Clothing,1176.0,3,3528.0,Refunded
2024-06-25,Marwan Khaled,info@market.eg,Electronics,3352.0,8,26816.0,Cancelled
2024-02-28,Huda Mansour,contact@service.org,Groceries,2096.0,3,6288.0,Refunded
2024-12-09,Mona Zaki,sales@hub.com,Books,1409.0,8,11272.0,Pending
2024-02-12,Sara Ahmed,test.a@web.net,Home Decor,447.0,7,3129.0,Pending
2024-10-13,Ahmed Ali,user1@mail.com,Office Supplies,2252.0,2,4504.0,Completed
2024-03-09,Ahmed Ali,admin@tech.io,Electronics,2403.0,2,4806.0,Refunded
2024-01-14,Layla Mohamed,test.a@web.net,Groceries,1432.0,10,14320.0,Cancelled
2024-10-02,Omar Farouk,contact@service.org,Groceries,1351.0,5,6755.0,Refunded
2024-04-21,Mona Zaki,admin@tech.io,Clothing,902.0,10,9020.0,Completed
2024-01-04,Yomna Soror,user1@mail.com,Books,3471.0,9,31239.0,Completed
2024-08-05,Layla Mohamed,sales@hub.com,Office Supplies,1539.0,7,10773.0,Completed
2024-11-28,Yomna Soror,contact@service.org,Clothing,1129.0,8,9032.0,Shipped
2024-12-27,Omar Farouk,user1@mail.com,Home Decor,2096.0,4,8384.0,Cancelled
2024-05-14,Huda Mansour,yomna.dev@email.com,Electronics,4718.0,5,23590.0,Shipped
2024-06-23,Marwan Khaled,yomna.dev@email.com,Books,257.0,3,771.0,Pending
2024-04-11,Ahmed Ali,m.zaki@mail.com,Office Supplies,3329.0,5,16645.0,Cancelled
2024-07-25,Ahmed Ali,test.a@web.net,Electronics,3403.0,2,6806.0,Pending
2024-07-10,Omar Farouk,test.a@web.net,Electronics,505.0,4,2020.0,Refunded
2024-09-01,Ahmed Ali,yomna.dev@email.com,Clothing,2836.0,2,5672.0,Completed
2024-11-25,Ali Hassan,sales@hub.com,Groceries,4481.0,8,35848.0,Shipped
2024-10-25,Yomna Soror,contact@service.org,Electronics,415.0,10,4150.0,Cancelled
2024-05-22,Ahmed Ali,sales@hub.com,Clothing,3508.0,1,3508.0,Cancelled
2024-07-08,Marwan Khaled,yomna.dev@email.com,Groceries,2341.0,6,14046.0,Refunded
2024-09-02,Ali Hassan,yomna.dev@email.com,Books,3075.0,5,15375.0,Refunded
2024-06-14,Ali Hassan,admin@tech.io,Clothing,1912.0,3,5736.0,Shipped
2024-07-27,Marwan Khaled,user1@mail.com,Electronics,4893.0,8,39144.0,Cancelled
2024-05-19,Layla Mohamed,test.a@web.net,Home Decor,3656.0,8,29248.0,Completed
2024-06-25,Zainab Tarek,m.zaki@mail.com,Books,3052.0,1,3052.0,Completed
2024-07-08,Yomna Soror,user1@mail.com,Groceries,2018.0,4,8072.0,Shipped
2024-02-06,Mona Zaki,contact@service.org,Clothing,3243.0,7,22701.0,Pending
2024-03-09,Ahmed Ali,sales@hub.com,Home Decor,362.0,5,1810.0,Shipped
2024-11-25,Ali Hassan,contact@service.org,Office Supplies,2514.0,8,20112.0,Pending
2024-03-28,Layla Mohamed,contact@service.org,Groceries,4384.0,1,4384.0,Shipped
2024-10-17,Ahmed Ali,contact@service.org,Groceries,4166.0,1,4166.0,Shipped
2024-08-24,Ahmed Ali,admin@tech.io,Home Decor,1461.0,5,7305.0,Cancelled
2024-02-01,Yomna Soror,yomna.dev@email.com,Electronics,2020.0,1,2020.0,Completed
2024-01-22,Marwan Khaled,sales@hub.com,Office Supplies,1459.0,6,8754.0,Completed
2024-02-02,Yomna Soror,info@market.eg,Books,4423.0,2,8846.0,Completed
2024-02-13,Mona Zaki,sales@hub.com,Clothing,2505.0,10,25050.0,Shipped
2024-12-21,Omar Farouk,info@market.eg,Clothing,4947.0,4,19788.0,Pending
2024-10-24,Huda Mansour,admin@tech.io,Groceries,1779.0,4,7116.0,Shipped
2024-05-13,Yomna Soror,test.a@web.net,Clothing,3024.0,10,30240.0,Pending
2024-03-25,Mona Zaki,user1@mail.com,Home Decor,2267.0,4,9068.0,Cancelled
2024-12-01,Zainab Tarek,yomna.dev@email.com,Groceries,2694.0,1,2694.0,Cancelled
2024-10-09,Yomna Soror,info@market.eg,Home Decor,3876.0,6,23256.0,Pending
2024-05-19,Huda Mansour,contact@service.org,Groceries,4741.0,9,42669.0,Completed
2024-02-12,Marwan Khaled,contact@service.org,Clothing,1400.0,7,9800.0,Pending
2024-10-06,Ali Hassan,user1@mail.com,Books,1899.0,2,3798.0,Completed
2024-05-16,Omar Farouk,user1@mail.com,Electronics,4536.0,2,9072.0,Refunded
2024-03-26,Omar Farouk,contact@service.org,Office Supplies,1151.0,10,11510.0,Refunded
2024-01-10,Marwan Khaled,contact@service.org,Books,4476.0,4,17904.0,Pending
2024-09-19,Ahmed Ali,info@market.eg,Electronics,933.0,6,5598.0,Cancelled
2024-07-24,Ali Hassan,user1@mail.com,Office Supplies,3011.0,5,15055.0,Pending
2024-01-14,Yomna Soror,test.a@web.net,Electronics,797.0,7,5579.0,Cancelled
2024-06-16,Sara Ahmed,admin@tech.io,Books,4660.0,2,9320.0,Completed
2024-11-28,Mona Zaki,sales@hub.com,Groceries,807.0,8,6456.0,Completed
2024-08-17,Mona Zaki,admin@tech.io,Home Decor,502.0,4,2008.0,Completed
2024-01-12,Sara Ahmed,sales@hub.com,Clothing,2495.0,6,14970.0,Pending
2024-04-24,Huda Mansour,admin@tech.io,Office Supplies,2378.0,3,7134.0,Completed
2024-02-28,Mona Zaki,sales@hub.com,Electronics,1349.0,8,10792.0,Pending
2024-04-11,Ahmed Ali,sales@hub.com,Office Supplies,2265.0,4,9060.0,Shipped
2024-09-11,Mona Zaki,user1@mail.com,Books,1234.0,4,4936.0,Pending
2024-03-15,Marwan Khaled,info@market.eg,Clothing,1577.0,4,6308.0,Pending
2024-09-17,Ahmed Ali,admin@tech.io,Books,4613.0,6,27678.0,Shipped
2024-12-13,Ahmed Ali,yomna.dev@email.com,Electronics,4806.0,2,9612.0,Pending
2024-05-21,Layla Mohamed,admin@tech.io,Groceries,930.0,3,2790.0,Completed
2024-07-16,Ahmed Ali,m.zaki@mail.com,Groceries,4378.0,8,35024.0,Refunded
2024-04-24,Yomna Soror,yomna.dev@email.com,Groceries,4687.0,10,46870.0,Completed
2024-01-16,Mona Zaki,sales@hub.com,Books,3911.0,7,27377.0,Shipped
2024-07-27,Sara Ahmed,info@market.eg,Books,2080.0,3,6240.0,Pending
2024-10-27,Mona Zaki,info@market.eg,Groceries,1051.0,3,3153.0,Pending
2024-08-18,Huda Mansour,admin@tech.io,Clothing,1353.0,1,1353.0,Pending
2024-03-04,Zainab Tarek,m.zaki@mail.com,Books,4048.0,7,28336.0,Completed
2024-01-26,Sara Ahmed,admin@tech.io,Electronics,2214.0,5,11070.0,Cancelled
2024-05-08,Zainab Tarek,user1@mail.com,Groceries,2422.0,6,14532.0,Pending
2024-05-15,Ahmed Ali,user1@mail.com,Books,2009.0,7,14063.0,Cancelled
2024-08-26,Ali Hassan,user1@mail.com,Office Supplies,1939.0,10,19390.0,Cancelled
2024-02-24,Ahmed Ali,user1@mail.com,Books,2441.0,1,2441.0,Cancelled
2024-10-16,Marwan Khaled,m.zaki@mail.com,Clothing,4221.0,9,37989.0,Shipped
2024-08-10,Sara Ahmed,admin@tech.io,Groceries,3864.0,7,27048.0,Completed
2024-11-15,Sara Ahmed,test.a@web.net,Books,4634.0,10,46340.0,Cancelled
2024-01-18,Ali Hassan,test.a@web.net,Groceries,3358.0,5,16790.0,Refunded
2024-09-26,Ahmed Ali,m.zaki@mail.com,Home Decor,1013.0,4,4052.0,Refunded
2024-11-12,Zainab Tarek,sales@hub.com,Clothing,4927.0,4,19708.0,Refunded
2024-06-06,Yomna Soror,admin@tech.io,Electronics,4174.0,10,41740.0,Pending
2024-05-21,Huda Mansour,m.zaki@mail.com,Office Supplies,4960.0,5,24800.0,Pending
2024-07-28,Yomna Soror,user1@mail.com,Books,4897.0,9,44073.0,Completed
2024-02-03,Marwan Khaled,yomna.dev@email.com,Groceries,4363.0,3,13089.0,Cancelled
2024-10-06,Ahmed Ali,admin@tech.io,Office Supplies,411.0,9,3699.0,Shipped
2024-04-10,Zainab Tarek,test.a@web.net,Clothing,3199.0,2,6398.0,Cancelled
2024-06-06,Ali Hassan,test.a@web.net,Electronics,773.0,1,773.0,Pending
2024-10-12,Marwan Khaled,sales@hub.com,Groceries,4815.0,1,4815.0,Pending
2024-05-03,Layla Mohamed,m.zaki@mail.com,Groceries,3935.0,5,19675.0,Completed
2024-09-05,Layla Mohamed,info@market.eg,Groceries,1915.0,3,5745.0,Cancelled
2024-04-04,Mona Zaki,test.a@web.net,Books,1787.0,1,1787.0,Refunded
2024-11-11,Ahmed Ali,info@market.eg,Office Supplies,3202.0,9,28818.0,Cancelled
2024-03-24,Mona Zaki,yomna.dev@email.com,Clothing,2772.0,8,22176.0,Pending
2024-11-14,Marwan Khaled,sales@hub.com,Clothing,4264.0,9,38376.0,Completed
2024-04-02,Ali Hassan,info@market.eg,Books,1571.0,10,15710.0,Refunded
2024-05-03,Yomna Soror,admin@tech.io,Office Supplies,2598.0,8,20784.0,Refunded
2024-05-18,Ahmed Ali,test.a@web.net,Home Decor,1857.0,10,18570.0,Cancelled
2024-11-24,Sara Ahmed,user1@mail.com,Home Decor,4456.0,6,26736.0,Shipped
2024-04-08,Huda Mansour,test.a@web.net,Home Decor,4434.0,5,22170.0,Cancelled
2024-11-05,Layla Mohamed,sales@hub.com,Office Supplies,725.0,2,1450.0,Cancelled
2024-01-28,Huda Mansour,test.a@web.net,Home Decor,3353.0,6,20118.0,Pending
2024-01-01,Sara Ahmed,m.zaki@mail.com,Books,922.0,8,7376.0,Pending
2024-07-27,Sara Ahmed,yomna.dev@email.com,Home Decor,2871.0,2,5742.0,Completed
2024-06-06,Sara Ahmed,info@market.eg,Groceries,3299.0,5,16495.0,Shipped
2024-06-11,Zainab Tarek,test.a@web.net,Clothing,186.0,3,558.0,Cancelled
2024-05-16,Zainab Tarek,admin@tech.io,Office Supplies,2895.0,2,5790.0,Pending
2024-01-02,Zainab Tarek,info@market.eg,Office Supplies,4050.0,1,4050.0,Cancelled
2024-01-20,Ali Hassan,admin@tech.io,Office Supplies,2514.0,8,20112.0,Refunded
2024-02-01,Ahmed Ali,sales@hub.com,Clothing,2203.0,5,11015.0,Cancelled
2024-03-24,Yomna Soror,user1@mail.com,Home Decor,3050.0,3,9150.0,Refunded
2024-07-11,Huda Mansour,contact@service.org,Electronics,319.0,6,1914.0,Cancelled
2024-04-16,Omar Farouk,admin@tech.io,Clothing,4243.0,1,4243.0,Shipped
2024-02-19,Sara Ahmed,info@market.eg,Office Supplies,1574.0,10,15740.0,Cancelled
2024-06-24,Yomna Soror,user1@mail.com,Clothing,3756.0,8,30048.0,Refunded
2024-09-27,Zainab Tarek,test.a@web.net,Office Supplies,2323.0,2,4646.0,Pending
2024-08-07,Zainab Tarek,yomna.dev@email.com,Electronics,1123.0,7,7861.0,Shipped
2024-12-25,Sara Ahmed,admin@tech.io,Groceries,4630.0,1,4630.0,Refunded
2024-08-27,Zainab Tarek,m.zaki@mail.com,Books,1445.0,6,8670.0,Completed
2024-07-10,Huda Mansour,user1@mail.com,Clothing,4194.0,3,12582.0,Completed
2024-03-04,Zainab Tarek,m.zaki@mail.com,Office Supplies,601.0,8,4808.0,Shipped
2024-09-13,Yomna Soror,user1@mail.com,Groceries,3585.0,8,28680.0,Completed
2024-01-11,Marwan Khaled,user1@mail.com,Home Decor,1759.0,1,1759.0,Cancelled
2024-06-07,Sara Ahmed,test.a@web.net,Groceries,3574.0,8,28592.0,Cancelled
2024-03-04,Yomna Soror,sales@hub.com,Electronics,2822.0,9,25398.0,Refunded
2024-05-16,Yomna Soror,,Clothing,1888.0,10,18880.0,Pending
2024-07-26,Mona Zaki,yomna.dev@email.com,Office Supplies,131.0,5,655.0,Pending
2024-06-22,Ali Hassan,contact@service.org,Books,2681.0,10,26810.0,Shipped
2024-04-20,Mona Zaki,test.a@web.net,Office Supplies,2880.0,2,5760.0,Pending
2024-08-22,Marwan Khaled,m.zaki@mail.com,Groceries,74.0,10,740.0,Refunded
2024-09-16,Sara Ahmed,info@market.eg,Groceries,1389.0,3,4167.0,Pending
2024-07-06,Ahmed Ali,yomna.dev@email.com,Electronics,3300.0,3,9900.0,Cancelled
2024-10-04,Layla Mohamed,,Clothing,2324.0,6,13944.0,Refunded
2024-12-19,Yomna Soror,info@market.eg,Office Supplies,116.0,6,696.0,Shipped
2024-12-07,Ahmed Ali,contact@service.org,Office Supplies,4305.0,3,12915.0,Refunded
2024-10-10,Omar Farouk,yomna.dev@email.com,Home Decor,3447.0,1,3447.0,Shipped
2024-01-26,Layla Mohamed,m.zaki@mail.com,Office Supplies,3580.0,2,7160.0,Refunded
2024-02-21,Mona Zaki,m.zaki@mail.com,Office Supplies,3598.0,9,32382.0,Completed
2024-02-19,Omar Farouk,sales@hub.com,Home Decor,4686.0,1,4686.0,Refunded
2024-04-03,Ahmed Ali,yomna.dev@email.com,Groceries,2329.0,4,9316.0,Completed
2024-12-25,Mona Zaki,test.a@web.net,Electronics,2259.0,2,4518.0,Pending
2024-10-10,Ali Hassan,user1@mail.com,Clothing,4362.0,4,17448.0,Pending
2024-10-01,Layla Mohamed,sales@hub.com,Electronics,690.0,3,2070.0,Refunded
2024-02-28,Zainab Tarek,user1@mail.com,Clothing,1001.0,1,1001.0,Pending
2024-08-06,Omar Farouk,m.zaki@mail.com,Groceries,4893.0,2,9786.0,Pending
2024-11-21,Mona Zaki,user1@mail.com,Clothing,1059.0,10,10590.0,Cancelled
2024-01-12,Sara Ahmed,sales@hub.com,Home Decor,4660.0,4,18640.0,Pending
2024-02-15,Sara Ahmed,sales@hub.com,Clothing,3474.0,10,34740.0,Cancelled
2024-03-14,Ali Hassan,contact@service.org,Clothing,3140.0,4,12560.0,Shipped
2024-12-19,Layla Mohamed,admin@tech.io,Electronics,3784.0,8,30272.0,Shipped
2024-03-04,Zainab Tarek,admin@tech.io,Office Supplies,3344.0,9,30096.0,Cancelled
2024-11-01,Ali Hassan,test.a@web.net,Groceries,4746.0,1,4746.0,Pending
2024-01-01,Ali Hassan,sales@hub.com,Groceries,4578.0,2,9156.0,Refunded
2024-05-12,Sara Ahmed,sales@hub.com,Books,372.0,7,2604.0,Shipped
2024-10-04,Sara Ahmed,user1@mail.com,Electronics,3281.0,10,32810.0,Refunded
2024-08-22,Ahmed Ali,m.zaki@mail.com,Clothing,1991.0,8,15928.0,Cancelled
2024-05-22,Sara Ahmed,user1@mail.com,Clothing,3147.0,3,9441.0,Cancelled
2024-10-22,Layla Mohamed,sales@hub.com,Electronics,2725.0,8,21800.0,Refunded
2024-12-13,Ali Hassan,contact@service.org,Electronics,2627.0,1,2627.0,Completed
2024-01-14,Marwan Khaled,m.zaki@mail.com,Clothing,2514.0,2,5028.0,Shipped
2024-07-05,Omar Farouk,m.zaki@mail.com,Electronics,2741.0,7,19187.0,Shipped
2024-03-28,Layla Mohamed,admin@tech.io,Clothing,1011.0,5,5055.0,Pending
2024-03-24,Ahmed Ali,contact@service.org,Books,4399.0,7,30793.0,Completed
2024-07-11,Ali Hassan,contact@service.org,Electronics,3407.0,5,17035.0,Pending
2024-05-16,Zainab Tarek,m.zaki@mail.com,Electronics,2163.0,4,8652.0,Pending
2024-11-19,Ahmed Ali,admin@tech.io,Books,1496.0,3,4488.0,Refunded
2024-01-28,Yomna Soror,admin@tech.io,Books,1663.0,7,11641.0,Cancelled
2024-01-16,Zainab Tarek,user1@mail.com,Home Decor,2041.0,8,16328.0,Cancelled
2024-05-27,Ali Hassan,info@market.eg,Electronics,3764.0,4,15056.0,Refunded
2024-01-12,Marwan Khaled,test.a@web.net,Office Supplies,3469.0,3,10407.0,Refunded
2024-08-24,Layla Mohamed,yomna.dev@email.com,Groceries,3470.0,2,6940.0,Refunded
2024-08-24,Layla Mohamed,test.a@web.net,Electronics,3203.0,5,16015.0,Pending
2024-06-18,Ahmed Ali,sales@hub.com,Groceries,1844.0,8,14752.0,Cancelled
2024-03-14,Marwan Khaled,contact@service.org,Clothing,3953.0,5,19765.0,Refunded
2024-01-24,Layla Mohamed,user1@mail.com,Office Supplies,4501.0,9,40509.0,Refunded
2024-03-23,Zainab Tarek,info@market.eg,Office Supplies,1587.0,3,4761.0,Pending
2024-10-25,Yomna Soror,test.a@web.net,Home Decor,3799.0,2,7598.0,Refunded
2024-01-01,Ahmed Ali,contact@service.org,Books,1528.0,4,6112.0,Cancelled
2024-01-01,Zainab Tarek,test.a@web.net,Books,1294.0,3,3882.0,Completed
2024-01-27,Ahmed Ali,m.zaki@mail.com,Books,393.0,1,393.0,Shipped
2024-07-02,Ahmed Ali,m.zaki@mail.com,Office Supplies,177.0,3,531.0,Cancelled
2024-05-09,Mona Zaki,test.a@web.net,Electronics,3648.0,4,14592.0,Shipped
2024-12-19,Omar Farouk,m.zaki@mail.com,Groceries,3535.0,4,14140.0,Refunded
2024-08-05,Marwan Khaled,info@market.eg,Home Decor,1309.0,6,7854.0,Shipped
2024-06-10,Ali Hassan,user1@mail.com,Office Supplies,3688.0,6,22128.0,Completed
2024-09-02,Layla Mohamed,yomna.dev@email.com,Books,4433.0,3,13299.0,Shipped
2024-06-26,Zainab Tarek,user1@mail.com,Clothing,217.0,5,1085.0,Completed
2024-09-02,Sara Ahmed,test.a@web.net,Clothing,4192.0,1,4192.0,Pending
2024-11-09,Sara Ahmed,info@market.eg,Books,3807.0,3,11421.0,Pending
2024-07-26,Yomna Soror,yomna.dev@email.com,Groceries,2536.0,9,22824.0,Pending
2024-09-05,Sara Ahmed,contact@service.org,Office Supplies,956.0,7,6692.0,Completed
2024-01-20,Sara Ahmed,contact@service.org,Office Supplies,1537.0,6,9222.0,Shipped
2024-12-14,Layla Mohamed,contact@service.org,Office Supplies,162.0,9,1458.0,Refunded
2024-08-12,Huda Mansour,info@market.eg,Electronics,2854.0,1,2854.0,Completed
2024-04-28,Yomna Soror,yomna.dev@email.com,Electronics,405.0,3,1215.0,Completed
2024-02-25,Layla Mohamed,admin@tech.io,Clothing,1489.0,7,10423.0,Refunded
2024-11-09,Omar Farouk,info@market.eg,Clothing,356.0,4,1424.0,Cancelled
2024-11-02,Mona Zaki,test.a@web.net,Books,3165.0,3,9495.0,Pending
2024-10-16,Marwan Khaled,m.zaki@mail.com,Books,1759.0,4,7036.0,Pending
2024-08-18,Ali Hassan,test.a@web.net,Office Supplies,3204.0,1,3204.0,Refunded
2024-04-27,Zainab Tarek,user1@mail.com,Groceries,1770.0,4,7080.0,Cancelled
2024-01-09,Mona Zaki,admin@tech.io,Home Decor,2676.0,7,18732.0,Shipped
2024-12-15,Omar Farouk,sales@hub.com,Office Supplies,457.0,4,1828.0,Pending
2024-11-04,Ahmed Ali,user1@mail.com,Books,2259.0,7,15813.0,Shipped
2024-11-13,Zainab Tarek,yomna.dev@email.com,Electronics,2355.0,9,21195.0,Pending
2024-01-08,Marwan Khaled,yomna.dev@email.com,Clothing,2865.0,3,8595.0,Pending
2024-02-12,Mona Zaki,test.a@web.net,Electronics,4140.0,7,28980.0,Pending
2024-12-04,Sara Ahmed,admin@tech.io,Books,816.0,2,1632.0,Completed
2024-04-15,Layla Mohamed,yomna.dev@email.com,Clothing,3860.0,6,23160.0,Refunded
2024-11-09,Ahmed Ali,info@market.eg,Office Supplies,4742.0,6,28452.0,Cancelled
2024-12-20,Zainab Tarek,info@market.eg,Books,998.0,5,4990.0,Shipped
2024-11-19,Sara Ahmed,sales@hub.com,Electronics,2514.0,1,2514.0,Pending
2024-12-15,Huda Mansour,m.zaki@mail.com,Books,428.0,3,1284.0,Completed
2024-09-06,Mona Zaki,yomna.dev@email.com,Electronics,596.0,2,1192.0,Refunded
2024-11-21,Zainab Tarek,yomna.dev@email.com,Clothing,2451.0,8,19608.0,Shipped
2024-06-09,Mona Zaki,contact@service.org,Clothing,1883.0,3,5649.0,Shipped
2024-04-25,Sara Ahmed,sales@hub.com,Electronics,3101.0,2,6202.0,Completed
2024-06-19,Mona Zaki,yomna.dev@email.com,Electronics,2723.0,5,13615.0,Cancelled
2024-11-14,Marwan Khaled,info@market.eg,Books,858.0,9,7722.0,Cancelled
2024-02-12,Huda Mansour,admin@tech.io,Home Decor,4726.0,9,42534.0,Refunded
2024-01-22,Marwan Khaled,user1@mail.com,Groceries,1528.0,5,7640.0,Refunded
2024-09-15,Mona Zaki,contact@service.org,Home Decor,841.0,6,5046.0,Completed
2024-09-27,Sara Ahmed,admin@tech.io,Books,1299.0,8,10392.0,Completed
2024-02-20,Huda Mansour,m.zaki@mail.com,Clothing,2105.0,2,4210.0,Shipped
2024-04-06,Sara Ahmed,yomna.dev@email.com,Home Decor,1813.0,4,7252.0,Cancelled
2024-08-12,Ali Hassan,m.zaki@mail.com,Office Supplies,2924.0,4,11696.0,Completed
2024-05-09,Huda Mansour,yomna.dev@email.com,Books,3851.0,10,38510.0,Completed
2024-10-04,Marwan Khaled,sales@hub.com,Electronics,2599.0,7,18193.0,Pending
2024-11-16,Zainab Tarek,user1@mail.com,Groceries,3991.0,8,31928.0,Refunded
2024-08-19,Huda Mansour,sales@hub.com,Clothing,1595.0,2,3190.0,Pending
2024-11-22,Layla Mohamed,m.zaki@mail.com,Electronics,216.0,5,1080.0,Pending
2024-09-26,Ali Hassan,contact@service.org,Groceries,1472.0,2,2944.0,Completed
2024-05-18,Omar Farouk,yomna.dev@email.com,Electronics,644.0,2,1288.0,Pending
2024-02-16,Yomna Soror,contact@service.org,Electronics,521.0,8,4168.0,Cancelled
2024-06-23,Zainab Tarek,,Groceries,1849.0,2,3698.0,Shipped
2024-06-05,Yomna Soror,sales@hub.com,Electronics,86.0,2,172.0,Completed
2024-12-21,Sara Ahmed,m.zaki@mail.com,Home Decor,2048.0,3,6144.0,Completed
2024-08-08,Layla Mohamed,contact@service.org,Electronics,3956.0,6,23736.0,Refunded
2024-03-22,Huda Mansour,admin@tech.io,Electronics,1644.0,8,13152.0,Completed
2024-10-25,Omar Farouk,user1@mail.com,Clothing,1293.0,9,11637.0,Pending
2024-02-27,Sara Ahmed,contact@service.org,Electronics,841.0,7,5887.0,Pending
2024-12-14,Marwan Khaled,yomna.dev@email.com,Books,2514.0,7,17598.0,Pending
2024-03-12,Marwan Khaled,test.a@web.net,Groceries,1948.0,1,1948.0,Shipped
2024-05-22,Omar Farouk,user1@mail.com,Books,1315.0,9,11835.0,Completed
2024-02-08,Yomna Soror,sales@hub.com,Clothing,645.0,1,645.0,Shipped
2024-12-22,Ahmed Ali,m.zaki@mail.com,Electronics,3864.0,2,7728.0,Shipped
2024-08-15,Mona Zaki,sales@hub.com,Clothing,3971.0,3,11913.0,Pending
2024-12-17,Ali Hassan,user1@mail.com,Clothing,841.0,4,3364.0,Shipped
2024-12-20,Mona Zaki,sales@hub.com,Clothing,3664.0,4,14656.0,Pending
2024-09-16,Omar Farouk,m.zaki@mail.com,Office Supplies,402.0,10,4020.0,Refunded
2024-05-12,Ali Hassan,sales@hub.com,Office Supplies,2381.0,10,23810.0,Pending
2024-01-08,Sara Ahmed,admin@tech.io,Groceries,1879.0,2,3758.0,Cancelled
2024-01-08,Ahmed Ali,admin@tech.io,Books,321.0,4,1284.0,Refunded
2024-04-12,Ahmed Ali,user1@mail.com,Books,1607.0,7,11249.0,Completed
2024-07-11,Mona Zaki,,Clothing,4427.0,10,44270.0,Completed
2024-10-22,Yomna Soror,test.a@web.net,Office Supplies,2353.0,4,9412.0,Shipped
2024-07-18,Ali Hassan,sales@hub.com,Home Decor,3753.0,10,37530.0,Completed
2024-07-28,Sara Ahmed,user1@mail.com,Books,604.0,6,3624.0,Shipped
2024-08-01,Layla Mohamed,yomna.dev@email.com,Clothing,4581.0,7,32067.0,Refunded
2024-02-18,Mona Zaki,user1@mail.com,Office Supplies,1311.0,8,10488.0,Refunded
2024-08-08,Ali Hassan,m.zaki@mail.com,Office Supplies,227.0,3,681.0,Pending
2024-04-09,Mona Zaki,contact@service.org,Groceries,2325.0,6,13950.0,Shipped
2024-11-26,Ali Hassan,user1@mail.com,Books,4053.0,4,16212.0,Cancelled
2024-10-06,Mona Zaki,m.zaki@mail.com,Books,1468.0,4,5872.0,Refunded
2024-02-11,Huda Mansour,admin@tech.io,Electronics,4588.0,7,32116.0,Shipped
2024-08-20,Omar Farouk,user1@mail.com,Groceries,1203.0,4,4812.0,Shipped
2024-07-19,Ahmed Ali,yomna.dev@email.com,Clothing,1524.0,3,4572.0,Completed
2024-04-25,Layla Mohamed,user1@mail.com,Home Decor,2926.0,8,23408.0,Cancelled
2024-08-06,Ali Hassan,user1@mail.com,Home Decor,592.0,7,4144.0,Completed
2024-06-02,Huda Mansour,yomna.dev@email.com,Clothing,1516.0,9,13644.0,Shipped
2024-12-21,Omar Farouk,contact@service.org,Home Decor,4714.0,3,14142.0,Shipped
2024-08-21,Sara Ahmed,admin@tech.io,Groceries,4145.0,3,12435.0,Cancelled
2024-08-02,Zainab Tarek,contact@service.org,Electronics,2948.0,6,17688.0,Completed
2024-09-19,Zainab Tarek,test.a@web.net,Books,171.0,10,1710.0,Refunded
2024-12-14,Ahmed Ali,admin@tech.io,Groceries,2527.0,10,25270.0,Refunded
2024-08-23,Huda Mansour,test.a@web.net,Home Decor,1878.0,5,9390.0,Shipped
2024-01-18,Omar Farouk,yomna.dev@email.com,Electronics,4565.0,1,4565.0,Shipped
2024-03-14,Omar Farouk,user1@mail.com,Home Decor,2185.0,9,19665.0,Cancelled
2024-04-07,Ali Hassan,sales@hub.com,Electronics,2950.0,2,5900.0,Refunded
2024-10-09,Ali Hassan,test.a@web.net,Books,3203.0,4,12812.0,Completed
2024-09-05,Marwan Khaled,user1@mail.com,Groceries,1253.0,3,3759.0,Shipped
2024-10-17,Layla Mohamed,user1@mail.com,Electronics,325.0,9,2925.0,Shipped
2024-05-21,Ali Hassan,sales@hub.com,Home Decor,3348.0,8,26784.0,Pending
2024-08-19,Zainab Tarek,test.a@web.net,Home Decor,3560.0,2,7120.0,Completed
2024-06-16,Yomna Soror,info@market.eg,Clothing,4580.0,4,18320.0,Shipped
2024-04-16,Omar Farouk,contact@service.org,Electronics,4672.0,5,23360.0,Completed
2024-06-05,Marwan Khaled,yomna.dev@email.com,Clothing,166.0,2,332.0,Completed
2024-09-17,Sara Ahmed,sales@hub.com,Electronics,1954.0,4,7816.0,Cancelled
2024-07-28,Sara Ahmed,user1@mail.com,Electronics,775.0,1,775.0,Shipped
2024-09-14,Sara Ahmed,info@market.eg,Clothing,3748.0,9,33732.0,Refunded
2024-11-02,Huda Mansour,info@market.eg,Groceries,1353.0,3,4059.0,Pending
2024-09-09,Sara Ahmed,sales@hub.com,Electronics,4387.0,5,21935.0,Refunded
2024-06-16,Ahmed Ali,test.a@web.net,Office Supplies,3975.0,3,11925.0,Pending
2024-10-19,Yomna Soror,m.zaki@mail.com,Clothing,801.0,2,1602.0,Completed
2024-01-01,Sara Ahmed,user1@mail.com,Groceries,3013.0,5,15065.0,Cancelled
2024-07-03,Huda Mansour,contact@service.org,Books,838.0,4,3352.0,Refunded
2024-03-01,Zainab Tarek,user1@mail.com,Books,760.0,2,1520.0,Shipped
2024-08-13,Ali Hassan,admin@tech.io,Books,2797.0,7,19579.0,Refunded
2024-12-15,Zainab Tarek,user1@mail.com,Clothing,3461.0,1,3461.0,Completed
2024-03-13,Marwan Khaled,contact@service.org,Office Supplies,2514.0,5,12570.0,Pending
2024-12-22,Ahmed Ali,contact@service.org,Electronics,1048.0,8,8384.0,Shipped
2024-06-26,Ahmed Ali,m.zaki@mail.com,Home Decor,3980.0,1,3980.0,Shipped
2024-02-24,Yomna Soror,m.zaki@mail.com,Home Decor,1403.0,6,8418.0,Completed
2024-04-27,Zainab Tarek,info@market.eg,Groceries,1325.0,6,7950.0,Cancelled
2024-06-06,Layla Mohamed,user1@mail.com,Books,770.0,9,6930.0,Pending
2024-07-01,Marwan Khaled,test.a@web.net,Books,165.0,2,330.0,Pending
2024-01-28,Marwan Khaled,yomna.dev@email.com,Clothing,4150.0,8,33200.0,Pending
2024-07-17,Marwan Khaled,info@market.eg,Groceries,3964.0,8,31712.0,Completed
2024-09-27,Huda Mansour,m.zaki@mail.com,Office Supplies,3354.0,8,26832.0,Pending
2024-01-01,Marwan Khaled,contact@service.org,Clothing,4954.0,9,44586.0,Pending
2024-06-04,Omar Farouk,sales@hub.com,Groceries,4701.0,3,14103.0,Completed
2024-01-13,Zainab Tarek,info@market.eg,Groceries,2514.0,9,22626.0,Refunded
2024-11-05,Zainab Tarek,m.zaki@mail.com,Electronics,825.0,3,2475.0,Completed
2024-01-18,Sara Ahmed,yomna.dev@email.com,Books,408.0,10,4080.0,Completed
2024-12-22,Ali Hassan,contact@service.org,Books,3328.0,2,6656.0,Refunded
2024-05-27,Zainab Tarek,sales@hub.com,Groceries,3808.0,5,19040.0,Completed
2024-06-08,Layla Mohamed,yomna.dev@email.com,Clothing,973.0,6,5838.0,Pending
2024-05-05,Sara Ahmed,sales@hub.com,Books,3856.0,8,30848.0,Cancelled
2024-11-20,Zainab Tarek,test.a@web.net,Home Decor,2514.0,10,25140.0,Pending
2024-11-27,Yomna Soror,user1@mail.com,Groceries,1402.0,3,4206.0,Refunded
2024-06-16,Ahmed Ali,yomna.dev@email.com,Home Decor,2908.0,10,29080.0,Completed
2024-01-15,Mona Zaki,sales@hub.com,Books,4647.0,3,13941.0,Shipped
2024-07-08,Omar Farouk,contact@service.org,Home Decor,2934.0,2,5868.0,Completed
2024-11-13,Huda Mansour,admin@tech.io,Groceries,3557.0,5,17785.0,Shipped
2024-08-19,Yomna Soror,m.zaki@mail.com,Groceries,3620.0,9,32580.0,Completed
2024-05-18,Marwan Khaled,admin@tech.io,Electronics,3482.0,10,34820.0,Completed
2024-01-11,Zainab Tarek,info@market.eg,Electronics,2549.0,2,5098.0,Pending
2024-04-22,Yomna Soror,info@market.eg,Office Supplies,4680.0,7,32760.0,Pending
2024-12-26,Yomna Soror,test.a@web.net,Home Decor,4617.0,3,13851.0,Shipped
2024-10-21,Mona Zaki,m.zaki@mail.com,Office Supplies,3435.0,9,30915.0,Refunded
2024-06-06,Ahmed Ali,test.a@web.net,Clothing,3488.0,3,10464.0,Shipped
2024-12-17,Yomna Soror,sales@hub.com,Books,157.0,4,628.0,Shipped
2024-06-08,Mona Zaki,user1@mail.com,Clothing,2808.0,1,2808.0,Refunded
2024-05-02,Huda Mansour,contact@service.org,Books,713.0,9,6417.0,Cancelled
2024-09-05,Ahmed Ali,yomna.dev@email.com,Electronics,3264.0,8,26112.0,Pending
2024-03-28,Huda Mansour,admin@tech.io,Books,1884.0,4,7536.0,Pending
2024-10-10,Sara Ahmed,sales@hub.com,Books,3425.0,8,27400.0,Shipped
2024-03-27,Omar Farouk,admin@tech.io,Clothing,3417.0,5,17085.0,Refunded
2024-08-12,Ali Hassan,yomna.dev@email.com,Groceries,1852.0,6,11112.0,Shipped
2024-07-15,Omar Farouk,m.zaki@mail.com,Groceries,358.0,1,358.0,Cancelled
2024-10-22,Zainab Tarek,contact@service.org,Groceries,712.0,2,1424.0,Pending
2024-12-22,Omar Farouk,yomna.dev@email.com,Home Decor,3494.0,9,31446.0,Shipped
2024-04-03,Layla Mohamed,admin@tech.io,Electronics,3730.0,8,29840.0,Shipped
2024-08-25,Layla Mohamed,info@market.eg,Office Supplies,4590.0,5,22950.0,Cancelled
2024-09-09,Ahmed Ali,test.a@web.net,Office Supplies,1470.0,2,2940.0,Pending
2024-08-21,Omar Farouk,test.a@web.net,Groceries,946.0,1,946.0,Shipped
2024-12-28,Yomna Soror,user1@mail.com,Electronics,4414.0,3,13242.0,Pending
2024-07-05,Omar Farouk,admin@tech.io,Electronics,4889.0,3,14667.0,Refunded
2024-08-13,Huda Mansour,test.a@web.net,Electronics,3159.0,7,22113.0,Completed
2024-07-13,Huda Mansour,admin@tech.io,Clothing,2514.0,3,7542.0,Shipped
2024-05-08,Sara Ahmed,admin@tech.io,Electronics,507.0,2,1014.0,Completed
2024-06-11,Sara Ahmed,yomna.dev@email.com,Home Decor,4814.0,2,9628.0,Shipped
2024-01-01,Marwan Khaled,contact@service.org,Groceries,2636.0,6,15816.0,Pending
2024-04-26,Sara Ahmed,test.a@web.net,Groceries,2635.0,6,15810.0,Refunded
2024-01-26,Omar Farouk,yomna.dev@email.com,Home Decor,1968.0,6,11808.0,Refunded
2024-03-14,Mona Zaki,sales@hub.com,Groceries,3665.0,9,32985.0,Refunded
2024-09-20,Mona Zaki,admin@tech.io,Clothing,307.0,2,614.0,Pending
2024-05-24,Layla Mohamed,sales@hub.com,Clothing,4489.0,5,22445.0,Cancelled
2024-08-12,Ali Hassan,sales@hub.com,Clothing,2297.0,2,4594.0,Refunded
2024-08-19,Ali Hassan,yomna.dev@email.com,Office Supplies,219.0,8,1752.0,Shipped
2024-04-22,Zainab Tarek,sales@hub.com,Home Decor,3781.0,3,11343.0,Pending
2024-06-06,Huda Mansour,user1@mail.com,Home Decor,1433.0,1,1433.0,Completed
2024-12-17,Layla Mohamed,user1@mail.com,Books,210.0,10,2100.0,Cancelled
2024-07-26,Omar Farouk,admin@tech.io,Clothing,1074.0,4,4296.0,Completed
2024-09-28,Ali Hassan,contact@service.org,Clothing,4723.0,6,28338.0,Refunded
2024-12-26,Ali Hassan,info@market.eg,Electronics,3412.0,8,27296.0,Refunded
2024-03-03,Ali Hassan,user1@mail.com,Office Supplies,4821.0,9,43389.0,Pending
2024-09-06,Sara Ahmed,admin@tech.io,Books,1596.0,6,9576.0,Shipped
2024-10-26,Huda Mansour,info@market.eg,Electronics,2627.0,3,7881.0,Completed
2024-06-06,Sara Ahmed,user1@mail.com,Office Supplies,912.0,6,5472.0,Refunded
2024-03-25,Ahmed Ali,admin@tech.io,Clothing,4453.0,1,4453.0,Cancelled
2024-08-07,Zainab Tarek,sales@hub.com,Books,3397.0,2,6794.0,Shipped
2024-02-08,Marwan Khaled,admin@tech.io,Groceries,764.0,8,6112.0,Shipped
2024-08-23,Layla Mohamed,yomna.dev@email.com,Office Supplies,1994.0,5,9970.0,Pending
2024-08-01,Layla Mohamed,yomna.dev@email.com,Clothing,4386.0,10,43860.0,Cancelled
2024-03-26,Marwan Khaled,admin@tech.io,Groceries,1327.0,3,3981.0,Refunded
2024-04-03,Marwan Khaled,m.zaki@mail.com,Books,3900.0,1,3900.0,Pending
2024-04-26,Omar Farouk,m.zaki@mail.com,Books,1650.0,7,11550.0,Refunded
2024-03-03,Yomna Soror,info@market.eg,Home Decor,2338.0,9,21042.0,Completed
2024-01-20,Huda Mansour,sales@hub.com,Electronics,3123.0,8,24984.0,Shipped
2024-10-21,Ahmed Ali,sales@hub.com,Electronics,903.0,8,7224.0,Shipped
2024-03-09,Mona Zaki,yomna.dev@email.com,Electronics,50.0,9,450.0,Refunded
2024-08-15,Huda Mansour,sales@hub.com,Electronics,4214.0,3,12642.0,Refunded
2024-06-21,Zainab Tarek,contact@service.org,Books,4975.0,9,44775.0,Shipped
2024-05-01,Omar Farouk,sales@hub.com,Books,2004.0,9,18036.0,Pending
2024-08-27,Sara Ahmed,yomna.dev@email.com,Clothing,1033.0,3,3099.0,Cancelled
2024-05-09,Huda Mansour,yomna.dev@email.com,Groceries,3503.0,4,14012.0,Refunded
2024-03-04,Ali Hassan,admin@tech.io,Office Supplies,2269.0,7,15883.0,Pending
2024-03-23,Layla Mohamed,info@market.eg,Books,4515.0,9,40635.0,Pending
2024-12-08,Marwan Khaled,sales@hub.com,Electronics,1153.0,5,5765.0,Pending
2024-01-24,Marwan Khaled,user1@mail.com,Electronics,4526.0,8,36208.0,Completed
2024-06-25,Ali Hassan,user1@mail.com,Office Supplies,3618.0,1,3618.0,Shipped
2024-05-19,Ali Hassan,test.a@web.net,Books,1051.0,9,9459.0,Completed
2024-11-26,Mona Zaki,admin@tech.io,Clothing,2277.0,9,20493.0,Pending
2024-06-28,Sara Ahmed,info@market.eg,Electronics,1384.0,9,12456.0,Cancelled
2024-02-28,Huda Mansour,yomna.dev@email.com,Electronics,1944.0,7,13608.0,Pending
2024-01-28,Ali Hassan,user1@mail.com,Clothing,3914.0,9,35226.0,Completed
2024-01-16,Layla Mohamed,sales@hub.com,Electronics,2705.0,7,18935.0,Cancelled
2024-12-14,Ali Hassan,sales@hub.com,Electronics,3608.0,9,32472.0,Cancelled
2024-05-14,Layla Mohamed,sales@hub.com,Home Decor,4821.0,2,9642.0,Shipped
2024-08-17,Marwan Khaled,test.a@web.net,Electronics,2328.0,7,16296.0,Completed
2024-08-14,Mona Zaki,contact@service.org,Office Supplies,3493.0,1,3493.0,Refunded
2024-10-20,Yomna Soror,contact@service.org,Groceries,3595.0,8,28760.0,Shipped
2024-12-24,Marwan Khaled,sales@hub.com,Home Decor,468.0,10,4680.0,Refunded
2024-10-27,Omar Farouk,yomna.dev@email.com,Clothing,2495.0,1,2495.0,Shipped
2024-12-07,Sara Ahmed,m.zaki@mail.com,Electronics,2530.0,9,22770.0,Cancelled
2024-09-08,Sara Ahmed,sales@hub.com,Office Supplies,497.0,9,4473.0,Cancelled
2024-12-09,Layla Mohamed,sales@hub.com,Books,690.0,1,690.0,Pending
2024-03-24,Yomna Soror,user1@mail.com,Groceries,1955.0,6,11730.0,Refunded
2024-02-26,Sara Ahmed,yomna.dev@email.com,Clothing,3755.0,1,3755.0,Shipped
2024-06-19,Ali Hassan,sales@hub.com,Electronics,1843.0,3,5529.0,Shipped
2024-06-11,Ali Hassan,test.a@web.net,Office Supplies,4775.0,6,28650.0,Cancelled
2024-03-26,Sara Ahmed,user1@mail.com,Clothing,4014.0,1,4014.0,Completed
2024-04-02,Layla Mohamed,contact@service.org,Books,4852.0,10,48520.0,Completed
2024-05-09,Layla Mohamed,user1@mail.com,Home Decor,3150.0,7,22050.0,Cancelled
2024-11-09,Ahmed Ali,sales@hub.com,Office Supplies,3060.0,1,3060.0,Shipped
2024-10-27,Marwan Khaled,test.a@web.net,Clothing,1719.0,5,8595.0,Pending
2024-09-23,Sara Ahmed,info@market.eg,Groceries,4421.0,6,26526.0,Refunded
2024-07-15,Layla Mohamed,sales@hub.com,Office Supplies,215.0,6,1290.0,Refunded
2024-04-04,Marwan Khaled,yomna.dev@email.com,Home Decor,1874.0,10,18740.0,Pending
2024-02-03,Marwan Khaled,admin@tech.io,Groceries,528.0,6,3168.0,Pending
2024-05-01,Ahmed Ali,test.a@web.net,Office Supplies,3164.0,7,22148.0,Completed
2024-05-13,Zainab Tarek,sales@hub.com,Clothing,2768.0,3,8304.0,Refunded
2024-06-06,Yomna Soror,yomna.dev@email.com,Groceries,3742.0,6,22452.0,Pending
2024-10-17,Marwan Khaled,m.zaki@mail.com,Groceries,638.0,1,638.0,Completed
2024-04-11,Huda Mansour,sales@hub.com,Office Supplies,1188.0,4,4752.0,Pending
2024-09-22,Zainab Tarek,admin@tech.io,Office Supplies,3654.0,10,36540.0,Completed
2024-07-18,Omar Farouk,m.zaki@mail.com,Groceries,4932.0,6,29592.0,Cancelled
2024-06-06,Yomna Soror,yomna.dev@email.com,Books,1552.0,5,7760.0,Pending
2024-12-11,Ali Hassan,sales@hub.com,Electronics,4430.0,3,13290.0,Cancelled
2024-07-12,Zainab Tarek,m.zaki@mail.com,Office Supplies,2901.0,2,5802.0,Pending
2024-08-04,Yomna Soror,admin@tech.io,Groceries,1320.0,4,5280.0,Refunded
2024-01-01,Marwan Khaled,info@market.eg,Books,2531.0,9,22779.0,Pending
2024-07-17,Huda Mansour,m.zaki@mail.com,Groceries,1625.0,10,16250.0,Completed
2024-05-23,Layla Mohamed,info@market.eg,Electronics,1775.0,2,3550.0,Completed
2024-05-13,Huda Mansour,admin@tech.io,Office Supplies,2574.0,10,25740.0,Cancelled
2024-12-22,Huda Mansour,admin@tech.io,Clothing,2217.0,5,11085.0,Refunded
2024-11-25,Mona Zaki,admin@tech.io,Home Decor,4976.0,7,34832.0,Pending
2024-07-03,Mona Zaki,contact@service.org,Clothing,1632.0,4,6528.0,Completed
2024-11-21,Omar Farouk,yomna.dev@email.com,Books,1761.0,8,14088.0,Pending
2024-09-08,Mona Zaki,contact@service.org,Office Supplies,3953.0,4,15812.0,Refunded
2024-05-06,Zainab Tarek,test.a@web.net,Clothing,1174.0,1,1174.0,Shipped
2024-10-13,Ali Hassan,yomna.dev@email.com,Home Decor,3802.0,6,22812.0,Cancelled
2024-08-25,Mona Zaki,,Office Supplies,1935.0,2,3870.0,Refunded
2024-06-21,Sara Ahmed,yomna.dev@email.com,Groceries,971.0,3,2913.0,Shipped
2024-12-05,Ali Hassan,test.a@web.net,Home Decor,1173.0,5,5865.0,Cancelled
2024-01-01,Marwan Khaled,admin@tech.io,Groceries,3383.0,8,27064.0,Cancelled
2024-05-06,Sara Ahmed,user1@mail.com,Electronics,3046.0,9,27414.0,Pending
2024-12-03,Mona Zaki,contact@service.org,Office Supplies,3649.0,5,18245.0,Completed
2024-02-17,Ahmed Ali,sales@hub.com,Clothing,3648.0,1,3648.0,Cancelled
2024-12-10,Huda Mansour,contact@service.org,Office Supplies,2861.0,4,11444.0,Pending
2024-03-01,Zainab Tarek,yomna.dev@email.com,Electronics,3076.0,10,30760.0,Completed
2024-10-10,Marwan Khaled,sales@hub.com,Books,3569.0,5,17845.0,Cancelled
2024-05-23,Zainab Tarek,user1@mail.com,Electronics,3330.0,4,13320.0,Cancelled
2024-08-25,Ali Hassan,yomna.dev@email.com,Office Supplies,483.0,8,3864.0,Cancelled
2024-12-20,Mona Zaki,contact@service.org,Books,4267.0,9,38403.0,Shipped
2024-05-01,Yomna Soror,info@market.eg,Books,3303.0,3,9909.0,Pending
2024-07-15,Ahmed Ali,yomna.dev@email.com,Groceries,3424.0,7,23968.0,Completed
2024-03-12,Zainab Tarek,sales@hub.com,Groceries,1086.0,2,2172.0,Shipped
2024-04-18,Ahmed Ali,sales@hub.com,Clothing,3137.0,1,3137.0,Pending
2024-08-21,Mona Zaki,admin@tech.io,Groceries,4929.0,2,9858.0,Refunded
2024-02-04,Omar Farouk,contact@service.org,Groceries,4641.0,1,4641.0,Shipped
2024-03-11,Zainab Tarek,info@market.eg,Home Decor,1303.0,4,5212.0,Refunded
2024-11-05,Huda Mansour,contact@service.org,Electronics,3566.0,4,14264.0,Pending
2024-01-25,Ahmed Ali,info@market.eg,Electronics,3519.0,8,28152.0,Completed
2024-11-28,Ali Hassan,admin@tech.io,Office Supplies,3517.0,2,7034.0,Pending
2024-02-01,Ali Hassan,contact@service.org,Clothing,1587.0,4,6348.0,Completed
2024-11-24,Ahmed Ali,m.zaki@mail.com,Home Decor,3452.0,1,3452.0,Shipped
2024-01-01,Sara Ahmed,sales@hub.com,Clothing,3805.0,2,7610.0,Cancelled
2024-04-13,Yomna Soror,user1@mail.com,Clothing,1258.0,9,11322.0,Pending
2024-11-12,Huda Mansour,user1@mail.com,Groceries,4372.0,2,8744.0,Pending
2024-04-12,Zainab Tarek,test.a@web.net,Books,2560.0,10,25600.0,Pending
2024-11-13,Ahmed Ali,user1@mail.com,Groceries,3912.0,8,31296.0,Cancelled
2024-10-04,Sara Ahmed,contact@service.org,Clothing,4532.0,5,22660.0,Shipped
2024-03-06,Huda Mansour,admin@tech.io,Groceries,2413.0,10,24130.0,Completed
2024-05-27,Layla Mohamed,admin@tech.io,Electronics,2083.0,3,6249.0,Refunded
2024-08-17,Huda Mansour,test.a@web.net,Home Decor,985.0,9,8865.0,Completed
2024-12-09,Ahmed Ali,admin@tech.io,Home Decor,1746.0,3,5238.0,Pending
2024-10-10,Sara Ahmed,info@market.eg,Home Decor,2959.0,7,20713.0,Pending
2024-01-17,Yomna Soror,contact@service.org,Clothing,3257.0,5,16285.0,Pending
2024-04-19,Yomna Soror,yomna.dev@email.com,Books,693.0,5,3465.0,Shipped
2024-01-13,Omar Farouk,m.zaki@mail.com,Home Decor,3613.0,10,36130.0,Completed
2024-12-26,Ahmed Ali,sales@hub.com,Groceries,3845.0,10,38450.0,Pending
2024-02-23,Sara Ahmed,test.a@web.net,Groceries,4169.0,2,8338.0,Shipped
2024-01-04,Mona Zaki,admin@tech.io,Office Supplies,1882.0,5,9410.0,Completed
2024-01-22,Ali Hassan,m.zaki@mail.com,Home Decor,4416.0,6,26496.0,Cancelled
2024-11-16,Sara Ahmed,sales@hub.com,Clothing,4554.0,10,45540.0,Completed
2024-02-16,Layla Mohamed,info@market.eg,Clothing,1852.0,7,12964.0,Completed
2024-09-28,Huda Mansour,user1@mail.com,Electronics,3731.0,8,29848.0,Cancelled
2024-03-15,Huda Mansour,yomna.dev@email.com,Electronics,2426.0,8,19408.0,Cancelled
2024-07-20,Mona Zaki,contact@service.org,Electronics,2670.0,6,16020.0,Refunded
2024-03-26,Yomna Soror,m.zaki@mail.com,Books,1963.0,5,9815.0,Pending
2024-09-17,Mona Zaki,test.a@web.net,Home Decor,1695.0,4,6780.0,Pending
2024-03-03,Huda Mansour,sales@hub.com,Home Decor,4768.0,10,47680.0,Shipped
2024-01-01,Zainab Tarek,contact@service.org,Books,1288.0,6,7728.0,Cancelled
2024-05-03,Huda Mansour,yomna.dev@email.com,Office Supplies,4302.0,2,8604.0,Refunded
2024-04-27,Mona Zaki,yomna.dev@email.com,Electronics,1412.0,6,8472.0,Shipped
2024-05-06,Marwan Khaled,user1@mail.com,Home Decor,1418.0,1,1418.0,Completed
2024-10-17,Ali Hassan,test.a@web.net,Office Supplies,3708.0,2,7416.0,Shipped
2024-09-28,Zainab Tarek,contact@service.org,Office Supplies,2819.0,7,19733.0,Shipped
2024-04-19,Yomna Soror,m.zaki@mail.com,Books,3274.0,1,3274.0,Shipped
2024-02-21,Mona Zaki,m.zaki@mail.com,Groceries,4983.0,9,44847.0,Completed
2024-08-21,Mona Zaki,contact@service.org,Clothing,2726.0,7,19082.0,Shipped
2024-01-13,Ali Hassan,sales@hub.com,Office Supplies,166.0,10,1660.0,Completed
2024-01-08,Yomna Soror,info@market.eg,Home Decor,805.0,4,3220.0,Shipped
2024-08-16,Sara Ahmed,m.zaki@mail.com,Home Decor,4335.0,10,43350.0,Cancelled
2024-03-03,Ali Hassan,test.a@web.net,Office Supplies,3627.0,1,3627.0,Completed
2024-10-17,Zainab Tarek,m.zaki@mail.com,Clothing,1795.0,2,3590.0,Cancelled
2024-06-27,Yomna Soror,admin@tech.io,Books,3513.0,9,31617.0,Completed
2024-01-02,Huda Mansour,user1@mail.com,Electronics,4865.0,4,19460.0,Refunded
2024-12-28,Marwan Khaled,user1@mail.com,Books,4663.0,6,27978.0,Refunded
2024-05-05,Ali Hassan,user1@mail.com,Home Decor,3802.0,5,19010.0,Cancelled
2024-05-10,Ahmed Ali,user1@mail.com,Home Decor,3277.0,4,13108.0,Shipped
2024-07-25,Zainab Tarek,m.zaki@mail.com,Groceries,150.0,2,300.0,Shipped
2024-11-13,Ali Hassan,m.zaki@mail.com,Groceries,4632.0,6,27792.0,Pending
2024-10-19,Mona Zaki,contact@service.org,Books,3851.0,10,38510.0,Refunded
2024-08-06,Ahmed Ali,test.a@web.net,Electronics,838.0,4,3352.0,Completed
2024-01-28,Zainab Tarek,info@market.eg,Clothing,1541.0,4,6164.0,Completed
2024-07-22,Zainab Tarek,sales@hub.com,Groceries,1490.0,4,5960.0,Refunded
2024-10-14,Marwan Khaled,user1@mail.com,Books,800.0,2,1600.0,Shipped
2024-03-09,Huda Mansour,sales@hub.com,Home Decor,3661.0,9,32949.0,Refunded
2024-07-12,Yomna Soror,admin@tech.io,Books,1735.0,6,10410.0,Shipped
2024-02-03,Huda Mansour,admin@tech.io,Electronics,4711.0,1,4711.0,Shipped
2024-06-06,Ahmed Ali,sales@hub.com,Home Decor,3636.0,8,29088.0,Completed
2024-03-10,Yomna Soror,admin@tech.io,Office Supplies,1950.0,8,15600.0,Completed
2024-07-11,Marwan Khaled,yomna.dev@email.com,Books,3849.0,7,26943.0,Refunded
2024-01-12,Omar Farouk,m.zaki@mail.com,Home Decor,503.0,4,2012.0,Completed
2024-10-11,Omar Farouk,admin@tech.io,Books,3843.0,10,38430.0,Pending
2024-07-19,Huda Mansour,sales@hub.com,Electronics,3358.0,8,26864.0,Refunded
2024-02-27,Huda Mansour,user1@mail.com,Groceries,733.0,10,7330.0,Completed
2024-08-23,Zainab Tarek,info@market.eg,Groceries,4843.0,5,24215.0,Refunded
2024-10-10,Sara Ahmed,sales@hub.com,Office Supplies,1169.0,3,3507.0,Shipped
2024-04-27,Ahmed Ali,user1@mail.com,Groceries,2505.0,9,22545.0,Pending
2024-12-11,Ahmed Ali,info@market.eg,Home Decor,1572.0,6,9432.0,Pending
2024-08-13,Ali Hassan,m.zaki@mail.com,Books,1955.0,9,17595.0,Shipped
2024-07-18,Layla Mohamed,user1@mail.com,Groceries,2593.0,10,25930.0,Completed
2024-10-11,Huda Mansour,admin@tech.io,Groceries,912.0,5,4560.0,Refunded
2024-03-03,Zainab Tarek,m.zaki@mail.com,Home Decor,2343.0,7,16401.0,Pending
2024-08-19,Zainab Tarek,info@market.eg,Electronics,63.0,5,315.0,Shipped
2024-10-25,Huda Mansour,info@market.eg,Groceries,676.0,2,1352.0,Cancelled
2024-05-15,Zainab Tarek,user1@mail.com,Books,3376.0,1,3376.0,Shipped
2024-03-20,Ahmed Ali,test.a@web.net,Groceries,665.0,1,665.0,Pending
2024-02-17,Huda Mansour,sales@hub.com,Groceries,4902.0,3,14706.0,Cancelled
2024-10-03,Omar Farouk,info@market.eg,Home Decor,2826.0,8,22608.0,Pending
2024-12-15,Yomna Soror,info@market.eg,Groceries,4960.0,8,39680.0,Completed
2024-09-21,Ali Hassan,admin@tech.io,Home Decor,2477.0,5,12385.0,Cancelled
2024-11-23,Zainab Tarek,admin@tech.io,Home Decor,349.0,7,2443.0,Cancelled
2024-10-23,Omar Farouk,test.a@web.net,Books,3708.0,3,11124.0,Pending
2024-07-07,Yomna Soror,user1@mail.com,Books,916.0,3,2748.0,Shipped
2024-06-06,Ahmed Ali,user1@mail.com,Clothing,3131.0,6,18786.0,Completed
2024-08-05,Yomna Soror,m.zaki@mail.com,Books,4170.0,5,20850.0,Cancelled
2024-01-13,Mona Zaki,m.zaki@mail.com,Office Supplies,3779.0,4,15116.0,Pending
2024-05-22,Yomna Soror,info@market.eg,Office Supplies,4588.0,7,32116.0,Completed
2024-01-16,Sara Ahmed,sales@hub.com,Electronics,235.0,4,940.0,Pending
2024-11-20,Yomna Soror,m.zaki@mail.com,Books,358.0,2,716.0,Cancelled
2024-11-21,Zainab Tarek,admin@tech.io,Clothing,1906.0,1,1906.0,Shipped
2024-12-26,Zainab Tarek,info@market.eg,Groceries,2486.0,10,24860.0,Completed
2024-05-23,Huda Mansour,sales@hub.com,Clothing,2248.0,3,6744.0,Refunded
2024-06-22,Mona Zaki,info@market.eg,Groceries,652.0,1,652.0,Completed
2024-03-03,Huda Mansour,user1@mail.com,Books,1395.0,10,13950.0,Pending
2024-05-20,Layla Mohamed,test.a@web.net,Groceries,353.0,2,706.0,Completed
2024-08-02,Layla Mohamed,admin@tech.io,Groceries,452.0,9,4068.0,Pending
2024-03-15,Omar Farouk,test.a@web.net,Office Supplies,4618.0,5,23090.0,Completed
2024-03-18,Layla Mohamed,user1@mail.com,Books,2514.0,6,15084.0,Refunded
2024-04-10,Huda Mansour,info@market.eg,Groceries,804.0,10,8040.0,Cancelled
2024-02-22,Ali Hassan,yomna.dev@email.com,Groceries,3051.0,9,27459.0,Cancelled
2024-09-02,Layla Mohamed,user1@mail.com,Books,3065.0,5,15325.0,Completed
2024-04-10,Omar Farouk,m.zaki@mail.com,Clothing,4658.0,8,37264.0,Pending
2024-07-09,Huda Mansour,user1@mail.com,Office Supplies,366.0,5,1830.0,Shipped
2024-07-06,Ali Hassan,user1@mail.com,Clothing,1869.0,9,16821.0,Refunded
2024-12-02,Zainab Tarek,m.zaki@mail.com,Groceries,4705.0,10,47050.0,Refunded
2024-07-20,Yomna Soror,user1@mail.com,Groceries,3120.0,6,18720.0,Shipped
2024-06-08,Ahmed Ali,admin@tech.io,Home Decor,4725.0,5,23625.0,Completed
2024-06-19,Mona Zaki,test.a@web.net,Groceries,2527.0,7,17689.0,Cancelled
2024-01-16,Ali Hassan,user1@mail.com,Electronics,2083.0,6,12498.0,Shipped
2024-10-19,Zainab Tarek,,Books,4677.0,8,37416.0,Completed
2024-08-04,Mona Zaki,info@market.eg,Clothing,3195.0,3,9585.0,Completed
2024-08-13,Sara Ahmed,test.a@web.net,Home Decor,2165.0,7,15155.0,Shipped
2024-03-18,Ahmed Ali,user1@mail.com,Office Supplies,4234.0,4,16936.0,Completed
2024-12-26,Ali Hassan,admin@tech.io,Office Supplies,3615.0,5,18075.0,Cancelled
2024-04-14,Ali Hassan,test.a@web.net,Clothing,4732.0,10,47320.0,Cancelled
2024-08-03,Layla Mohamed,yomna.dev@email.com,Home Decor,2624.0,6,15744.0,Pending
2024-01-11,Mona Zaki,user1@mail.com,Books,1746.0,7,12222.0,Cancelled
2024-02-24,Huda Mansour,sales@hub.com,Groceries,3327.0,7,23289.0,Completed
2024-01-01,Mona Zaki,sales@hub.com,Home Decor,1745.0,5,8725.0,Cancelled
2024-04-25,Sara Ahmed,m.zaki@mail.com,Home Decor,2678.0,5,13390.0,Refunded
2024-02-05,Yomna Soror,sales@hub.com,Home Decor,60.0,10,600.0,Refunded
2024-12-05,Zainab Tarek,m.zaki@mail.com,Office Supplies,4578.0,7,32046.0,Shipped
2024-11-15,Omar Farouk,contact@service.org,Office Supplies,2955.0,6,17730.0,Shipped
2024-06-28,Layla Mohamed,user1@mail.com,Office Supplies,3392.0,5,16960.0,Cancelled
2024-12-19,Yomna Soror,admin@tech.io,Electronics,3691.0,5,18455.0,Cancelled
2024-07-11,Omar Farouk,user1@mail.com,Electronics,876.0,2,1752.0,Shipped
2024-11-13,Mona Zaki,admin@tech.io,Home Decor,3703.0,2,7406.0,Pending
2024-05-04,Ahmed Ali,user1@mail.com,Clothing,3197.0,10,31970.0,Completed
2024-02-06,Zainab Tarek,test.a@web.net,Office Supplies,938.0,4,3752.0,Cancelled
2024-11-02,Yomna Soror,,Home Decor,2654.0,7,18578.0,Pending
2024-10-17,Ali Hassan,admin@tech.io,Groceries,397.0,4,1588.0,Shipped
2024-01-14,Omar Farouk,user1@mail.com,Books,4092.0,10,40920.0,Pending
2024-07-08,Layla Mohamed,sales@hub.com,Groceries,773.0,3,2319.0,Shipped
2024-11-27,Mona Zaki,user1@mail.com,Office Supplies,3660.0,5,18300.0,Pending
2024-10-22,Mona Zaki,info@market.eg,Books,4314.0,8,34512.0,Shipped
2024-02-22,Huda Mansour,test.a@web.net,Clothing,1435.0,6,8610.0,Refunded
2024-07-25,Mona Zaki,info@market.eg,Groceries,4192.0,7,29344.0,Refunded
2024-06-17,Layla Mohamed,info@market.eg,Clothing,3291.0,1,3291.0,Completed
2024-02-05,Huda Mansour,user1@mail.com,Home Decor,3201.0,1,3201.0,Pending
2024-11-27,Yomna Soror,info@market.eg,Home Decor,3464.0,5,17320.0,Completed
2024-02-18,Marwan Khaled,user1@mail.com,Books,1455.0,10,14550.0,Completed
2024-10-13,Mona Zaki,contact@service.org,Office Supplies,4101.0,2,8202.0,Completed
2024-12-19,Zainab Tarek,user1@mail.com,Office Supplies,2117.0,5,10585.0,Shipped
2024-04-03,Mona Zaki,sales@hub.com,Books,2708.0,3,8124.0,Refunded
2024-02-28,Zainab Tarek,user1@mail.com,Home Decor,1057.0,4,4228.0,Shipped
2024-02-07,Marwan Khaled,contact@service.org,Groceries,3905.0,8,31240.0,Cancelled
2024-05-10,Zainab Tarek,m.zaki@mail.com,Clothing,2954.0,9,26586.0,Refunded
2024-01-03,Mona Zaki,info@market.eg,Groceries,3213.0,8,25704.0,Shipped
2024-07-27,Marwan Khaled,test.a@web.net,Home Decor,2576.0,5,12880.0,Refunded
2024-06-26,Ahmed Ali,m.zaki@mail.com,Home Decor,1679.0,6,10074.0,Pending
2024-01-18,Ali Hassan,contact@service.org,Clothing,1778.0,5,8890.0,Completed
2024-12-28,Omar Farouk,user1@mail.com,Books,1554.0,5,7770.0,Completed
2024-01-10,Mona Zaki,contact@service.org,Groceries,340.0,4,1360.0,Pending
2024-09-01,Yomna Soror,yomna.dev@email.com,Electronics,4087.0,1,4087.0,Cancelled
2024-01-06,Ali Hassan,contact@service.org,Office Supplies,124.0,7,868.0,Completed
2024-01-01,Layla Mohamed,test.a@web.net,Groceries,4997.0,4,19988.0,Refunded
2024-11-16,Layla Mohamed,user1@mail.com,Clothing,4694.0,6,28164.0,Completed
2024-01-08,Marwan Khaled,contact@service.org,Electronics,3768.0,5,18840.0,Refunded
2024-06-09,Sara Ahmed,test.a@web.net,Books,4686.0,3,14058.0,Pending
2024-04-17,Mona Zaki,yomna.dev@email.com,Books,129.0,9,1161.0,Completed
2024-08-07,Ahmed Ali,test.a@web.net,Groceries,1963.0,4,7852.0,Refunded
2024-06-01,Omar Farouk,contact@service.org,Electronics,4142.0,2,8284.0,Refunded
2024-05-24,Marwan Khaled,info@market.eg,Electronics,4487.0,8,35896.0,Pending
2024-09-03,Marwan Khaled,test.a@web.net,Clothing,3687.0,5,18435.0,Cancelled
2024-09-13,Omar Farouk,test.a@web.net,Office Supplies,2140.0,3,6420.0,Pending
2024-05-22,Ahmed Ali,contact@service.org,Home Decor,1120.0,4,4480.0,Completed
2024-02-11,Ahmed Ali,m.zaki@mail.com,Office Supplies,4761.0,2,9522.0,Shipped
2024-05-14,Omar Farouk,m.zaki@mail.com,Office Supplies,1656.0,10,16560.0,Refunded
2024-03-16,Omar Farouk,yomna.dev@email.com,Clothing,4560.0,6,27360.0,Pending
2024-01-01,Mona Zaki,test.a@web.net,Office Supplies,4652.0,1,4652.0,Shipped
2024-08-05,Zainab Tarek,test.a@web.net,Electronics,320.0,6,1920.0,Refunded
2024-01-26,Omar Farouk,user1@mail.com,Clothing,1236.0,7,8652.0,Shipped
2024-06-04,Zainab Tarek,info@market.eg,Books,3917.0,1,3917.0,Pending
2024-05-21,Layla Mohamed,user1@mail.com,Home Decor,4789.0,10,47890.0,Completed
2024-09-23,Mona Zaki,,Groceries,977.0,9,8793.0,Shipped
2024-06-11,Marwan Khaled,sales@hub.com,Groceries,3316.0,4,13264.0,Shipped
2024-11-24,Omar Farouk,sales@hub.com,Electronics,761.0,2,1522.0,Completed
2024-06-18,Omar Farouk,contact@service.org,Groceries,2653.0,10,26530.0,Refunded
2024-05-18,Mona Zaki,sales@hub.com,Office Supplies,4594.0,6,27564.0,Refunded
2024-08-05,Omar Farouk,contact@service.org,Books,563.0,5,2815.0,Pending
2024-01-23,Zainab Tarek,contact@service.org,Clothing,4825.0,1,4825.0,Completed
2024-10-25,Ahmed Ali,info@market.eg,Home Decor,1104.0,6,6624.0,Shipped
2024-12-14,Sara Ahmed,admin@tech.io,Home Decor,3357.0,4,13428.0,Cancelled
2024-02-04,Sara Ahmed,info@market.eg,Electronics,2284.0,6,13704.0,Shipped
2024-07-05,Sara Ahmed,test.a@web.net,Home Decor,4064.0,10,40640.0,Completed
2024-06-10,Omar Farouk,contact@service.org,Groceries,4318.0,5,21590.0,Refunded
2024-06-14,Omar Farouk,info@market.eg,Home Decor,3277.0,5,16385.0,Pending
2024-03-06,Omar Farouk,m.zaki@mail.com,Groceries,618.0,6,3708.0,Completed
2024-09-17,Marwan Khaled,info@market.eg,Office Supplies,3809.0,3,11427.0,Shipped
2024-07-07,Ali Hassan,contact@service.org,Clothing,3460.0,1,3460.0,Completed
2024-08-09,Yomna Soror,yomna.dev@email.com,Groceries,3238.0,3,9714.0,Completed
2024-09-05,Zainab Tarek,contact@service.org,Clothing,3917.0,1,3917.0,Completed
2024-09-23,Omar Farouk,yomna.dev@email.com,Office Supplies,4550.0,3,13650.0,Pending
2024-07-14,Yomna Soror,contact@service.org,Clothing,2312.0,1,2312.0,Completed
2024-12-09,Zainab Tarek,admin@tech.io,Clothing,93.0,10,930.0,Refunded
2024-04-17,Omar Farouk,info@market.eg,Groceries,1910.0,7,13370.0,Refunded
2024-06-27,Marwan Khaled,admin@tech.io,Clothing,1632.0,4,6528.0,Shipped
2024-07-24,Ali Hassan,user1@mail.com,Office Supplies,2547.0,10,25470.0,Cancelled
2024-02-25,Yomna Soror,info@market.eg,Home Decor,966.0,6,5796.0,Shipped
2024-12-17,Omar Farouk,contact@service.org,Electronics,2827.0,7,19789.0,Refunded
2024-03-23,Mona Zaki,contact@service.org,Books,4506.0,8,36048.0,Pending
2024-03-09,Huda Mansour,user1@mail.com,Books,1365.0,8,10920.0,Completed
2024-06-05,Layla Mohamed,contact@service.org,Books,3911.0,5,19555.0,Refunded
2024-01-01,Layla Mohamed,yomna.dev@email.com,Books,4622.0,9,41598.0,Completed
2024-05-19,Zainab Tarek,test.a@web.net,Groceries,4294.0,10,42940.0,Pending
2024-10-27,Layla Mohamed,contact@service.org,Home Decor,308.0,6,1848.0,Shipped
2024-08-03,Layla Mohamed,contact@service.org,Home Decor,1286.0,4,5144.0,Cancelled
2024-01-18,Huda Mansour,yomna.dev@email.com,Home Decor,4108.0,7,28756.0,Refunded
2024-03-16,Yomna Soror,test.a@web.net,Books,3670.0,8,29360.0,Cancelled
2024-11-04,Yomna Soror,contact@service.org,Groceries,2766.0,5,13830.0,Pending
2024-11-21,Omar Farouk,yomna.dev@email.com,Groceries,1789.0,6,10734.0,Cancelled
2024-03-22,Huda Mansour,sales@hub.com,Books,4582.0,8,36656.0,Shipped
2024-01-18,Mona Zaki,info@market.eg,Books,4818.0,4,19272.0,Completed
2024-08-08,Marwan Khaled,test.a@web.net,Groceries,1343.0,1,1343.0,Completed
2024-09-08,Marwan Khaled,sales@hub.com,Home Decor,3782.0,1,3782.0,Refunded
2024-06-06,Ahmed Ali,sales@hub.com,Clothing,3472.0,4,13888.0,Shipped
2024-04-18,Ahmed Ali,sales@hub.com,Electronics,3338.0,9,30042.0,Pending
2024-05-17,Yomna Soror,yomna.dev@email.com,Office Supplies,2418.0,9,21762.0,Pending
2024-02-13,Omar Farouk,yomna.dev@email.com,Office Supplies,2514.0,5,12570.0,Pending
2024-10-08,Layla Mohamed,test.a@web.net,Office Supplies,2170.0,2,4340.0,Refunded
2024-08-02,Zainab Tarek,m.zaki@mail.com,Electronics,320.0,8,2560.0,Refunded
2024-12-17,Layla Mohamed,admin@tech.io,Clothing,3221.0,5,16105.0,Cancelled
2024-02-25,Zainab Tarek,m.zaki@mail.com,Home Decor,3406.0,7,23842.0,Completed
2024-08-19,Ali Hassan,admin@tech.io,Groceries,4160.0,4,16640.0,Refunded
2024-07-26,Yomna Soror,sales@hub.com,Clothing,1101.0,2,2202.0,Shipped
2024-01-08,Yomna Soror,info@market.eg,Office Supplies,1907.0,7,13349.0,Pending
2024-10-12,Marwan Khaled,m.zaki@mail.com,Electronics,4366.0,7,30562.0,Shipped
2024-06-10,Mona Zaki,info@market.eg,Office Supplies,1563.0,2,3126.0,Shipped
2024-04-23,Layla Mohamed,contact@service.org,Electronics,1724.0,9,15516.0,Pending
2024-09-20,Marwan Khaled,test.a@web.net,Groceries,3596.0,9,32364.0,Pending
2024-06-25,Huda Mansour,m.zaki@mail.com,Clothing,3764.0,1,3764.0,Refunded
2024-05-02,Mona Zaki,m.zaki@mail.com,Clothing,454.0,4,1816.0,Pending
2024-02-13,Zainab Tarek,admin@tech.io,Clothing,3973.0,3,11919.0,Cancelled
2024-04-26,Omar Farouk,sales@hub.com,Clothing,4633.0,3,13899.0,Cancelled
2024-04-24,Mona Zaki,admin@tech.io,Groceries,865.0,4,3460.0,Cancelled
2024-05-21,Huda Mansour,m.zaki@mail.com,Clothing,4215.0,1,4215.0,Shipped
2024-01-19,Omar Farouk,sales@hub.com,Electronics,4387.0,1,4387.0,Completed
2024-05-01,Ali Hassan,contact@service.org,Office Supplies,4779.0,4,19116.0,Completed
2024-03-02,Ali Hassan,admin@tech.io,Books,4330.0,10,43300.0,Pending
2024-02-13,Layla Mohamed,contact@service.org,Home Decor,2207.0,1,2207.0,Shipped
2024-02-09,Marwan Khaled,sales@hub.com,Electronics,3588.0,3,10764.0,Cancelled
2024-09-16,Ali Hassan,admin@tech.io,Books,450.0,2,900.0,Cancelled
2024-04-14,Ali Hassan,yomna.dev@email.com,Electronics,2143.0,9,19287.0,Pending
2024-07-02,Mona Zaki,sales@hub.com,Electronics,177.0,8,1416.0,Completed
2024-07-24,Marwan Khaled,test.a@web.net,Clothing,75.0,6,450.0,Refunded
2024-10-08,Marwan Khaled,test.a@web.net,Clothing,4511.0,8,36088.0,Completed
2024-10-26,Huda Mansour,contact@service.org,Groceries,4234.0,5,21170.0,Completed
2024-12-06,Marwan Khaled,yomna.dev@email.com,Electronics,2057.0,2,4114.0,Cancelled
2024-01-27,Ali Hassan,info@market.eg,Electronics,1631.0,9,14679.0,Shipped
2024-12-08,Huda Mansour,test.a@web.net,Books,3375.0,5,16875.0,Shipped
2024-08-01,Layla Mohamed,admin@tech.io,Groceries,1026.0,8,8208.0,Refunded
2024-06-25,Omar Farouk,m.zaki@mail.com,Books,2371.0,3,7113.0,Pending
2024-09-07,Mona Zaki,yomna.dev@email.com,Home Decor,200.0,10,2000.0,Shipped
2024-03-22,Zainab Tarek,yomna.dev@email.com,Books,2116.0,9,19044.0,Refunded
2024-07-22,Sara Ahmed,m.zaki@mail.com,Home Decor,4308.0,8,34464.0,Pending
2024-07-16,Mona Zaki,yomna.dev@email.com,Home Decor,3407.0,6,20442.0,Shipped
2024-08-17,Sara Ahmed,test.a@web.net,Home Decor,841.0,5,4205.0,Pending
2024-10-10,Layla Mohamed,user1@mail.com,Clothing,3121.0,5,15605.0,Shipped
2024-05-21,Marwan Khaled,test.a@web.net,Electronics,2889.0,3,8667.0,Completed
2024-06-06,Ali Hassan,info@market.eg,Home Decor,4836.0,4,19344.0,Completed
2024-11-13,Ali Hassan,contact@service.org,Home Decor,4184.0,6,25104.0,Pending
2024-07-20,Marwan Khaled,test.a@web.net,Home Decor,1828.0,1,1828.0,Completed
2024-09-14,Sara Ahmed,yomna.dev@email.com,Office Supplies,4991.0,7,34937.0,Shipped
2024-01-26,Ali Hassan,m.zaki@mail.com,Home Decor,3377.0,2,6754.0,Completed
2024-08-06,Mona Zaki,info@market.eg,Groceries,577.0,1,577.0,Refunded
2024-10-15,Huda Mansour,test.a@web.net,Clothing,4485.0,9,40365.0,Cancelled
2024-11-11,Marwan Khaled,user1@mail.com,Groceries,870.0,3,2610.0,Completed
2024-12-09,Yomna Soror,info@market.eg,Books,622.0,2,1244.0,Refunded
2024-07-04,Zainab Tarek,sales@hub.com,Groceries,3576.0,9,32184.0,Pending
2024-02-16,Ali Hassan,m.zaki@mail.com,Office Supplies,2427.0,10,24270.0,Shipped
2024-08-22,Marwan Khaled,user1@mail.com,Groceries,1234.0,5,6170.0,Cancelled
2024-03-07,Layla Mohamed,m.zaki@mail.com,Books,1319.0,7,9233.0,Cancelled
2024-06-01,Ahmed Ali,user1@mail.com,Office Supplies,4932.0,8,39456.0,Refunded
2024-07-17,Zainab Tarek,sales@hub.com,Books,2056.0,8,16448.0,Cancelled
2024-08-20,Layla Mohamed,admin@tech.io,Groceries,4717.0,6,28302.0,Cancelled
2024-09-13,Huda Mansour,user1@mail.com,Groceries,2093.0,4,8372.0,Cancelled
2024-07-14,Ali Hassan,contact@service.org,Clothing,2895.0,1,2895.0,Pending
2024-04-04,Sara Ahmed,user1@mail.com,Groceries,2609.0,5,13045.0,Refunded
2024-05-04,Huda Mansour,yomna.dev@email.com,Clothing,4486.0,9,40374.0,Cancelled
2024-09-10,Ali Hassan,info@market.eg,Electronics,732.0,8,5856.0,Shipped
2024-12-17,Yomna Soror,yomna.dev@email.com,Clothing,3428.0,10,34280.0,Shipped
2024-03-17,Huda Mansour,sales@hub.com,Groceries,1860.0,4,7440.0,Completed
2024-04-07,Omar Farouk,m.zaki@mail.com,Office Supplies,831.0,4,3324.0,Cancelled
2024-01-14,Ali Hassan,yomna.dev@email.com,Groceries,4083.0,3,12249.0,Cancelled
2024-09-05,Zainab Tarek,info@market.eg,Groceries,4788.0,1,4788.0,Refunded
2024-11-03,Marwan Khaled,info@market.eg,Books,3997.0,7,27979.0,Refunded
2024-06-08,Yomna Soror,user1@mail.com,Home Decor,3822.0,6,22932.0,Pending
2024-07-09,Yomna Soror,admin@tech.io,Groceries,2821.0,1,2821.0,Refunded
2024-01-04,Mona Zaki,m.zaki@mail.com,Clothing,353.0,1,353.0,Shipped
2024-05-04,Sara Ahmed,user1@mail.com,Books,2766.0,7,19362.0,Completed
2024-06-17,Sara Ahmed,user1@mail.com,Home Decor,4828.0,1,4828.0,Pending
2024-06-13,Omar Farouk,test.a@web.net,Office Supplies,2120.0,5,10600.0,Shipped
2024-03-24,Ahmed Ali,sales@hub.com,Home Decor,1971.0,10,19710.0,Pending
2024-04-22,Yomna Soror,admin@tech.io,Books,1097.0,10,10970.0,Completed
2024-10-10,Omar Farouk,yomna.dev@email.com,Books,3708.0,7,25956.0,Shipped
2024-06-19,Yomna Soror,contact@service.org,Books,774.0,1,774.0,Pending
2024-12-12,Huda Mansour,contact@service.org,Clothing,1613.0,7,11291.0,Completed
2024-07-18,Yomna Soror,info@market.eg,Clothing,714.0,4,2856.0,Pending
2024-10-13,Layla Mohamed,yomna.dev@email.com,Office Supplies,4829.0,8,38632.0,Refunded
2024-04-27,Mona Zaki,admin@tech.io,Groceries,2655.0,3,7965.0,Cancelled
2024-05-06,Mona Zaki,user1@mail.com,Home Decor,3050.0,4,12200.0,Refunded
2024-08-06,Zainab Tarek,sales@hub.com,Electronics,2834.0,9,25506.0,Refunded
2024-04-27,Layla Mohamed,info@market.eg,Electronics,2049.0,2,4098.0,Refunded
2024-12-18,Ali Hassan,info@market.eg,Home Decor,4102.0,6,24612.0,Refunded
2024-08-10,Huda Mansour,contact@service.org,Electronics,1245.0,4,4980.0,Shipped
2024-05-28,Ahmed Ali,admin@tech.io,Office Supplies,4682.0,1,4682.0,Completed
2024-06-28,Zainab Tarek,sales@hub.com,Home Decor,1811.0,9,16299.0,Completed
2024-06-08,Zainab Tarek,m.zaki@mail.com,Home Decor,2689.0,4,10756.0,Refunded
2024-03-04,Yomna Soror,contact@service.org,Clothing,1730.0,3,5190.0,Refunded
2024-04-11,Layla Mohamed,m.zaki@mail.com,Clothing,4246.0,10,42460.0,Refunded
2024-11-20,Marwan Khaled,user1@mail.com,Home Decor,4124.0,2,8248.0,Completed
2024-08-11,Huda Mansour,contact@service.org,Groceries,3059.0,8,24472.0,Shipped
2024-08-11,Ali Hassan,user1@mail.com,Books,3006.0,2,6012.0,Pending
2024-11-23,Huda Mansour,sales@hub.com,Office Supplies,4442.0,9,39978.0,Refunded
2024-01-01,Yomna Soror,admin@tech.io,Clothing,3059.0,10,30590.0,Refunded
2024-12-05,Yomna Soror,user1@mail.com,Clothing,4147.0,7,29029.0,Completed
2024-02-15,Zainab Tarek,yomna.dev@email.com,Groceries,624.0,7,4368.0,Completed
2024-03-21,Mona Zaki,m.zaki@mail.com,Office Supplies,491.0,9,4419.0,Pending
2024-05-20,Sara Ahmed,m.zaki@mail.com,Electronics,376.0,6,2256.0,Cancelled
2024-11-20,Ahmed Ali,yomna.dev@email.com,Home Decor,1336.0,3,4008.0,Completed
2024-11-24,Layla Mohamed,info@market.eg,Office Supplies,2304.0,4,9216.0,Shipped
2024-05-04,Ali Hassan,info@market.eg,Groceries,4713.0,2,9426.0,Pending
2024-11-09,Huda Mansour,test.a@web.net,Home Decor,3053.0,6,18318.0,Completed
2024-01-15,Yomna Soror,yomna.dev@email.com,Home Decor,4716.0,1,4716.0,Shipped
2024-07-25,Huda Mansour,info@market.eg,Groceries,2514.0,4,10056.0,Cancelled
2024-01-20,Mona Zaki,info@market.eg,Groceries,1362.0,4,5448.0,Refunded
2024-02-08,Zainab Tarek,yomna.dev@email.com,Office Supplies,108.0,7,756.0,Refunded
2024-04-05,Ali Hassan,test.a@web.net,Books,4509.0,7,31563.0,Shipped
2024-01-20,Sara Ahmed,yomna.dev@email.com,Electronics,4630.0,6,27780.0,Refunded
2024-03-24,Sara Ahmed,user1@mail.com,Books,4310.0,8,34480.0,Cancelled
2024-07-04,Huda Mansour,user1@mail.com,Clothing,837.0,6,5022.0,Refunded
2024-12-02,Zainab Tarek,sales@hub.com,Groceries,2177.0,5,10885.0,Shipped
2024-11-09,Omar Farouk,m.zaki@mail.com,Clothing,3336.0,6,20016.0,Cancelled
2024-10-13,Marwan Khaled,admin@tech.io,Books,1888.0,2,3776.0,Pending
2024-11-22,Ahmed Ali,sales@hub.com,Groceries,4676.0,9,42084.0,Completed
2024-06-10,Ahmed Ali,test.a@web.net,Office Supplies,3081.0,8,24648.0,Pending
2024-02-28,Omar Farouk,info@market.eg,Books,3056.0,3,9168.0,Refunded
2024-08-25,Zainab Tarek,yomna.dev@email.com,Home Decor,4302.0,4,17208.0,Pending
2024-05-04,Ahmed Ali,info@market.eg,Office Supplies,75.0,7,525.0,Shipped
2024-11-12,Mona Zaki,sales@hub.com,Clothing,3760.0,1,3760.0,Cancelled
2024-11-27,Mona Zaki,m.zaki@mail.com,Groceries,2498.0,7,17486.0,Pending
2024-12-12,Marwan Khaled,test.a@web.net,Clothing,4701.0,8,37608.0,Refunded
2024-06-16,Yomna Soror,sales@hub.com,Groceries,1941.0,6,11646.0,Cancelled
2024-10-08,Huda Mansour,m.zaki@mail.com,Office Supplies,4364.0,4,17456.0,Pending
2024-06-16,Ali Hassan,m.zaki@mail.com,Office Supplies,861.0,2,1722.0,Completed
2024-10-26,Yomna Soror,yomna.dev@email.com,Books,469.0,1,469.0,Refunded
2024-06-15,Zainab Tarek,user1@mail.com,Books,1064.0,6,6384.0,Pending
2024-03-16,Marwan Khaled,admin@tech.io,Clothing,2534.0,7,17738.0,Refunded
2024-10-11,Mona Zaki,test.a@web.net,Clothing,1183.0,8,9464.0,Completed
2024-02-06,Marwan Khaled,info@market.eg,Electronics,3477.0,4,13908.0,Refunded
2024-11-22,Ahmed Ali,sales@hub.com,Home Decor,243.0,9,2187.0,Cancelled
2024-06-15,Marwan Khaled,contact@service.org,Office Supplies,3060.0,3,9180.0,Cancelled
2024-01-19,Marwan Khaled,user1@mail.com,Clothing,2518.0,4,10072.0,Cancelled
2024-01-18,Omar Farouk,sales@hub.com,Books,247.0,9,2223.0,Refunded
2024-04-24,Zainab Tarek,m.zaki@mail.com,Home Decor,3860.0,8,30880.0,Shipped
2024-08-07,Ali Hassan,user1@mail.com,Groceries,2998.0,5,14990.0,Completed
2024-10-08,Layla Mohamed,yomna.dev@email.com,Office Supplies,2946.0,8,23568.0,Refunded
2024-05-01,Huda Mansour,user1@mail.com,Electronics,1055.0,3,3165.0,Pending
2024-03-10,Ahmed Ali,sales@hub.com,Books,3602.0,6,21612.0,Completed
2024-09-27,Yomna Soror,m.zaki@mail.com,Electronics,1866.0,9,16794.0,Shipped
2024-10-27,Omar Farouk,info@market.eg,Office Supplies,2810.0,5,14050.0,Shipped
2024-11-26,Omar Farouk,test.a@web.net,Books,3533.0,7,24731.0,Shipped
2024-01-19,Ahmed Ali,admin@tech.io,Groceries,4602.0,10,46020.0,Cancelled
2024-01-11,Huda Mansour,info@market.eg,Home Decor,1569.0,4,6276.0,Refunded
2024-03-08,Mona Zaki,m.zaki@mail.com,Clothing,758.0,6,4548.0,Shipped
2024-07-16,Zainab Tarek,admin@tech.io,Electronics,3369.0,3,10107.0,Cancelled
2024-01-13,Ahmed Ali,yomna.dev@email.com,Groceries,4506.0,4,18024.0,Pending
2024-10-04,Layla Mohamed,m.zaki@mail.com,Books,2974.0,6,17844.0,Cancelled
2024-09-23,Sara Ahmed,contact@service.org,Office Supplies,2501.0,1,2501.0,Cancelled
2024-07-13,Layla Mohamed,test.a@web.net,Books,67.0,4,268.0,Shipped
2024-08-13,Omar Farouk,contact@service.org,Office Supplies,1942.0,9,17478.0,Refunded
2024-03-13,Yomna Soror,info@market.eg,Electronics,1829.0,10,18290.0,Shipped
2024-09-14,Ahmed Ali,sales@hub.com,Groceries,4106.0,10,41060.0,Cancelled
2024-09-26,Yomna Soror,yomna.dev@email.com,Office Supplies,2514.0,3,7542.0,Completed
2024-04-22,Ali Hassan,info@market.eg,Electronics,4671.0,3,14013.0,Refunded
2024-11-20,Marwan Khaled,sales@hub.com,Office Supplies,1885.0,7,13195.0,Completed
2024-07-21,Yomna Soror,user1@mail.com,Home Decor,291.0,8,2328.0,Pending
2024-12-27,Yomna Soror,m.zaki@mail.com,Office Supplies,4705.0,8,37640.0,Shipped
2024-07-18,Yomna Soror,yomna.dev@email.com,Office Supplies,2316.0,5,11580.0,Refunded
2024-09-12,Yomna Soror,contact@service.org,Electronics,3548.0,3,10644.0,Pending
2024-02-06,Marwan Khaled,yomna.dev@email.com,Groceries,52.0,5,260.0,Cancelled
2024-04-07,Layla Mohamed,m.zaki@mail.com,Groceries,4886.0,4,19544.0,Shipped
2024-05-21,Zainab Tarek,contact@service.org,Office Supplies,3427.0,9,30843.0,Completed
2024-04-24,Yomna Soror,sales@hub.com,Office Supplies,3294.0,7,23058.0,Shipped
2024-11-15,Mona Zaki,contact@service.org,Electronics,4414.0,8,35312.0,Pending
2024-04-14,Ahmed Ali,info@market.eg,Office Supplies,1485.0,5,7425.0,Pending
2024-03-14,Mona Zaki,,Office Supplies,2603.0,8,20824.0,Cancelled
2024-08-14,Huda Mansour,sales@hub.com,Electronics,727.0,4,2908.0,Refunded
2024-09-09,Layla Mohamed,sales@hub.com,Clothing,4461.0,2,8922.0,Cancelled
2024-07-03,Layla Mohamed,sales@hub.com,Electronics,2425.0,8,19400.0,Cancelled
2024-04-05,Mona Zaki,yomna.dev@email.com,Clothing,803.0,4,3212.0,Pending
2024-03-20,Mona Zaki,user1@mail.com,Electronics,1368.0,5,6840.0,Shipped
2024-11-08,Zainab Tarek,test.a@web.net,Electronics,517.0,4,2068.0,Refunded
2024-02-17,Layla Mohamed,test.a@web.net,Books,824.0,10,8240.0,Shipped
2024-02-06,Mona Zaki,m.zaki@mail.com,Electronics,270.0,10,2700.0,Completed
2024-11-25,Huda Mansour,contact@service.org,Electronics,1563.0,7,10941.0,Cancelled
2024-12-07,Ali Hassan,yomna.dev@email.com,Groceries,4074.0,6,24444.0,Pending
2024-06-07,Zainab Tarek,contact@service.org,Office Supplies,2629.0,1,2629.0,Completed
2024-10-25,Mona Zaki,info@market.eg,Office Supplies,3273.0,9,29457.0,Refunded
2024-11-11,Sara Ahmed,yomna.dev@email.com,Office Supplies,3069.0,8,24552.0,Shipped
2024-03-06,Mona Zaki,test.a@web.net,Books,4712.0,1,4712.0,Pending
2024-04-17,Ali Hassan,info@market.eg,Office Supplies,4408.0,4,17632.0,Completed
2024-08-17,Ahmed Ali,test.a@web.net,Clothing,1366.0,1,1366.0,Shipped
2024-11-27,Mona Zaki,admin@tech.io,Home Decor,3646.0,8,29168.0,Shipped
2024-01-10,Ahmed Ali,m.zaki@mail.com,Books,1902.0,1,1902.0,Completed
2024-04-15,Zainab Tarek,sales@hub.com,Groceries,1879.0,10,18790.0,Cancelled
2024-08-14,Ali Hassan,sales@hub.com,Clothing,1628.0,1,1628.0,Refunded
2024-03-25,Yomna Soror,info@market.eg,Home Decor,3412.0,5,17060.0,Refunded
2024-11-10,Ahmed Ali,m.zaki@mail.com,Home Decor,1307.0,5,6535.0,Pending
2024-09-07,Huda Mansour,test.a@web.net,Electronics,2112.0,10,21120.0,Cancelled
2024-06-23,Mona Zaki,test.a@web.net,Groceries,4185.0,5,20925.0,Cancelled
2024-10-03,Yomna Soror,contact@service.org,Books,1779.0,8,14232.0,Shipped
2024-11-16,Zainab Tarek,info@market.eg,Electronics,2626.0,2,5252.0,Shipped
2024-12-21,Sara Ahmed,,Electronics,4025.0,5,20125.0,Refunded
2024-07-09,Sara Ahmed,user1@mail.com,Home Decor,4207.0,4,16828.0,Completed
2024-02-05,Zainab Tarek,yomna.dev@email.com,Office Supplies,336.0,1,336.0,Cancelled
2024-05-20,Ahmed Ali,user1@mail.com,Office Supplies,2720.0,4,10880.0,Shipped
2024-12-12,Yomna Soror,info@market.eg,Clothing,4712.0,6,28272.0,Refunded
2024-04-21,Sara Ahmed,user1@mail.com,Clothing,2885.0,7,20195.0,Completed
2024-11-09,Huda Mansour,yomna.dev@email.com,Electronics,4029.0,2,8058.0,Completed
2024-07-15,Layla Mohamed,info@market.eg,Groceries,370.0,2,740.0,Completed
2024-01-05,Marwan Khaled,admin@tech.io,Home Decor,1293.0,7,9051.0,Refunded
2024-11-01,Huda Mansour,test.a@web.net,Home Decor,4630.0,1,4630.0,Cancelled
2024-04-24,Ali Hassan,test.a@web.net,Office Supplies,2514.0,8,20112.0,Shipped
2024-01-04,Huda Mansour,m.zaki@mail.com,Office Supplies,1023.0,10,10230.0,Pending
2024-04-14,Layla Mohamed,admin@tech.io,Books,1848.0,10,18480.0,Refunded
2024-08-21,Ali Hassan,contact@service.org,Clothing,375.0,7,2625.0,Shipped
2024-07-14,Huda Mansour,admin@tech.io,Groceries,266.0,3,798.0,Cancelled
2024-06-19,Ali Hassan,user1@mail.com,Clothing,4919.0,4,19676.0,Cancelled
2024-01-21,Sara Ahmed,m.zaki@mail.com,Books,2362.0,8,18896.0,Refunded
2024-09-16,Ali Hassan,admin@tech.io,Home Decor,4633.0,6,27798.0,Cancelled
2024-07-23,Huda Mansour,info@market.eg,Office Supplies,1000.0,2,2000.0,Completed
2024-06-20,Mona Zaki,m.zaki@mail.com,Groceries,2139.0,6,12834.0,Shipped
2024-04-08,Zainab Tarek,test.a@web.net,Electronics,3063.0,7,21441.0,Completed
2024-05-07,Layla Mohamed,info@market.eg,Electronics,3215.0,1,3215.0,Shipped
2024-10-10,Ali Hassan,info@market.eg,Groceries,2449.0,10,24490.0,Refunded
2024-09-27,Sara Ahmed,admin@tech.io,Home Decor,1754.0,4,7016.0,Pending
2024-03-05,Layla Mohamed,info@market.eg,Books,945.0,6,5670.0,Pending
2024-10-21,Yomna Soror,user1@mail.com,Groceries,1396.0,4,5584.0,Pending
2024-04-28,Sara Ahmed,info@market.eg,Books,728.0,4,2912.0,Completed
2024-10-04,Omar Farouk,admin@tech.io,Electronics,2710.0,5,13550.0,Refunded
2024-10-09,Sara Ahmed,info@market.eg,Books,2674.0,4,10696.0,Refunded
2024-09-27,Sara Ahmed,sales@hub.com,Groceries,2221.0,10,22210.0,Cancelled
2024-07-19,Omar Farouk,yomna.dev@email.com,Home Decor,2179.0,10,21790.0,Pending
2024-12-14,Sara Ahmed,test.a@web.net,Clothing,514.0,2,1028.0,Pending
2024-06-14,Omar Farouk,test.a@web.net,Clothing,3064.0,6,18384.0,Cancelled
2024-01-17,Huda Mansour,contact@service.org,Groceries,1154.0,7,8078.0,Completed
2024-04-12,Ali Hassan,user1@mail.com,Office Supplies,4392.0,1,4392.0,Completed
2024-06-07,Ahmed Ali,user1@mail.com,Home Decor,2703.0,3,8109.0,Pending
2024-04-23,Marwan Khaled,test.a@web.net,Electronics,2742.0,4,10968.0,Pending
2024-04-03,Marwan Khaled,sales@hub.com,Groceries,3648.0,2,7296.0,Refunded
2024-04-22,Huda Mansour,info@market.eg,Clothing,3910.0,10,39100.0,Cancelled
2024-06-14,Yomna Soror,info@market.eg,Books,2108.0,8,16864.0,Cancelled
2024-12-18,Yomna Soror,contact@service.org,Clothing,2468.0,7,17276.0,Completed
2024-06-15,Zainab Tarek,user1@mail.com,Books,3300.0,8,26400.0,Refunded
2024-01-01,Marwan Khaled,sales@hub.com,Clothing,603.0,10,6030.0,Completed
2024-11-21,Huda Mansour,sales@hub.com,Groceries,2887.0,4,11548.0,Pending
2024-07-17,Layla Mohamed,user1@mail.com,Groceries,3810.0,4,15240.0,Pending
2024-08-18,Layla Mohamed,contact@service.org,Books,63.0,4,252.0,Cancelled
2024-11-11,Sara Ahmed,user1@mail.com,Home Decor,1142.0,3,3426.0,Shipped
2024-11-10,Huda Mansour,contact@service.org,Home Decor,1190.0,3,3570.0,Cancelled
2024-04-16,Huda Mansour,contact@service.org,Home Decor,553.0,1,553.0,Shipped
2024-12-14,Ahmed Ali,test.a@web.net,Home Decor,2384.0,4,9536.0,Refunded
2024-03-06,Huda Mansour,user1@mail.com,Home Decor,3205.0,10,32050.0,Cancelled
2024-05-20,Mona Zaki,m.zaki@mail.com,Clothing,1681.0,9,15129.0,Refunded
2024-03-03,Ali Hassan,m.zaki@mail.com,Office Supplies,2886.0,1,2886.0,Completed
2024-02-22,Mona Zaki,m.zaki@mail.com,Electronics,2822.0,1,2822.0,Shipped
2024-10-24,Layla Mohamed,info@market.eg,Groceries,4360.0,7,30520.0,Cancelled
2024-01-20,Marwan Khaled,m.zaki@mail.com,Electronics,3905.0,8,31240.0,Cancelled
2024-04-20,Sara Ahmed,m.zaki@mail.com,Office Supplies,3516.0,3,10548.0,Shipped
2024-06-19,Yomna Soror,user1@mail.com,Electronics,2487.0,5,12435.0,Pending
2024-03-15,Omar Farouk,m.zaki@mail.com,Electronics,1905.0,5,9525.0,Completed
2024-02-06,Omar Farouk,sales@hub.com,Home Decor,2946.0,2,5892.0,Shipped
2024-03-27,Zainab Tarek,user1@mail.com,Office Supplies,425.0,8,3400.0,Refunded
2024-02-22,Huda Mansour,m.zaki@mail.com,Home Decor,1248.0,7,8736.0,Pending
2024-02-25,Mona Zaki,info@market.eg,Home Decor,1449.0,8,11592.0,Pending
2024-01-01,Marwan Khaled,contact@service.org,Office Supplies,3707.0,10,37070.0,Completed
2024-11-26,Ahmed Ali,admin@tech.io,Home Decor,4300.0,2,8600.0,Cancelled
2024-11-10,Ali Hassan,sales@hub.com,Books,774.0,1,774.0,Cancelled
2024-06-18,Marwan Khaled,m.zaki@mail.com,Office Supplies,226.0,9,2034.0,Shipped
2024-11-01,Ahmed Ali,admin@tech.io,Groceries,3894.0,1,3894.0,Shipped
2024-08-12,Ali Hassan,info@market.eg,Home Decor,121.0,6,726.0,Refunded
2024-09-01,Sara Ahmed,admin@tech.io,Electronics,1571.0,10,15710.0,Pending
2024-11-08,Ahmed Ali,contact@service.org,Office Supplies,4489.0,5,22445.0,Shipped
2024-09-07,Sara Ahmed,sales@hub.com,Electronics,981.0,9,8829.0,Cancelled
2024-08-18,Marwan Khaled,m.zaki@mail.com,Office Supplies,4259.0,10,42590.0,Cancelled
2024-11-11,Yomna Soror,sales@hub.com,Groceries,799.0,3,2397.0,Refunded
2024-04-23,Ali Hassan,user1@mail.com,Electronics,2201.0,3,6603.0,Shipped
2024-09-23,Ahmed Ali,sales@hub.com,Groceries,2113.0,8,16904.0,Pending
2024-05-09,Yomna Soror,test.a@web.net,Home Decor,4047.0,1,4047.0,Shipped
2024-10-17,Mona Zaki,test.a@web.net,Groceries,3987.0,8,31896.0,Cancelled
2024-01-12,Omar Farouk,sales@hub.com,Office Supplies,3098.0,5,15490.0,Completed
2024-08-18,Sara Ahmed,sales@hub.com,Clothing,4347.0,10,43470.0,Refunded
2024-10-10,Sara Ahmed,test.a@web.net,Clothing,130.0,1,130.0,Completed
2024-04-25,Marwan Khaled,m.zaki@mail.com,Electronics,353.0,5,1765.0,Shipped
2024-01-04,Yomna Soror,contact@service.org,Groceries,3797.0,4,15188.0,Completed
2024-04-21,Layla Mohamed,info@market.eg,Home Decor,2210.0,9,19890.0,Refunded
2024-05-16,Huda Mansour,user1@mail.com,Electronics,3908.0,10,39080.0,Completed
2024-03-23,Marwan Khaled,contact@service.org,Clothing,4233.0,7,29631.0,Shipped
2024-03-12,Omar Farouk,user1@mail.com,Office Supplies,1101.0,4,4404.0,Cancelled
2024-08-11,Layla Mohamed,m.zaki@mail.com,Groceries,2778.0,5,13890.0,Completed
2024-07-14,Ahmed Ali,info@market.eg,Groceries,675.0,7,4725.0,Cancelled
2024-05-21,Yomna Soror,test.a@web.net,Groceries,1066.0,10,10660.0,Pending
2024-12-22,Omar Farouk,yomna.dev@email.com,Electronics,4685.0,4,18740.0,Refunded
2024-12-20,Omar Farouk,user1@mail.com,Groceries,765.0,4,3060.0,Completed
2024-07-21,Ahmed Ali,user1@mail.com,Office Supplies,2763.0,10,27630.0,Shipped
2024-06-21,Sara Ahmed,contact@service.org,Clothing,3691.0,4,14764.0,Shipped
2024-03-08,Zainab Tarek,user1@mail.com,Electronics,3540.0,10,35400.0,Completed
2024-07-18,Sara Ahmed,info@market.eg,Electronics,1499.0,7,10493.0,Pending
2024-06-11,Zainab Tarek,info@market.eg,Office Supplies,283.0,3,849.0,Refunded
2024-05-18,Sara Ahmed,test.a@web.net,Home Decor,72.0,3,216.0,Shipped
2024-05-04,Marwan Khaled,m.zaki@mail.com,Clothing,4682.0,2,9364.0,Cancelled
2024-10-12,Sara Ahmed,contact@service.org,Electronics,4771.0,2,9542.0,Cancelled
2024-10-21,Sara Ahmed,m.zaki@mail.com,Books,3549.0,8,28392.0,Cancelled
2024-08-24,Mona Zaki,admin@tech.io,Home Decor,1548.0,6,9288.0,Shipped
2024-05-26,Ahmed Ali,admin@tech.io,Books,2579.0,1,2579.0,Pending
2024-06-03,Yomna Soror,user1@mail.com,Clothing,262.0,8,2096.0,Completed
2024-11-01,Marwan Khaled,admin@tech.io,Groceries,4542.0,10,45420.0,Shipped
2024-06-04,Omar Farouk,m.zaki@mail.com,Clothing,2660.0,5,13300.0,Cancelled
2024-03-19,Yomna Soror,yomna.dev@email.com,Clothing,3845.0,1,3845.0,Completed
2024-10-16,Yomna Soror,yomna.dev@email.com,Groceries,2347.0,10,23470.0,Refunded
2024-06-12,Mona Zaki,contact@service.org,Electronics,2101.0,4,8404.0,Cancelled
2024-03-17,Huda Mansour,contact@service.org,Office Supplies,394.0,6,2364.0,Refunded
2024-05-11,Yomna Soror,user1@mail.com,Clothing,2629.0,2,5258.0,Shipped
2024-09-16,Layla Mohamed,yomna.dev@email.com,Home Decor,2625.0,2,5250.0,Cancelled
2024-09-05,Ahmed Ali,user1@mail.com,Books,3431.0,9,30879.0,Pending
2024-07-05,Huda Mansour,user1@mail.com,Office Supplies,2816.0,9,25344.0,Pending
2024-01-23,Yomna Soror,sales@hub.com,Books,923.0,8,7384.0,Pending
2024-01-01,Ali Hassan,m.zaki@mail.com,Office Supplies,3196.0,10,31960.0,Cancelled
2024-04-11,Layla Mohamed,m.zaki@mail.com,Office Supplies,188.0,3,564.0,Refunded
2024-06-21,Layla Mohamed,yomna.dev@email.com,Home Decor,1307.0,8,10456.0,Cancelled
2024-01-06,Omar Farouk,sales@hub.com,Groceries,3921.0,3,11763.0,Cancelled
2024-08-18,Ahmed Ali,info@market.eg,Groceries,531.0,5,2655.0,Completed
2024-07-11,Sara Ahmed,m.zaki@mail.com,Home Decor,322.0,9,2898.0,Pending
2024-02-23,Layla Mohamed,admin@tech.io,Office Supplies,962.0,5,4810.0,Pending
2024-07-14,Huda Mansour,user1@mail.com,Clothing,1342.0,6,8052.0,Cancelled
2024-01-15,Omar Farouk,admin@tech.io,Office Supplies,2473.0,10,24730.0,Completed
2024-04-05,Ahmed Ali,yomna.dev@email.com,Books,4670.0,5,23350.0,Cancelled
2024-02-24,Ahmed Ali,m.zaki@mail.com,Office Supplies,2676.0,1,2676.0,Completed
2024-09-15,Yomna Soror,user1@mail.com,Home Decor,2594.0,3,7782.0,Pending
2024-03-02,Huda Mansour,admin@tech.io,Books,1494.0,2,2988.0,Refunded
2024-04-28,Layla Mohamed,yomna.dev@email.com,Home Decor,977.0,4,3908.0,Cancelled
2024-10-04,Layla Mohamed,sales@hub.com,Home Decor,3138.0,7,21966.0,Shipped
2024-09-25,Yomna Soror,sales@hub.com,Clothing,2640.0,9,23760.0,Shipped
2024-03-18,Marwan Khaled,contact@service.org,Groceries,4153.0,6,24918.0,Completed
2024-11-19,Yomna Soror,yomna.dev@email.com,Groceries,580.0,10,5800.0,Completed
2024-03-03,Mona Zaki,m.zaki@mail.com,Clothing,1107.0,2,2214.0,Cancelled
2024-09-12,Zainab Tarek,yomna.dev@email.com,Office Supplies,1697.0,4,6788.0,Cancelled
2024-08-02,Sara Ahmed,sales@hub.com,Home Decor,4337.0,3,13011.0,Refunded
2024-05-19,Mona Zaki,sales@hub.com,Books,1232.0,6,7392.0,Refunded
2024-07-15,Zainab Tarek,user1@mail.com,Electronics,4393.0,1,4393.0,Completed
2024-10-06,Mona Zaki,contact@service.org,Books,4486.0,3,13458.0,Completed
2024-05-21,Huda Mansour,test.a@web.net,Home Decor,1075.0,6,6450.0,Pending
2024-11-16,Ali Hassan,m.zaki@mail.com,Clothing,3331.0,2,6662.0,Cancelled
2024-12-02,Mona Zaki,user1@mail.com,Office Supplies,1709.0,7,11963.0,Cancelled
2024-09-27,Mona Zaki,test.a@web.net,Home Decor,2048.0,4,8192.0,Shipped
2024-08-28,Marwan Khaled,admin@tech.io,Office Supplies,1071.0,1,1071.0,Completed
2024-12-09,Huda Mansour,sales@hub.com,Clothing,4378.0,8,35024.0,Refunded
2024-06-09,Ahmed Ali,m.zaki@mail.com,Home Decor,4064.0,3,12192.0,Cancelled
2024-09-26,Zainab Tarek,user1@mail.com,Groceries,2673.0,9,24057.0,Completed
2024-03-19,Huda Mansour,test.a@web.net,Groceries,1240.0,10,12400.0,Refunded
2024-11-20,Ali Hassan,test.a@web.net,Clothing,3457.0,5,17285.0,Shipped
2024-09-12,Layla Mohamed,test.a@web.net,Books,2692.0,8,21536.0,Completed
2024-05-19,Ali Hassan,sales@hub.com,Clothing,4957.0,6,29742.0,Shipped
2024-10-08,Sara Ahmed,contact@service.org,Electronics,3327.0,7,23289.0,Cancelled
2024-06-14,Mona Zaki,info@market.eg,Office Supplies,3027.0,10,30270.0,Cancelled
2024-10-17,Mona Zaki,test.a@web.net,Office Supplies,4982.0,6,29892.0,Completed
2024-09-21,Mona Zaki,test.a@web.net,Books,3801.0,5,19005.0,Shipped
2024-06-22,Mona Zaki,test.a@web.net,Electronics,4983.0,5,24915.0,Completed
2024-06-03,Marwan Khaled,user1@mail.com,Electronics,2272.0,4,9088.0,Pending
2024-10-28,Ali Hassan,contact@service.org,Electronics,2863.0,8,22904.0,Pending
2024-03-15,Marwan Khaled,yomna.dev@email.com,Books,3471.0,6,20826.0,Refunded
2024-05-25,Marwan Khaled,info@market.eg,Office Supplies,2839.0,6,17034.0,Pending
2024-09-14,Layla Mohamed,m.zaki@mail.com,Books,1822.0,2,3644.0,Pending
2024-04-17,Huda Mansour,sales@hub.com,Books,3168.0,8,25344.0,Completed
2024-09-06,Mona Zaki,yomna.dev@email.com,Clothing,4358.0,5,21790.0,Pending
2024-09-01,Ali Hassan,contact@service.org,Groceries,3564.0,1,3564.0,Pending
2024-06-15,Sara Ahmed,yomna.dev@email.com,Clothing,2895.0,1,2895.0,Refunded
2024-04-09,Ahmed Ali,m.zaki@mail.com,Home Decor,1090.0,10,10900.0,Refunded
2024-01-21,Layla Mohamed,test.a@web.net,Electronics,3717.0,5,18585.0,Refunded
2024-03-06,Huda Mansour,sales@hub.com,Home Decor,184.0,3,552.0,Refunded
2024-08-14,Ahmed Ali,yomna.dev@email.com,Office Supplies,316.0,9,2844.0,Completed
2024-08-12,Huda Mansour,info@market.eg,Office Supplies,904.0,7,6328.0,Refunded
2024-06-25,Ali Hassan,yomna.dev@email.com,Office Supplies,4898.0,1,4898.0,Pending
2024-11-20,Omar Farouk,m.zaki@mail.com,Groceries,3111.0,3,9333.0,Pending
2024-07-02,Omar Farouk,sales@hub.com,Electronics,3451.0,9,31059.0,Pending
2024-03-07,Zainab Tarek,user1@mail.com,Books,4073.0,4,16292.0,Completed
2024-04-02,Yomna Soror,test.a@web.net,Office Supplies,754.0,10,7540.0,Refunded
2024-12-17,Yomna Soror,admin@tech.io,Clothing,2096.0,8,16768.0,Cancelled
2024-09-10,Marwan Khaled,user1@mail.com,Electronics,2398.0,10,23980.0,Shipped
2024-02-17,Huda Mansour,test.a@web.net,Groceries,4566.0,6,27396.0,Refunded
2024-08-11,Ali Hassan,sales@hub.com,Home Decor,3225.0,6,19350.0,Shipped
2024-03-02,Layla Mohamed,user1@mail.com,Clothing,586.0,2,1172.0,Shipped
2024-04-15,Zainab Tarek,info@market.eg,Groceries,3138.0,6,18828.0,Completed
2024-12-08,Yomna Soror,m.zaki@mail.com,Books,1878.0,10,18780.0,Cancelled
2024-11-05,Omar Farouk,yomna.dev@email.com,Books,4420.0,8,35360.0,Pending
2024-05-12,Yomna Soror,admin@tech.io,Office Supplies,1331.0,10,13310.0,Refunded
2024-09-07,Layla Mohamed,m.zaki@mail.com,Books,424.0,9,3816.0,Shipped
2024-06-12,Huda Mansour,test.a@web.net,Electronics,4469.0,8,35752.0,Completed
2024-03-13,Layla Mohamed,admin@tech.io,Clothing,132.0,9,1188.0,Shipped
2024-01-06,Ahmed Ali,user1@mail.com,Electronics,896.0,4,3584.0,Pending
2024-09-21,Ahmed Ali,test.a@web.net,Home Decor,3031.0,3,9093.0,Cancelled
2024-04-10,Ali Hassan,yomna.dev@email.com,Electronics,714.0,1,714.0,Shipped
2024-12-23,Ahmed Ali,m.zaki@mail.com,Groceries,515.0,4,2060.0,Cancelled
2024-04-03,Ali Hassan,sales@hub.com,Electronics,2544.0,1,2544.0,Cancelled
2024-12-11,Marwan Khaled,contact@service.org,Home Decor,2525.0,1,2525.0,Pending
2024-10-02,Zainab Tarek,test.a@web.net,Home Decor,2868.0,1,2868.0,Completed
2024-11-19,Marwan Khaled,,Books,3776.0,8,30208.0,Refunded
2024-06-28,Mona Zaki,test.a@web.net,Groceries,4462.0,2,8924.0,Completed
2024-02-14,Ali Hassan,user1@mail.com,Clothing,3417.0,5,17085.0,Pending
2024-12-10,Mona Zaki,sales@hub.com,Home Decor,2365.0,8,18920.0,Cancelled
2024-03-14,Ahmed Ali,sales@hub.com,Groceries,2267.0,3,6801.0,Cancelled
2024-08-05,Mona Zaki,admin@tech.io,Books,3899.0,3,11697.0,Refunded
2024-02-11,Ahmed Ali,contact@service.org,Home Decor,3301.0,2,6602.0,Refunded
2024-09-06,Huda Mansour,yomna.dev@email.com,Office Supplies,2631.0,10,26310.0,Pending
2024-02-08,Yomna Soror,m.zaki@mail.com,Office Supplies,647.0,2,1294.0,Refunded
2024-12-23,Mona Zaki,sales@hub.com,Books,494.0,8,3952.0,Refunded
2024-11-23,Ahmed Ali,contact@service.org,Home Decor,1698.0,8,13584.0,Completed
2024-11-19,Omar Farouk,admin@tech.io,Books,4123.0,8,32984.0,Shipped
2024-07-12,Marwan Khaled,sales@hub.com,Electronics,581.0,3,1743.0,Completed
2024-04-26,Mona Zaki,contact@service.org,Clothing,4007.0,1,4007.0,Pending
2024-11-08,Yomna Soror,sales@hub.com,Home Decor,4597.0,4,18388.0,Pending
2024-04-01,Sara Ahmed,user1@mail.com,Groceries,1357.0,4,5428.0,Shipped
2024-10-01,Mona Zaki,info@market.eg,Clothing,3338.0,7,23366.0,Cancelled
2024-08-01,Sara Ahmed,yomna.dev@email.com,Home Decor,609.0,4,2436.0,Refunded
2024-07-24,Sara Ahmed,info@market.eg,Books,1627.0,5,8135.0,Refunded
2024-06-18,Ali Hassan,yomna.dev@email.com,Clothing,2861.0,7,20027.0,Pending
2024-07-04,Layla Mohamed,admin@tech.io,Home Decor,226.0,3,678.0,Cancelled
2024-07-21,Marwan Khaled,yomna.dev@email.com,Groceries,4814.0,3,14442.0,Pending
2024-01-24,Omar Farouk,sales@hub.com,Office Supplies,4929.0,7,34503.0,Shipped
2024-04-22,Yomna Soror,yomna.dev@email.com,Electronics,2779.0,4,11116.0,Refunded
2024-01-28,Huda Mansour,user1@mail.com,Books,2620.0,7,18340.0,Pending
2024-07-12,Yomna Soror,contact@service.org,Books,4516.0,2,9032.0,Shipped
2024-10-13,Marwan Khaled,sales@hub.com,Clothing,1130.0,9,10170.0,Shipped
2024-11-04,Ali Hassan,info@market.eg,Clothing,1826.0,7,12782.0,Completed
2024-01-11,Mona Zaki,yomna.dev@email.com,Home Decor,1581.0,2,3162.0,Refunded
2024-02-16,Marwan Khaled,sales@hub.com,Clothing,1397.0,2,2794.0,Completed
2024-07-05,Mona Zaki,admin@tech.io,Electronics,2189.0,9,19701.0,Cancelled
2024-01-14,Marwan Khaled,user1@mail.com,Books,920.0,10,9200.0,Pending
2024-05-21,Omar Farouk,info@market.eg,Home Decor,4743.0,10,47430.0,Refunded
2024-12-09,Sara Ahmed,contact@service.org,Clothing,2887.0,4,11548.0,Shipped
2024-04-17,Ali Hassan,m.zaki@mail.com,Books,443.0,6,2658.0,Pending
2024-05-01,Omar Farouk,user1@mail.com,Electronics,4849.0,5,24245.0,Refunded
2024-08-02,Ali Hassan,yomna.dev@email.com,Office Supplies,1893.0,6,11358.0,Pending
2024-10-16,Ahmed Ali,test.a@web.net,Home Decor,3975.0,7,27825.0,Refunded
2024-03-20,Yomna Soror,yomna.dev@email.com,Books,90.0,7,630.0,Cancelled
2024-04-19,Sara Ahmed,test.a@web.net,Home Decor,1260.0,10,12600.0,Cancelled
2024-06-15,Ahmed Ali,info@market.eg,Books,2034.0,10,20340.0,Shipped
2024-05-06,Omar Farouk,m.zaki@mail.com,Groceries,2432.0,5,12160.0,Cancelled
2024-01-20,Mona Zaki,test.a@web.net,Clothing,1464.0,1,1464.0,Shipped
2024-04-24,Yomna Soror,test.a@web.net,Office Supplies,3073.0,9,27657.0,Pending
2024-06-08,Huda Mansour,sales@hub.com,Groceries,3005.0,1,3005.0,Cancelled
2024-06-20,Zainab Tarek,yomna.dev@email.com,Home Decor,4482.0,8,35856.0,Completed
2024-03-19,Omar Farouk,contact@service.org,Clothing,2884.0,6,17304.0,Cancelled
2024-12-08,Zainab Tarek,m.zaki@mail.com,Home Decor,4532.0,6,27192.0,Shipped
2024-04-19,Marwan Khaled,admin@tech.io,Home Decor,2026.0,9,18234.0,Refunded
2024-09-05,Marwan Khaled,sales@hub.com,Office Supplies,4273.0,9,38457.0,Pending
2024-08-16,Yomna Soror,test.a@web.net,Office Supplies,1332.0,1,1332.0,Pending
2024-08-10,Zainab Tarek,info@market.eg,Home Decor,4987.0,5,24935.0,Refunded
2024-08-02,Ali Hassan,user1@mail.com,Books,1730.0,7,12110.0,Cancelled
2024-08-14,Marwan Khaled,test.a@web.net,Home Decor,4064.0,5,20320.0,Shipped
2024-01-01,Layla Mohamed,admin@tech.io,Office Supplies,4657.0,2,9314.0,Cancelled
2024-02-21,Mona Zaki,admin@tech.io,Home Decor,2583.0,9,23247.0,Completed
2024-06-14,Sara Ahmed,admin@tech.io,Electronics,110.0,8,880.0,Shipped
2024-04-20,Marwan Khaled,contact@service.org,Office Supplies,4789.0,8,38312.0,Pending
2024-11-28,Ahmed Ali,info@market.eg,Electronics,4983.0,6,29898.0,Completed
2024-11-19,Zainab Tarek,test.a@web.net,Office Supplies,2526.0,10,25260.0,Completed
2024-09-13,Mona Zaki,m.zaki@mail.com,Groceries,3236.0,3,9708.0,Pending
2024-08-11,Omar Farouk,sales@hub.com,Books,2755.0,2,5510.0,Shipped
2024-05-18,Sara Ahmed,yomna.dev@email.com,Groceries,941.0,3,2823.0,Cancelled
2024-01-08,Ali Hassan,m.zaki@mail.com,Clothing,2768.0,5,13840.0,Pending
2024-07-24,Sara Ahmed,yomna.dev@email.com,Groceries,3014.0,9,27126.0,Cancelled
2024-03-24,Huda Mansour,admin@tech.io,Home Decor,4871.0,7,34097.0,Completed
2024-09-10,Sara Ahmed,test.a@web.net,Groceries,3922.0,3,11766.0,Pending
2024-04-06,Ahmed Ali,sales@hub.com,Books,4267.0,3,12801.0,Pending
2024-12-11,Zainab Tarek,yomna.dev@email.com,Home Decor,546.0,5,2730.0,Refunded
2024-01-21,Layla Mohamed,yomna.dev@email.com,Office Supplies,1644.0,2,3288.0,Pending
2024-04-01,Ahmed Ali,yomna.dev@email.com,Electronics,1467.0,2,2934.0,Cancelled
2024-10-02,Ali Hassan,test.a@web.net,Books,4947.0,7,34629.0,Refunded
2024-05-03,Mona Zaki,,Home Decor,616.0,2,1232.0,Shipped
2024-03-01,Ali Hassan,contact@service.org,Electronics,1894.0,2,3788.0,Pending
2024-04-24,Ali Hassan,test.a@web.net,Books,1735.0,6,10410.0,Completed
2024-12-05,Ahmed Ali,test.a@web.net,Groceries,1208.0,6,7248.0,Refunded
2024-02-17,Marwan Khaled,info@market.eg,Groceries,330.0,3,990.0,Shipped
2024-12-10,Ali Hassan,user1@mail.com,Electronics,2773.0,4,11092.0,Completed
2024-08-04,Zainab Tarek,info@market.eg,Electronics,660.0,2,1320.0,Cancelled
2024-05-24,Layla Mohamed,m.zaki@mail.com,Clothing,4133.0,5,20665.0,Pending
2024-03-05,Marwan Khaled,admin@tech.io,Office Supplies,1387.0,2,2774.0,Cancelled
2024-06-08,Marwan Khaled,info@market.eg,Office Supplies,3532.0,8,28256.0,Pending
2024-06-11,Ahmed Ali,m.zaki@mail.com,Books,2195.0,2,4390.0,Refunded
2024-08-16,Yomna Soror,admin@tech.io,Books,4652.0,1,4652.0,Completed
2024-05-26,Marwan Khaled,contact@service.org,Home Decor,3075.0,3,9225.0,Refunded
2024-08-02,Ali Hassan,test.a@web.net,Groceries,2593.0,3,7779.0,Completed
2024-06-09,Yomna Soror,test.a@web.net,Books,3508.0,10,35080.0,Pending
2024-06-19,Marwan Khaled,m.zaki@mail.com,Clothing,2005.0,3,6015.0,Refunded
2024-02-28,Huda Mansour,m.zaki@mail.com,Office Supplies,1606.0,8,12848.0,Cancelled
2024-04-26,Marwan Khaled,sales@hub.com,Electronics,2835.0,1,2835.0,Cancelled
2024-01-01,Marwan Khaled,user1@mail.com,Office Supplies,1326.0,2,2652.0,Shipped
2024-10-24,Ali Hassan,admin@tech.io,Groceries,2754.0,8,22032.0,Pending
2024-04-11,Layla Mohamed,user1@mail.com,Electronics,971.0,3,2913.0,Refunded
2024-10-24,Omar Farouk,info@market.eg,Office Supplies,4852.0,8,38816.0,Refunded
2024-03-02,Ahmed Ali,sales@hub.com,Groceries,2757.0,4,11028.0,Cancelled
2024-04-19,Sara Ahmed,m.zaki@mail.com,Books,2050.0,7,14350.0,Cancelled
2024-02-05,Sara Ahmed,admin@tech.io,Clothing,3730.0,8,29840.0,Completed
2024-09-26,Ali Hassan,admin@tech.io,Clothing,1354.0,1,1354.0,Refunded
2024-07-22,Zainab Tarek,sales@hub.com,Electronics,1290.0,5,6450.0,Completed
2024-06-20,Ali Hassan,yomna.dev@email.com,Clothing,3674.0,10,36740.0,Completed
2024-11-13,Sara Ahmed,contact@service.org,Home Decor,4460.0,8,35680.0,Pending
2024-03-03,Layla Mohamed,admin@tech.io,Home Decor,2972.0,10,29720.0,Pending
2024-01-04,Huda Mansour,sales@hub.com,Home Decor,161.0,9,1449.0,Cancelled
2024-09-23,Marwan Khaled,test.a@web.net,Office Supplies,1723.0,3,5169.0,Pending
2024-07-12,Zainab Tarek,sales@hub.com,Electronics,3241.0,6,19446.0,Shipped
2024-03-22,Layla Mohamed,m.zaki@mail.com,Electronics,660.0,6,3960.0,Refunded
2024-08-20,Ahmed Ali,m.zaki@mail.com,Clothing,898.0,10,8980.0,Cancelled
2024-06-15,Yomna Soror,sales@hub.com,Books,4726.0,1,4726.0,Cancelled
2024-08-02,Layla Mohamed,admin@tech.io,Home Decor,711.0,1,711.0,Cancelled
2024-03-26,Layla Mohamed,test.a@web.net,Books,2316.0,5,11580.0,Shipped
2024-05-02,Sara Ahmed,user1@mail.com,Home Decor,3573.0,2,7146.0,Cancelled
2024-02-26,Zainab Tarek,m.zaki@mail.com,Books,1025.0,3,3075.0,Cancelled
2024-12-26,Yomna Soror,yomna.dev@email.com,Books,239.0,9,2151.0,Refunded
2024-11-17,Ahmed Ali,sales@hub.com,Groceries,249.0,7,1743.0,Refunded
2024-08-07,Layla Mohamed,yomna.dev@email.com,Office Supplies,2514.0,10,25140.0,Cancelled
2024-03-18,Huda Mansour,yomna.dev@email.com,Office Supplies,3738.0,7,26166.0,Pending
2024-03-08,Omar Farouk,test.a@web.net,Books,2505.0,8,20040.0,Cancelled
2024-08-18,Omar Farouk,yomna.dev@email.com,Office Supplies,479.0,8,3832.0,Pending
2024-04-09,Mona Zaki,info@market.eg,Clothing,4737.0,6,28422.0,Cancelled
2024-11-04,Sara Ahmed,sales@hub.com,Office Supplies,2847.0,8,22776.0,Pending
2024-11-12,Ali Hassan,contact@service.org,Home Decor,1799.0,5,8995.0,Shipped
2024-03-16,Omar Farouk,admin@tech.io,Books,4228.0,1,4228.0,Completed
2024-10-19,Zainab Tarek,test.a@web.net,Groceries,1059.0,2,2118.0,Completed
2024-09-20,Omar Farouk,yomna.dev@email.com,Electronics,4788.0,2,9576.0,Pending
2024-06-16,Sara Ahmed,yomna.dev@email.com,Books,3899.0,1,3899.0,Pending
2024-04-26,Layla Mohamed,yomna.dev@email.com,Office Supplies,2186.0,10,21860.0,Refunded
2024-11-26,Huda Mansour,info@market.eg,Groceries,1744.0,3,5232.0,Completed
2024-11-17,Yomna Soror,m.zaki@mail.com,Clothing,347.0,8,2776.0,Refunded
2024-02-02,Mona Zaki,test.a@web.net,Home Decor,4275.0,8,34200.0,Completed
2024-11-14,Layla Mohamed,admin@tech.io,Clothing,1110.0,9,9990.0,Completed
2024-05-18,Omar Farouk,test.a@web.net,Books,2225.0,6,13350.0,Pending
2024-04-07,Marwan Khaled,contact@service.org,Home Decor,3570.0,6,21420.0,Shipped
2024-07-11,Marwan Khaled,info@market.eg,Books,4160.0,7,29120.0,Pending
2024-08-18,Yomna Soror,contact@service.org,Clothing,919.0,1,919.0,Pending
2024-06-03,Mona Zaki,info@market.eg,Electronics,511.0,7,3577.0,Shipped
2024-05-02,Layla Mohamed,contact@service.org,Clothing,3549.0,5,17745.0,Refunded
2024-06-01,Ali Hassan,admin@tech.io,Groceries,2945.0,5,14725.0,Refunded
2024-08-12,Huda Mansour,test.a@web.net,Clothing,3586.0,9,32274.0,Completed
2024-08-26,Ahmed Ali,yomna.dev@email.com,Groceries,3294.0,9,29646.0,Refunded
2024-12-24,Ahmed Ali,test.a@web.net,Books,4952.0,7,34664.0,Shipped
2024-04-06,Ahmed Ali,contact@service.org,Clothing,4606.0,5,23030.0,Refunded
2024-07-07,Yomna Soror,user1@mail.com,Groceries,2520.0,10,25200.0,Cancelled
2024-05-11,Mona Zaki,admin@tech.io,Books,388.0,6,2328.0,Cancelled
2024-03-17,Ahmed Ali,m.zaki@mail.com,Electronics,3443.0,2,6886.0,Refunded
2024-12-28,Huda Mansour,user1@mail.com,Office Supplies,2010.0,2,4020.0,Refunded
2024-02-14,Huda Mansour,contact@service.org,Electronics,4033.0,3,12099.0,Shipped
2024-10-07,Zainab Tarek,sales@hub.com,Groceries,3459.0,3,10377.0,Cancelled
2024-01-09,Ali Hassan,info@market.eg,Office Supplies,3913.0,2,7826.0,Cancelled
2024-12-15,Layla Mohamed,admin@tech.io,Office Supplies,3775.0,9,33975.0,Cancelled
2024-01-03,Omar Farouk,yomna.dev@email.com,Clothing,220.0,1,220.0,Refunded
2024-11-21,Yomna Soror,m.zaki@mail.com,Books,1013.0,3,3039.0,Cancelled
2024-04-23,Omar Farouk,m.zaki@mail.com,Home Decor,542.0,7,3794.0,Cancelled
2024-02-23,Yomna Soror,sales@hub.com,Home Decor,3303.0,5,16515.0,Pending
2024-05-19,Ali Hassan,contact@service.org,Clothing,4067.0,9,36603.0,Cancelled
2024-07-06,Yomna Soror,contact@service.org,Electronics,496.0,9,4464.0,Shipped
2024-06-21,Yomna Soror,user1@mail.com,Clothing,1148.0,9,10332.0,Refunded
2024-04-03,Mona Zaki,yomna.dev@email.com,Clothing,4862.0,10,48620.0,Completed
2024-01-12,Ali Hassan,user1@mail.com,Home Decor,1742.0,10,17420.0,Cancelled
2024-06-18,Zainab Tarek,user1@mail.com,Electronics,3591.0,5,17955.0,Pending
2024-10-28,Zainab Tarek,info@market.eg,Books,2318.0,8,18544.0,Refunded
2024-08-26,Ahmed Ali,sales@hub.com,Clothing,805.0,3,2415.0,Shipped
2024-03-14,Yomna Soror,m.zaki@mail.com,Groceries,3162.0,6,18972.0,Shipped
2024-04-03,Ahmed Ali,sales@hub.com,Home Decor,1955.0,3,5865.0,Shipped
2024-11-24,Omar Farouk,m.zaki@mail.com,Clothing,1825.0,9,16425.0,Cancelled
2024-09-12,Huda Mansour,user1@mail.com,Clothing,713.0,7,4991.0,Shipped
2024-11-01,Ali Hassan,contact@service.org,Groceries,3661.0,7,25627.0,Completed
2024-04-01,Mona Zaki,info@market.eg,Office Supplies,4201.0,2,8402.0,Shipped
2024-10-21,Zainab Tarek,admin@tech.io,Home Decor,4034.0,8,32272.0,Completed
2024-09-14,Marwan Khaled,admin@tech.io,Electronics,2502.0,3,7506.0,Pending
2024-12-22,Sara Ahmed,admin@tech.io,Groceries,1983.0,5,9915.0,Cancelled
2024-06-20,Omar Farouk,admin@tech.io,Home Decor,1865.0,7,13055.0,Refunded
2024-04-07,Mona Zaki,m.zaki@mail.com,Groceries,2921.0,1,2921.0,Pending
2024-12-04,Mona Zaki,yomna.dev@email.com,Books,1878.0,3,5634.0,Pending
2024-04-04,Ali Hassan,yomna.dev@email.com,Groceries,1747.0,3,5241.0,Cancelled
2024-02-11,Layla Mohamed,user1@mail.com,Groceries,1640.0,2,3280.0,Refunded
2024-04-01,Ahmed Ali,info@market.eg,Office Supplies,3430.0,10,34300.0,Shipped
2024-12-09,Mona Zaki,admin@tech.io,Home Decor,4225.0,10,42250.0,Cancelled
2024-05-16,Zainab Tarek,info@market.eg,Books,719.0,3,2157.0,Refunded
2024-08-09,Yomna Soror,contact@service.org,Groceries,1367.0,1,1367.0,Refunded
2024-01-23,Ahmed Ali,m.zaki@mail.com,Groceries,2340.0,1,2340.0,Pending
2024-05-02,Layla Mohamed,yomna.dev@email.com,Electronics,3921.0,4,15684.0,Pending
2024-08-10,Marwan Khaled,contact@service.org,Home Decor,2051.0,8,16408.0,Refunded
2024-08-05,Sara Ahmed,info@market.eg,Clothing,3516.0,7,24612.0,Refunded
2024-05-10,Layla Mohamed,test.a@web.net,Books,394.0,2,788.0,Cancelled
2024-06-13,Sara Ahmed,info@market.eg,Books,1884.0,2,3768.0,Refunded
2024-08-22,Ahmed Ali,yomna.dev@email.com,Books,2535.0,5,12675.0,Refunded
2024-10-16,Omar Farouk,info@market.eg,Electronics,135.0,9,1215.0,Refunded
2024-05-05,Marwan Khaled,sales@hub.com,Home Decor,4232.0,3,12696.0,Pending
2024-03-18,Ali Hassan,admin@tech.io,Home Decor,3835.0,7,26845.0,Refunded
2024-11-18,Marwan Khaled,test.a@web.net,Groceries,88.0,2,176.0,Refunded
2024-04-22,Ali Hassan,sales@hub.com,Groceries,660.0,1,660.0,Refunded
2024-03-12,Yomna Soror,info@market.eg,Office Supplies,110.0,10,1100.0,Refunded
2024-06-21,Omar Farouk,m.zaki@mail.com,Electronics,2422.0,2,4844.0,Pending
2024-12-19,Zainab Tarek,admin@tech.io,Home Decor,1880.0,10,18800.0,Shipped
2024-03-07,Ali Hassan,m.zaki@mail.com,Home Decor,4979.0,3,14937.0,Cancelled
2024-09-03,Mona Zaki,m.zaki@mail.com,Clothing,2202.0,8,17616.0,Cancelled
2024-10-03,Yomna Soror,admin@tech.io,Books,3588.0,3,10764.0,Cancelled
2024-09-26,Mona Zaki,contact@service.org,Electronics,352.0,8,2816.0,Shipped
2024-03-20,Zainab Tarek,admin@tech.io,Clothing,4844.0,4,19376.0,Cancelled
2024-07-23,Ali Hassan,sales@hub.com,Electronics,2307.0,4,9228.0,Cancelled
2024-02-08,Ahmed Ali,user1@mail.com,Office Supplies,3141.0,5,15705.0,Refunded
2024-11-19,Ali Hassan,info@market.eg,Electronics,4896.0,1,4896.0,Cancelled
2024-09-19,Layla Mohamed,yomna.dev@email.com,Books,4016.0,9,36144.0,Refunded
2024-12-19,Layla Mohamed,yomna.dev@email.com,Books,3151.0,8,25208.0,Shipped
2024-03-03,Omar Farouk,contact@service.org,Clothing,3827.0,8,30616.0,Shipped
2024-06-21,Ahmed Ali,admin@tech.io,Electronics,445.0,7,3115.0,Shipped
2024-05-25,Ali Hassan,user1@mail.com,Home Decor,387.0,10,3870.0,Refunded
2024-06-23,Zainab Tarek,info@market.eg,Office Supplies,643.0,3,1929.0,Pending
2024-03-22,Ali Hassan,yomna.dev@email.com,Groceries,3212.0,7,22484.0,Completed
2024-03-07,Ali Hassan,info@market.eg,Books,2077.0,9,18693.0,Pending
2024-06-04,Marwan Khaled,user1@mail.com,Groceries,2012.0,8,16096.0,Pending
2024-04-25,Marwan Khaled,test.a@web.net,Office Supplies,4194.0,6,25164.0,Cancelled
2024-01-28,Layla Mohamed,admin@tech.io,Clothing,2283.0,2,4566.0,Refunded
2024-07-23,Yomna Soror,yomna.dev@email.com,Home Decor,2864.0,7,20048.0,Cancelled
2024-10-07,Ali Hassan,yomna.dev@email.com,Groceries,555.0,9,4995.0,Cancelled
2024-10-09,Ahmed Ali,admin@tech.io,Clothing,2860.0,5,14300.0,Pending
2024-11-25,Omar Farouk,info@market.eg,Electronics,161.0,6,966.0,Completed
2024-02-26,Layla Mohamed,m.zaki@mail.com,Books,3988.0,1,3988.0,Refunded
2024-11-25,Mona Zaki,sales@hub.com,Home Decor,2867.0,1,2867.0,Pending
2024-06-15,Zainab Tarek,test.a@web.net,Office Supplies,3676.0,9,33084.0,Cancelled
2024-10-18,Huda Mansour,admin@tech.io,Office Supplies,1193.0,9,10737.0,Shipped
2024-03-17,Zainab Tarek,user1@mail.com,Groceries,2402.0,8,19216.0,Shipped
2024-12-03,Layla Mohamed,yomna.dev@email.com,Home Decor,4343.0,1,4343.0,Pending
2024-11-13,Marwan Khaled,info@market.eg,Clothing,247.0,6,1482.0,Pending
2024-06-04,Huda Mansour,test.a@web.net,Electronics,2296.0,5,11480.0,Pending
2024-06-05,Huda Mansour,yomna.dev@email.com,Groceries,1858.0,5,9290.0,Refunded
2024-06-17,Sara Ahmed,contact@service.org,Clothing,4633.0,4,18532.0,Pending
2024-09-18,Ahmed Ali,user1@mail.com,Books,4800.0,10,48000.0,Shipped
2024-03-03,Mona Zaki,sales@hub.com,Clothing,4006.0,1,4006.0,Pending
2024-03-21,Yomna Soror,contact@service.org,Office Supplies,219.0,9,1971.0,Shipped
2024-11-28,Ali Hassan,contact@service.org,Electronics,3968.0,4,15872.0,Shipped
2024-07-20,Yomna Soror,info@market.eg,Electronics,485.0,4,1940.0,Completed
2024-01-03,Mona Zaki,yomna.dev@email.com,Groceries,3471.0,10,34710.0,Pending
2024-11-21,Ali Hassan,user1@mail.com,Home Decor,3531.0,4,14124.0,Cancelled
2024-03-16,Ali Hassan,m.zaki@mail.com,Clothing,4177.0,4,16708.0,Shipped
2024-04-21,Huda Mansour,yomna.dev@email.com,Office Supplies,794.0,9,7146.0,Pending
2024-01-26,Marwan Khaled,test.a@web.net,Books,4627.0,6,27762.0,Shipped
2024-09-26,Sara Ahmed,test.a@web.net,Office Supplies,1093.0,1,1093.0,Shipped
2024-04-06,Zainab Tarek,yomna.dev@email.com,Clothing,2561.0,8,20488.0,Cancelled
2024-08-12,Mona Zaki,info@market.eg,Office Supplies,4022.0,10,40220.0,Pending
2024-04-25,Mona Zaki,sales@hub.com,Groceries,2768.0,1,2768.0,Refunded
2024-12-04,Sara Ahmed,yomna.dev@email.com,Home Decor,2663.0,10,26630.0,Cancelled
2024-09-06,Yomna Soror,user1@mail.com,Office Supplies,3827.0,6,22962.0,Shipped
2024-01-25,Marwan Khaled,info@market.eg,Home Decor,963.0,1,963.0,Pending
2024-11-04,Zainab Tarek,info@market.eg,Home Decor,621.0,7,4347.0,Completed
2024-10-19,Omar Farouk,contact@service.org,Office Supplies,2787.0,7,19509.0,Completed
2024-11-25,Mona Zaki,m.zaki@mail.com,Home Decor,4910.0,6,29460.0,Refunded
2024-12-10,Zainab Tarek,sales@hub.com,Groceries,4288.0,5,21440.0,Refunded
2024-10-14,Marwan Khaled,info@market.eg,Home Decor,1408.0,10,14080.0,Shipped
2024-10-18,Ali Hassan,m.zaki@mail.com,Groceries,1706.0,9,15354.0,Cancelled
2024-06-06,Mona Zaki,yomna.dev@email.com,Groceries,1819.0,6,10914.0,Completed
2024-09-27,Ali Hassan,yomna.dev@email.com,Home Decor,4321.0,7,30247.0,Completed
2024-03-13,Marwan Khaled,test.a@web.net,Books,4794.0,6,28764.0,Completed
2024-04-07,Mona Zaki,sales@hub.com,Home Decor,1373.0,2,2746.0,Cancelled
2024-09-19,Zainab Tarek,sales@hub.com,Clothing,2651.0,4,10604.0,Shipped
2024-07-21,Marwan Khaled,sales@hub.com,Groceries,2239.0,6,13434.0,Pending
2024-03-09,Yomna Soror,test.a@web.net,Home Decor,2754.0,3,8262.0,Completed
2024-05-26,Layla Mohamed,info@market.eg,Electronics,3896.0,7,27272.0,Cancelled
2024-02-26,Yomna Soror,sales@hub.com,Clothing,1136.0,2,2272.0,Cancelled
2024-08-06,Marwan Khaled,admin@tech.io,Groceries,2323.0,5,11615.0,Refunded
2024-01-13,Mona Zaki,yomna.dev@email.com,Home Decor,4997.0,1,4997.0,Shipped
2024-01-06,Yomna Soror,contact@service.org,Office Supplies,1513.0,5,7565.0,Cancelled
2024-10-10,Huda Mansour,m.zaki@mail.com,Groceries,2912.0,4,11648.0,Cancelled
2024-06-28,Huda Mansour,yomna.dev@email.com,Clothing,1654.0,3,4962.0,Completed
2024-02-04,Yomna Soror,user1@mail.com,Office Supplies,4087.0,3,12261.0,Pending
2024-11-05,Ali Hassan,test.a@web.net,Books,4786.0,9,43074.0,Refunded
2024-03-02,Zainab Tarek,admin@tech.io,Groceries,2251.0,9,20259.0,Shipped
2024-12-19,Omar Farouk,info@market.eg,Home Decor,1912.0,5,9560.0,Shipped
2024-03-25,Huda Mansour,contact@service.org,Books,2756.0,5,13780.0,Refunded
2024-02-12,Ali Hassan,admin@tech.io,Clothing,2342.0,5,11710.0,Completed
2024-02-14,Ahmed Ali,sales@hub.com,Clothing,1820.0,9,16380.0,Cancelled
2024-07-01,Sara Ahmed,user1@mail.com,Office Supplies,1493.0,3,4479.0,Completed
2024-07-15,Mona Zaki,contact@service.org,Office Supplies,3425.0,2,6850.0,Refunded
2024-11-16,Sara Ahmed,sales@hub.com,Office Supplies,3999.0,5,19995.0,Cancelled
2024-06-09,Sara Ahmed,m.zaki@mail.com,Clothing,75.0,10,750.0,Completed
2024-12-12,Omar Farouk,user1@mail.com,Office Supplies,771.0,2,1542.0,Pending
2024-10-08,Ahmed Ali,user1@mail.com,Office Supplies,1950.0,6,11700.0,Cancelled
2024-04-05,Sara Ahmed,admin@tech.io,Electronics,3963.0,8,31704.0,Completed
2024-07-23,Marwan Khaled,admin@tech.io,Clothing,3099.0,6,18594.0,Completed
2024-09-26,Zainab Tarek,test.a@web.net,Home Decor,1136.0,9,10224.0,Shipped
2024-06-13,Layla Mohamed,user1@mail.com,Home Decor,4282.0,4,17128.0,Refunded
2024-12-06,Ahmed Ali,info@market.eg,Office Supplies,1727.0,3,5181.0,Shipped
2024-01-28,Sara Ahmed,admin@tech.io,Home Decor,2764.0,3,8292.0,Pending
2024-09-14,Ahmed Ali,sales@hub.com,Books,744.0,7,5208.0,Refunded
2024-12-09,Ahmed Ali,sales@hub.com,Groceries,2579.0,7,18053.0,Shipped
2024-08-24,Sara Ahmed,info@market.eg,Clothing,3912.0,2,7824.0,Shipped
2024-04-28,Huda Mansour,m.zaki@mail.com,Electronics,783.0,2,1566.0,Cancelled
2024-03-22,Omar Farouk,sales@hub.com,Clothing,3732.0,5,18660.0,Completed
2024-05-26,Ali Hassan,yomna.dev@email.com,Office Supplies,1941.0,8,15528.0,Pending
2024-03-03,Mona Zaki,sales@hub.com,Home Decor,1859.0,7,13013.0,Cancelled
2024-03-20,Ali Hassan,m.zaki@mail.com,Home Decor,1543.0,3,4629.0,Shipped
2024-02-24,Omar Farouk,admin@tech.io,Groceries,3666.0,6,21996.0,Pending
2024-01-28,Zainab Tarek,test.a@web.net,Books,1470.0,1,1470.0,Shipped
2024-05-11,Omar Farouk,info@market.eg,Books,1848.0,5,9240.0,Completed
2024-09-09,Zainab Tarek,test.a@web.net,Office Supplies,4096.0,5,20480.0,Pending
2024-08-14,Yomna Soror,contact@service.org,Books,4361.0,4,17444.0,Shipped
2024-03-16,Ahmed Ali,m.zaki@mail.com,Home Decor,1144.0,9,10296.0,Completed
2024-04-26,Ahmed Ali,info@market.eg,Electronics,2406.0,10,24060.0,Completed
2024-05-14,Yomna Soror,contact@service.org,Home Decor,4203.0,3,12609.0,Refunded
2024-09-26,Ali Hassan,user1@mail.com,Office Supplies,145.0,4,580.0,Cancelled
2024-08-22,Ahmed Ali,yomna.dev@email.com,Office Supplies,2442.0,1,2442.0,Refunded
2024-05-07,Zainab Tarek,user1@mail.com,Books,2058.0,4,8232.0,Shipped
2024-06-23,Ahmed Ali,info@market.eg,Books,3715.0,7,26005.0,Cancelled
2024-09-02,Omar Farouk,m.zaki@mail.com,Office Supplies,2212.0,10,22120.0,Refunded
2024-01-01,Zainab Tarek,yomna.dev@email.com,Clothing,2233.0,5,11165.0,Cancelled
2024-01-04,Huda Mansour,m.zaki@mail.com,Groceries,522.0,1,522.0,Refunded
2024-02-12,Ahmed Ali,yomna.dev@email.com,Books,3853.0,5,19265.0,Pending
2024-06-03,Mona Zaki,yomna.dev@email.com,Clothing,841.0,9,7569.0,Completed
2024-05-13,Omar Farouk,m.zaki@mail.com,Books,892.0,10,8920.0,Cancelled
2024-05-04,Huda Mansour,admin@tech.io,Electronics,2471.0,4,9884.0,Refunded
2024-11-09,Huda Mansour,m.zaki@mail.com,Groceries,1463.0,3,4389.0,Pending
2024-03-14,Marwan Khaled,yomna.dev@email.com,Office Supplies,4134.0,3,12402.0,Cancelled
2024-07-05,Layla Mohamed,m.zaki@mail.com,Electronics,378.0,5,1890.0,Pending
2024-01-01,Ali Hassan,yomna.dev@email.com,Books,1219.0,8,9752.0,Shipped
2024-11-25,Ahmed Ali,info@market.eg,Office Supplies,2244.0,1,2244.0,Completed
2024-06-25,Omar Farouk,sales@hub.com,Books,1008.0,8,8064.0,Completed
2024-10-13,Ali Hassan,admin@tech.io,Groceries,4507.0,7,31549.0,Cancelled
2024-09-17,Omar Farouk,user1@mail.com,Clothing,3945.0,6,23670.0,Completed
2024-12-15,Huda Mansour,contact@service.org,Electronics,2434.0,5,12170.0,Completed
2024-11-22,Ali Hassan,admin@tech.io,Clothing,411.0,4,1644.0,Pending
2024-06-01,Zainab Tarek,admin@tech.io,Clothing,4938.0,5,24690.0,Completed
2024-02-14,Marwan Khaled,m.zaki@mail.com,Groceries,1393.0,1,1393.0,Completed
2024-02-10,Sara Ahmed,m.zaki@mail.com,Books,4108.0,10,41080.0,Pending
2024-04-01,Omar Farouk,user1@mail.com,Office Supplies,2127.0,8,17016.0,Refunded
2024-06-26,Zainab Tarek,test.a@web.net,Home Decor,1195.0,1,1195.0,Completed
2024-12-13,Zainab Tarek,m.zaki@mail.com,Books,1964.0,4,7856.0,Shipped
2024-08-26,Zainab Tarek,test.a@web.net,Groceries,1834.0,3,5502.0,Pending
2024-01-01,Marwan Khaled,user1@mail.com,Home Decor,3535.0,6,21210.0,Shipped
2024-09-19,Mona Zaki,contact@service.org,Electronics,3895.0,1,3895.0,Cancelled
2024-01-09,Omar Farouk,sales@hub.com,Electronics,4615.0,4,18460.0,Refunded
2024-01-01,Omar Farouk,yomna.dev@email.com,Books,4734.0,4,18936.0,Pending
2024-01-16,Zainab Tarek,sales@hub.com,Office Supplies,4970.0,1,4970.0,Cancelled
2024-12-05,Layla Mohamed,yomna.dev@email.com,Office Supplies,2074.0,2,4148.0,Completed
2024-12-21,Zainab Tarek,contact@service.org,Office Supplies,4846.0,4,19384.0,Cancelled
2024-12-28,Ali Hassan,m.zaki@mail.com,Electronics,2691.0,6,16146.0,Completed
2024-03-27,Huda Mansour,info@market.eg,Groceries,533.0,6,3198.0,Cancelled
2024-06-23,Ahmed Ali,user1@mail.com,Office Supplies,1083.0,8,8664.0,Completed
2024-11-02,Ahmed Ali,sales@hub.com,Clothing,4862.0,1,4862.0,Refunded
2024-12-19,Sara Ahmed,contact@service.org,Office Supplies,573.0,7,4011.0,Refunded
2024-06-17,Huda Mansour,sales@hub.com,Groceries,3203.0,1,3203.0,Cancelled
2024-07-12,Sara Ahmed,contact@service.org,Clothing,4532.0,10,45320.0,Pending
2024-10-01,Ahmed Ali,info@market.eg,Groceries,539.0,3,1617.0,Cancelled
2024-09-17,Zainab Tarek,info@market.eg,Home Decor,635.0,8,5080.0,Pending
2024-10-27,Yomna Soror,admin@tech.io,Books,4115.0,2,8230.0,Cancelled
2024-05-27,Huda Mansour,test.a@web.net,Office Supplies,2068.0,2,4136.0,Shipped
2024-09-27,Ahmed Ali,m.zaki@mail.com,Electronics,190.0,2,380.0,Completed
2024-10-09,Layla Mohamed,test.a@web.net,Electronics,1633.0,3,4899.0,Completed
2024-06-15,Sara Ahmed,user1@mail.com,Electronics,4578.0,6,27468.0,Shipped
2024-09-02,Ahmed Ali,user1@mail.com,Home Decor,808.0,8,6464.0,Cancelled
2024-05-12,Marwan Khaled,sales@hub.com,Groceries,4436.0,8,35488.0,Pending
2024-08-10,Ali Hassan,info@market.eg,Groceries,593.0,8,4744.0,Pending
2024-08-22,Mona Zaki,sales@hub.com,Clothing,2947.0,7,20629.0,Cancelled
2024-10-02,Omar Farouk,contact@service.org,Office Supplies,2587.0,7,18109.0,Shipped
2024-09-26,Layla Mohamed,yomna.dev@email.com,Office Supplies,401.0,2,802.0,Pending
2024-03-16,Layla Mohamed,info@market.eg,Electronics,4499.0,7,31493.0,Cancelled
2024-09-19,Ali Hassan,test.a@web.net,Clothing,2232.0,6,13392.0,Refunded
2024-06-15,Marwan Khaled,test.a@web.net,Groceries,4298.0,6,25788.0,Refunded
2024-11-15,Mona Zaki,yomna.dev@email.com,Office Supplies,4426.0,2,8852.0,Shipped
2024-12-08,Yomna Soror,contact@service.org,Home Decor,4279.0,1,4279.0,Cancelled
2024-10-04,Omar Farouk,user1@mail.com,Office Supplies,4425.0,2,8850.0,Shipped
2024-06-22,Ali Hassan,user1@mail.com,Clothing,4132.0,7,28924.0,Pending
2024-07-14,Sara Ahmed,user1@mail.com,Groceries,1190.0,2,2380.0,Shipped
2024-07-12,Sara Ahmed,admin@tech.io,Electronics,626.0,7,4382.0,Cancelled
2024-09-01,Marwan Khaled,contact@service.org,Office Supplies,2515.0,5,12575.0,Completed
2024-06-07,Omar Farouk,sales@hub.com,Office Supplies,3839.0,7,26873.0,Pending
2024-01-02,Ali Hassan,contact@service.org,Books,1435.0,9,12915.0,Shipped
2024-12-23,Mona Zaki,m.zaki@mail.com,Clothing,4116.0,8,32928.0,Pending
2024-08-27,Ahmed Ali,contact@service.org,Home Decor,3361.0,6,20166.0,Shipped
2024-05-05,Omar Farouk,yomna.dev@email.com,Office Supplies,3264.0,3,9792.0,Shipped
2024-08-28,Marwan Khaled,user1@mail.com,Books,1257.0,1,1257.0,Refunded
2024-10-24,Sara Ahmed,admin@tech.io,Books,4247.0,7,29729.0,Pending
2024-11-02,Omar Farouk,user1@mail.com,Electronics,2988.0,7,20916.0,Refunded
2024-08-12,Mona Zaki,test.a@web.net,Electronics,289.0,1,289.0,Cancelled
2024-01-12,Yomna Soror,yomna.dev@email.com,Books,100.0,9,900.0,Cancelled
2024-12-16,Zainab Tarek,yomna.dev@email.com,Books,1983.0,6,11898.0,Completed
2024-12-07,Layla Mohamed,yomna.dev@email.com,Office Supplies,1541.0,2,3082.0,Pending
2024-06-15,Layla Mohamed,admin@tech.io,Books,383.0,4,1532.0,Pending
2024-04-13,Ali Hassan,info@market.eg,Electronics,2113.0,5,10565.0,Refunded
2024-08-02,Omar Farouk,sales@hub.com,Books,1743.0,7,12201.0,Pending
2024-07-11,Sara Ahmed,info@market.eg,Office Supplies,1742.0,1,1742.0,Shipped
2024-01-20,Omar Farouk,m.zaki@mail.com,Electronics,2320.0,10,23200.0,Refunded
2024-01-01,Yomna Soror,admin@tech.io,Home Decor,1599.0,3,4797.0,Refunded
2024-06-12,Mona Zaki,info@market.eg,Groceries,2671.0,3,8013.0,Completed
2024-12-16,Zainab Tarek,sales@hub.com,Groceries,2351.0,4,9404.0,Shipped
2024-07-24,Layla Mohamed,user1@mail.com,Electronics,1706.0,2,3412.0,Shipped
2024-09-15,Yomna Soror,test.a@web.net,Clothing,4159.0,7,29113.0,Cancelled
2024-03-19,Yomna Soror,test.a@web.net,Home Decor,1525.0,9,13725.0,Pending
2024-03-13,Mona Zaki,user1@mail.com,Groceries,3108.0,6,18648.0,Completed
2024-05-05,Zainab Tarek,admin@tech.io,Clothing,4808.0,7,33656.0,Shipped
2024-05-24,Sara Ahmed,test.a@web.net,Books,2162.0,5,10810.0,Refunded
2024-09-10,Ahmed Ali,admin@tech.io,Groceries,1130.0,1,1130.0,Refunded
2024-06-23,Zainab Tarek,sales@hub.com,Clothing,4903.0,3,14709.0,Shipped
2024-07-03,Zainab Tarek,yomna.dev@email.com,Office Supplies,2792.0,5,13960.0,Completed
2024-11-12,Sara Ahmed,info@market.eg,Books,1498.0,7,10486.0,Completed
2024-11-12,Ali Hassan,yomna.dev@email.com,Electronics,4031.0,8,32248.0,Completed
2024-01-22,Huda Mansour,info@market.eg,Clothing,3011.0,9,27099.0,Shipped
2024-05-19,Ali Hassan,info@market.eg,Electronics,2531.0,2,5062.0,Completed
2024-07-27,Mona Zaki,contact@service.org,Home Decor,1670.0,8,13360.0,Refunded
2024-04-26,Ahmed Ali,contact@service.org,Groceries,4452.0,5,22260.0,Cancelled
2024-06-01,Layla Mohamed,admin@tech.io,Groceries,1996.0,3,5988.0,Completed
2024-09-28,Marwan Khaled,contact@service.org,Groceries,1743.0,10,17430.0,Refunded
2024-03-19,Marwan Khaled,yomna.dev@email.com,Groceries,4735.0,2,9470.0,Shipped
2024-05-01,Layla Mohamed,test.a@web.net,Books,3792.0,8,30336.0,Shipped
2024-08-17,Yomna Soror,contact@service.org,Home Decor,3760.0,7,26320.0,Completed
2024-02-19,Ali Hassan,m.zaki@mail.com,Office Supplies,2784.0,6,16704.0,Completed
2024-09-20,Zainab Tarek,sales@hub.com,Office Supplies,3793.0,5,18965.0,Completed
2024-03-18,Ali Hassan,user1@mail.com,Groceries,3017.0,7,21119.0,Pending
2024-03-21,Omar Farouk,admin@tech.io,Clothing,1982.0,1,1982.0,Shipped
2024-09-21,Layla Mohamed,user1@mail.com,Books,1997.0,4,7988.0,Completed
2024-09-17,Zainab Tarek,contact@service.org,Home Decor,3368.0,1,3368.0,Completed
2024-02-11,Ali Hassan,contact@service.org,Clothing,4974.0,9,44766.0,Pending
2024-03-26,Omar Farouk,info@market.eg,Home Decor,4808.0,10,48080.0,Refunded
2024-09-24,Ali Hassan,m.zaki@mail.com,Electronics,2386.0,4,9544.0,Pending
2024-02-13,Huda Mansour,m.zaki@mail.com,Home Decor,3849.0,2,7698.0,Completed
2024-09-17,Ahmed Ali,user1@mail.com,Books,2676.0,10,26760.0,Completed
2024-04-17,Yomna Soror,test.a@web.net,Electronics,3603.0,3,10809.0,Pending
2024-11-13,Huda Mansour,contact@service.org,Office Supplies,3727.0,6,22362.0,Shipped
2024-10-10,Sara Ahmed,sales@hub.com,Electronics,680.0,9,6120.0,Shipped
2024-06-18,Layla Mohamed,info@market.eg,Home Decor,593.0,10,5930.0,Cancelled
2024-01-18,Yomna Soror,contact@service.org,Books,3548.0,4,14192.0,Completed
2024-09-17,Mona Zaki,contact@service.org,Electronics,1686.0,3,5058.0,Shipped
2024-03-03,Mona Zaki,sales@hub.com,Groceries,2194.0,5,10970.0,Pending
2024-10-09,Sara Ahmed,sales@hub.com,Books,2658.0,5,13290.0,Shipped
2024-05-14,Huda Mansour,admin@tech.io,Office Supplies,3129.0,4,12516.0,Refunded
2024-02-24,Huda Mansour,admin@tech.io,Clothing,1038.0,7,7266.0,Pending
2024-03-11,Ahmed Ali,admin@tech.io,Books,3207.0,7,22449.0,Completed
2024-11-05,Omar Farouk,contact@service.org,Clothing,3097.0,9,27873.0,Cancelled
2024-07-21,Omar Farouk,info@market.eg,Home Decor,3988.0,7,27916.0,Pending
2024-09-13,Mona Zaki,yomna.dev@email.com,Electronics,4837.0,4,19348.0,Completed
2024-01-01,Marwan Khaled,user1@mail.com,Home Decor,4019.0,10,40190.0,Completed
2024-11-22,Mona Zaki,info@market.eg,Electronics,2754.0,7,19278.0,Cancelled
2024-01-05,Layla Mohamed,contact@service.org,Books,1127.0,4,4508.0,Refunded
2024-04-07,Huda Mansour,contact@service.org,Clothing,4916.0,4,19664.0,Completed
2024-08-25,Marwan Khaled,sales@hub.com,Home Decor,3739.0,4,14956.0,Refunded
2024-05-18,Marwan Khaled,yomna.dev@email.com,Clothing,886.0,2,1772.0,Refunded
2024-02-19,Layla Mohamed,admin@tech.io,Groceries,3140.0,10,31400.0,Cancelled
2024-01-01,Omar Farouk,sales@hub.com,Books,2244.0,6,13464.0,Shipped
2024-02-06,Sara Ahmed,m.zaki@mail.com,Home Decor,740.0,8,5920.0,Refunded
2024-07-14,Ali Hassan,contact@service.org,Home Decor,4287.0,2,8574.0,Pending
2024-09-13,Ali Hassan,contact@service.org,Groceries,1883.0,2,3766.0,Shipped
2024-04-14,Layla Mohamed,admin@tech.io,Clothing,2177.0,2,4354.0,Refunded
2024-11-28,Ali Hassan,admin@tech.io,Books,2549.0,4,10196.0,Refunded
2024-12-06,Ali Hassan,sales@hub.com,Books,334.0,3,1002.0,Cancelled
2024-09-10,Marwan Khaled,sales@hub.com,Clothing,4648.0,8,37184.0,Refunded
2024-10-05,Mona Zaki,yomna.dev@email.com,Office Supplies,4480.0,2,8960.0,Cancelled
2024-07-24,Layla Mohamed,sales@hub.com,Office Supplies,357.0,5,1785.0,Refunded
2024-03-10,Zainab Tarek,test.a@web.net,Home Decor,4522.0,3,13566.0,Shipped
2024-07-28,Omar Farouk,contact@service.org,Home Decor,941.0,7,6587.0,Completed
2024-06-22,Yomna Soror,info@market.eg,Clothing,1611.0,3,4833.0,Pending
2024-05-06,Zainab Tarek,user1@mail.com,Office Supplies,2433.0,1,2433.0,Shipped
2024-08-21,Sara Ahmed,m.zaki@mail.com,Books,255.0,4,1020.0,Completed
2024-03-02,Omar Farouk,info@market.eg,Home Decor,3318.0,7,23226.0,Cancelled
2024-11-21,Ahmed Ali,contact@service.org,Books,3508.0,1,3508.0,Refunded
2024-05-21,Zainab Tarek,admin@tech.io,Electronics,2310.0,10,23100.0,Cancelled
2024-07-09,Sara Ahmed,test.a@web.net,Home Decor,3012.0,7,21084.0,Pending
2024-10-24,Zainab Tarek,yomna.dev@email.com,Office Supplies,3733.0,10,37330.0,Refunded
2024-01-24,Sara Ahmed,user1@mail.com,Home Decor,1926.0,9,17334.0,Pending
2024-06-07,Zainab Tarek,contact@service.org,Office Supplies,4606.0,5,23030.0,Cancelled
2024-01-11,Sara Ahmed,contact@service.org,Groceries,2216.0,1,2216.0,Shipped
2024-11-24,Omar Farouk,yomna.dev@email.com,Groceries,2333.0,4,9332.0,Refunded
2024-06-06,Ahmed Ali,admin@tech.io,Home Decor,2742.0,7,19194.0,Completed
2024-07-21,Huda Mansour,admin@tech.io,Groceries,4212.0,1,4212.0,Pending
2024-05-24,Zainab Tarek,test.a@web.net,Home Decor,274.0,9,2466.0,Cancelled
2024-12-05,Ali Hassan,admin@tech.io,Groceries,1164.0,5,5820.0,Shipped
2024-11-23,Layla Mohamed,test.a@web.net,Clothing,2547.0,7,17829.0,Pending
2024-11-16,Ali Hassan,info@market.eg,Books,4828.0,1,4828.0,Pending
2024-03-08,Ahmed Ali,contact@service.org,Books,1403.0,1,1403.0,Shipped
2024-01-09,Marwan Khaled,user1@mail.com,Electronics,687.0,6,4122.0,Shipped
2024-10-21,Yomna Soror,admin@tech.io,Books,2687.0,5,13435.0,Refunded
2024-12-27,Ahmed Ali,test.a@web.net,Home Decor,2392.0,3,7176.0,Completed
2024-01-03,Yomna Soror,test.a@web.net,Electronics,4058.0,5,20290.0,Cancelled
2024-09-22,Marwan Khaled,m.zaki@mail.com,Home Decor,4298.0,9,38682.0,Refunded
2024-04-08,Yomna Soror,info@market.eg,Electronics,4211.0,7,29477.0,Shipped
2024-11-22,Sara Ahmed,m.zaki@mail.com,Books,4897.0,8,39176.0,Completed
2024-04-17,Yomna Soror,admin@tech.io,Books,466.0,3,1398.0,Completed
2024-05-02,Layla Mohamed,test.a@web.net,Books,1275.0,8,10200.0,Refunded
2024-04-09,Yomna Soror,m.zaki@mail.com,Electronics,1027.0,4,4108.0,Completed
2024-02-18,Huda Mansour,admin@tech.io,Groceries,3083.0,4,12332.0,Cancelled
2024-06-15,Sara Ahmed,sales@hub.com,Groceries,4519.0,5,22595.0,Cancelled
2024-11-03,Huda Mansour,sales@hub.com,Electronics,1151.0,1,1151.0,Cancelled
2024-10-23,Yomna Soror,,Clothing,3942.0,8,31536.0,Shipped
2024-06-15,Marwan Khaled,info@market.eg,Office Supplies,601.0,3,1803.0,Completed
2024-04-24,Yomna Soror,user1@mail.com,Home Decor,3709.0,5,18545.0,Completed
2024-09-11,Mona Zaki,info@market.eg,Clothing,3945.0,4,15780.0,Shipped
2024-10-22,Omar Farouk,test.a@web.net,Electronics,1658.0,10,16580.0,Shipped
2024-06-01,Omar Farouk,contact@service.org,Books,2935.0,9,26415.0,Cancelled
2024-12-19,Huda Mansour,user1@mail.com,Groceries,4070.0,8,32560.0,Completed
2024-10-07,Yomna Soror,m.zaki@mail.com,Home Decor,4831.0,8,38648.0,Shipped
2024-09-08,Mona Zaki,user1@mail.com,Office Supplies,1705.0,5,8525.0,Refunded
2024-07-15,Yomna Soror,user1@mail.com,Home Decor,4753.0,2,9506.0,Pending
2024-08-16,Marwan Khaled,m.zaki@mail.com,Clothing,2663.0,6,15978.0,Refunded
2024-07-19,Sara Ahmed,m.zaki@mail.com,Electronics,1774.0,10,17740.0,Refunded
2024-04-15,Omar Farouk,sales@hub.com,Home Decor,792.0,1,792.0,Shipped
2024-02-24,Ali Hassan,user1@mail.com,Home Decor,2988.0,4,11952.0,Refunded
2024-09-01,Omar Farouk,user1@mail.com,Books,4963.0,8,39704.0,Pending
2024-03-02,Layla Mohamed,user1@mail.com,Office Supplies,360.0,10,3600.0,Refunded
2024-12-12,Ali Hassan,contact@service.org,Books,4448.0,1,4448.0,Refunded
2024-01-07,Mona Zaki,yomna.dev@email.com,Home Decor,1361.0,7,9527.0,Completed
2024-04-14,Sara Ahmed,sales@hub.com,Office Supplies,2798.0,9,25182.0,Shipped
2024-08-21,Layla Mohamed,m.zaki@mail.com,Office Supplies,3967.0,7,27769.0,Pending
2024-02-23,Ahmed Ali,user1@mail.com,Electronics,2514.0,5,12570.0,Cancelled
2024-08-05,Layla Mohamed,sales@hub.com,Books,4892.0,6,29352.0,Shipped
2024-03-01,Marwan Khaled,info@market.eg,Home Decor,4613.0,2,9226.0,Shipped
2024-08-11,Sara Ahmed,admin@tech.io,Home Decor,1051.0,10,10510.0,Shipped
2024-02-11,Omar Farouk,admin@tech.io,Electronics,2168.0,1,2168.0,Cancelled
2024-05-04,Huda Mansour,yomna.dev@email.com,Home Decor,195.0,10,1950.0,Pending
2024-05-25,Huda Mansour,m.zaki@mail.com,Groceries,2521.0,3,7563.0,Shipped
2024-03-04,Ahmed Ali,yomna.dev@email.com,Books,4275.0,9,38475.0,Shipped
2024-05-24,Omar Farouk,m.zaki@mail.com,Clothing,1407.0,5,7035.0,Completed
2024-12-12,Ahmed Ali,yomna.dev@email.com,Clothing,1472.0,6,8832.0,Completed
2024-08-15,Ahmed Ali,user1@mail.com,Electronics,2902.0,6,17412.0,Shipped
2024-02-05,Huda Mansour,user1@mail.com,Groceries,3972.0,8,31776.0,Cancelled
2024-09-13,Huda Mansour,yomna.dev@email.com,Groceries,599.0,8,4792.0,Completed
2024-05-22,Sara Ahmed,sales@hub.com,Office Supplies,2785.0,7,19495.0,Completed
2024-11-03,Mona Zaki,admin@tech.io,Groceries,3926.0,8,31408.0,Completed
2024-02-05,Marwan Khaled,user1@mail.com,Home Decor,4042.0,7,28294.0,Cancelled
2024-12-28,Ali Hassan,contact@service.org,Books,4075.0,6,24450.0,Pending
2024-09-18,Omar Farouk,sales@hub.com,Home Decor,783.0,6,4698.0,Pending
2024-11-12,Sara Ahmed,test.a@web.net,Home Decor,2412.0,8,19296.0,Pending
2024-07-14,Sara Ahmed,admin@tech.io,Office Supplies,2514.0,1,2514.0,Cancelled
2024-03-12,Mona Zaki,admin@tech.io,Groceries,373.0,2,746.0,Refunded
2024-03-03,Marwan Khaled,info@market.eg,Home Decor,2664.0,1,2664.0,Refunded
2024-03-28,Yomna Soror,test.a@web.net,Electronics,3781.0,5,18905.0,Pending
2024-05-02,Mona Zaki,m.zaki@mail.com,Electronics,4394.0,10,43940.0,Refunded
2024-11-04,Huda Mansour,user1@mail.com,Groceries,2770.0,3,8310.0,Cancelled
2024-03-11,Zainab Tarek,info@market.eg,Clothing,1603.0,10,16030.0,Pending
2024-05-01,Ali Hassan,info@market.eg,Home Decor,3013.0,8,24104.0,Completed
2024-11-04,Omar Farouk,contact@service.org,Clothing,97.0,8,776.0,Refunded
2024-12-27,Zainab Tarek,user1@mail.com,Clothing,4024.0,5,20120.0,Pending
2024-09-10,Marwan Khaled,contact@service.org,Books,731.0,2,1462.0,Refunded
2024-05-22,Layla Mohamed,m.zaki@mail.com,Electronics,1575.0,2,3150.0,Shipped
2024-09-15,Sara Ahmed,yomna.dev@email.com,Groceries,2479.0,9,22311.0,Pending
2024-04-03,Mona Zaki,user1@mail.com,Home Decor,737.0,10,7370.0,Cancelled
2024-10-10,Ahmed Ali,admin@tech.io,Clothing,1796.0,5,8980.0,Refunded
2024-08-06,Omar Farouk,user1@mail.com,Electronics,722.0,8,5776.0,Pending
2024-02-10,Mona Zaki,user1@mail.com,Electronics,1530.0,3,4590.0,Completed
2024-04-10,Ahmed Ali,sales@hub.com,Office Supplies,1473.0,2,2946.0,Cancelled
2024-12-09,Omar Farouk,m.zaki@mail.com,Electronics,2604.0,2,5208.0,Refunded
2024-07-26,Zainab Tarek,test.a@web.net,Home Decor,1056.0,7,7392.0,Pending
2024-05-19,Sara Ahmed,m.zaki@mail.com,Clothing,1332.0,3,3996.0,Refunded
2024-09-26,Ali Hassan,user1@mail.com,Groceries,4884.0,9,43956.0,Pending
2024-07-08,Ali Hassan,user1@mail.com,Books,2444.0,10,24440.0,Pending
2024-12-09,Huda Mansour,sales@hub.com,Clothing,1242.0,3,3726.0,Refunded
2024-09-28,Ali Hassan,m.zaki@mail.com,Books,3774.0,7,26418.0,Cancelled
2024-12-06,Yomna Soror,sales@hub.com,Groceries,822.0,8,6576.0,Completed
2024-11-07,Yomna Soror,contact@service.org,Office Supplies,202.0,10,2020.0,Refunded
2024-03-24,Omar Farouk,info@market.eg,Groceries,4518.0,1,4518.0,Shipped
2024-08-01,Ali Hassan,test.a@web.net,Clothing,3560.0,6,21360.0,Shipped
2024-09-02,Marwan Khaled,yomna.dev@email.com,Clothing,3288.0,10,32880.0,Refunded
2024-07-25,Zainab Tarek,admin@tech.io,Clothing,2514.0,1,2514.0,Shipped
2024-05-14,Ali Hassan,admin@tech.io,Electronics,2512.0,8,20096.0,Completed
2024-12-27,Omar Farouk,admin@tech.io,Home Decor,3589.0,3,10767.0,Refunded
2024-01-17,Layla Mohamed,admin@tech.io,Clothing,744.0,10,7440.0,Shipped
2024-03-12,Ahmed Ali,m.zaki@mail.com,Groceries,3290.0,6,19740.0,Cancelled
2024-05-06,Ali Hassan,m.zaki@mail.com,Home Decor,459.0,5,2295.0,Shipped
2024-06-15,Zainab Tarek,contact@service.org,Home Decor,3182.0,4,12728.0,Cancelled
2024-04-12,Omar Farouk,m.zaki@mail.com,Books,2689.0,7,18823.0,Pending
2024-02-06,Zainab Tarek,test.a@web.net,Books,3927.0,6,23562.0,Pending
2024-01-06,Sara Ahmed,test.a@web.net,Clothing,2514.0,4,10056.0,Pending
2024-10-19,Huda Mansour,sales@hub.com,Electronics,2420.0,8,19360.0,Refunded
2024-03-07,Zainab Tarek,info@market.eg,Electronics,458.0,2,916.0,Shipped
2024-07-22,Layla Mohamed,info@market.eg,Groceries,1254.0,3,3762.0,Refunded
2024-05-08,Zainab Tarek,sales@hub.com,Electronics,2978.0,1,2978.0,Completed
2024-01-14,Layla Mohamed,info@market.eg,Home Decor,960.0,5,4800.0,Refunded
2024-07-19,Yomna Soror,contact@service.org,Electronics,1957.0,9,17613.0,Cancelled
2024-10-09,Ali Hassan,test.a@web.net,Books,4114.0,1,4114.0,Shipped
2024-05-28,Sara Ahmed,yomna.dev@email.com,Groceries,1328.0,1,1328.0,Pending
2024-06-23,Sara Ahmed,contact@service.org,Books,3016.0,6,18096.0,Cancelled
2024-04-09,Zainab Tarek,info@market.eg,Office Supplies,2356.0,2,4712.0,Completed
2024-11-23,Mona Zaki,info@market.eg,Office Supplies,1334.0,1,1334.0,Completed
2024-02-17,Layla Mohamed,sales@hub.com,Clothing,1479.0,5,7395.0,Pending
2024-08-19,Yomna Soror,yomna.dev@email.com,Clothing,4394.0,7,30758.0,Refunded
2024-07-21,Yomna Soror,sales@hub.com,Clothing,822.0,7,5754.0,Shipped
2024-08-12,Yomna Soror,contact@service.org,Clothing,558.0,9,5022.0,Completed
2024-06-20,Omar Farouk,admin@tech.io,Office Supplies,3524.0,2,7048.0,Refunded
2024-03-06,Marwan Khaled,user1@mail.com,Groceries,2498.0,7,17486.0,Pending
2024-06-14,Mona Zaki,admin@tech.io,Office Supplies,1401.0,10,14010.0,Cancelled
2024-10-22,Marwan Khaled,test.a@web.net,Office Supplies,4241.0,1,4241.0,Refunded
2024-08-08,Marwan Khaled,test.a@web.net,Home Decor,4027.0,5,20135.0,Pending
2024-05-24,Yomna Soror,user1@mail.com,Groceries,3832.0,6,22992.0,Refunded
2024-01-25,Huda Mansour,test.a@web.net,Office Supplies,2357.0,8,18856.0,Pending
2024-04-22,Marwan Khaled,sales@hub.com,Home Decor,4917.0,1,4917.0,Pending
2024-04-11,Zainab Tarek,sales@hub.com,Home Decor,1785.0,9,16065.0,Pending
2024-02-16,Marwan Khaled,info@market.eg,Groceries,3687.0,5,18435.0,Shipped
2024-02-15,Marwan Khaled,yomna.dev@email.com,Books,196.0,2,392.0,Completed
2024-03-18,Mona Zaki,m.zaki@mail.com,Groceries,3333.0,4,13332.0,Cancelled
2024-10-12,Ali Hassan,admin@tech.io,Clothing,892.0,7,6244.0,Shipped
2024-01-02,Layla Mohamed,m.zaki@mail.com,Clothing,1373.0,2,2746.0,Pending
2024-12-16,Layla Mohamed,test.a@web.net,Electronics,1198.0,9,10782.0,Cancelled
2024-05-13,Mona Zaki,yomna.dev@email.com,Home Decor,1703.0,9,15327.0,Shipped
2024-09-23,Huda Mansour,info@market.eg,Groceries,4123.0,4,16492.0,Pending
2024-07-19,Mona Zaki,sales@hub.com,Home Decor,1173.0,6,7038.0,Cancelled
2024-10-26,Marwan Khaled,user1@mail.com,Electronics,379.0,4,1516.0,Pending
2024-04-09,Ali Hassan,admin@tech.io,Books,3737.0,6,22422.0,Completed
2024-01-23,Sara Ahmed,m.zaki@mail.com,Clothing,1999.0,4,7996.0,Cancelled
2024-02-08,Yomna Soror,contact@service.org,Books,338.0,9,3042.0,Cancelled
2024-07-14,Zainab Tarek,test.a@web.net,Clothing,3838.0,2,7676.0,Cancelled
2024-09-06,Marwan Khaled,test.a@web.net,Clothing,185.0,9,1665.0,Completed
2024-11-03,Ahmed Ali,yomna.dev@email.com,Home Decor,4547.0,6,27282.0,Pending
2024-11-26,Omar Farouk,test.a@web.net,Books,4819.0,8,38552.0,Refunded
2024-09-01,Ali Hassan,yomna.dev@email.com,Books,2974.0,4,11896.0,Cancelled
2024-04-09,Layla Mohamed,sales@hub.com,Home Decor,1669.0,3,5007.0,Completed
2024-01-10,Ahmed Ali,sales@hub.com,Clothing,4069.0,3,12207.0,Cancelled
2024-09-23,Huda Mansour,user1@mail.com,Books,1887.0,4,7548.0,Cancelled
2024-08-26,Ali Hassan,m.zaki@mail.com,Clothing,677.0,1,677.0,Refunded
2024-11-06,Yomna Soror,m.zaki@mail.com,Home Decor,439.0,6,2634.0,Refunded
2024-04-02,Ali Hassan,admin@tech.io,Books,4339.0,9,39051.0,Completed
2024-01-21,Ali Hassan,test.a@web.net,Home Decor,283.0,5,1415.0,Refunded
2024-10-24,Huda Mansour,m.zaki@mail.com,Books,2058.0,7,14406.0,Cancelled
2024-09-15,Ahmed Ali,test.a@web.net,Electronics,1533.0,1,1533.0,Refunded
2024-09-08,Ali Hassan,sales@hub.com,Office Supplies,4334.0,10,43340.0,Completed
2024-06-04,Omar Farouk,user1@mail.com,Groceries,2990.0,8,23920.0,Cancelled
2024-01-26,Ali Hassan,user1@mail.com,Clothing,687.0,7,4809.0,Cancelled
2024-03-15,Ali Hassan,contact@service.org,Electronics,3024.0,3,9072.0,Pending
2024-07-28,Ali Hassan,contact@service.org,Office Supplies,3744.0,3,11232.0,Completed
2024-12-09,Ali Hassan,info@market.eg,Books,3303.0,5,16515.0,Cancelled
2024-09-02,Marwan Khaled,sales@hub.com,Groceries,2584.0,7,18088.0,Shipped
2024-02-24,Zainab Tarek,test.a@web.net,Electronics,445.0,9,4005.0,Pending
2024-11-25,Yomna Soror,sales@hub.com,Books,3410.0,3,10230.0,Pending
2024-03-03,Huda Mansour,yomna.dev@email.com,Electronics,2523.0,9,22707.0,Completed
2024-10-08,Ahmed Ali,yomna.dev@email.com,Groceries,3802.0,3,11406.0,Shipped
2024-07-12,Mona Zaki,test.a@web.net,Home Decor,2282.0,10,22820.0,Cancelled
2024-09-13,Sara Ahmed,m.zaki@mail.com,Office Supplies,343.0,10,3430.0,Pending
2024-07-14,Zainab Tarek,info@market.eg,Groceries,827.0,3,2481.0,Pending
2024-06-02,Huda Mansour,user1@mail.com,Groceries,3131.0,5,15655.0,Shipped
2024-06-06,Sara Ahmed,yomna.dev@email.com,Electronics,2021.0,9,18189.0,Refunded
2024-07-09,Omar Farouk,user1@mail.com,Home Decor,594.0,5,2970.0,Pending
2024-02-15,Huda Mansour,test.a@web.net,Groceries,4071.0,5,20355.0,Refunded
2024-03-22,Marwan Khaled,info@market.eg,Groceries,1792.0,1,1792.0,Shipped
2024-07-14,Ahmed Ali,contact@service.org,Groceries,4675.0,1,4675.0,Cancelled
2024-04-21,Marwan Khaled,yomna.dev@email.com,Groceries,4147.0,6,24882.0,Completed
2024-01-11,Huda Mansour,test.a@web.net,Books,4340.0,6,26040.0,Refunded
2024-09-26,Ali Hassan,info@market.eg,Books,4290.0,6,25740.0,Cancelled
2024-03-17,Ali Hassan,info@market.eg,Electronics,2392.0,7,16744.0,Pending
2024-06-07,Mona Zaki,m.zaki@mail.com,Electronics,4100.0,4,16400.0,Shipped
2024-05-25,Zainab Tarek,sales@hub.com,Clothing,1506.0,4,6024.0,Pending
2024-07-12,Ahmed Ali,m.zaki@mail.com,Office Supplies,559.0,1,559.0,Cancelled
2024-09-13,Ahmed Ali,admin@tech.io,Groceries,3402.0,3,10206.0,Cancelled
2024-11-07,Sara Ahmed,admin@tech.io,Home Decor,4623.0,7,32361.0,Pending
2024-09-02,Sara Ahmed,yomna.dev@email.com,Office Supplies,1380.0,10,13800.0,Cancelled
2024-02-01,Yomna Soror,test.a@web.net,Clothing,4679.0,7,32753.0,Shipped
2024-04-19,Mona Zaki,info@market.eg,Office Supplies,4727.0,1,4727.0,Completed
2024-02-17,Ahmed Ali,info@market.eg,Groceries,2073.0,10,20730.0,Cancelled
2024-07-15,Omar Farouk,test.a@web.net,Books,1324.0,1,1324.0,Pending
2024-10-21,Ahmed Ali,sales@hub.com,Groceries,2630.0,6,15780.0,Cancelled
2024-02-28,Sara Ahmed,m.zaki@mail.com,Groceries,1750.0,6,10500.0,Shipped
2024-12-08,Omar Farouk,sales@hub.com,Electronics,2206.0,5,11030.0,Completed
2024-01-17,Ali Hassan,sales@hub.com,Books,4986.0,3,14958.0,Pending
2024-02-10,Zainab Tarek,user1@mail.com,Office Supplies,2025.0,1,2025.0,Pending
2024-04-03,Ahmed Ali,m.zaki@mail.com,Office Supplies,4645.0,8,37160.0,Pending
2024-10-21,Ahmed Ali,sales@hub.com,Groceries,1560.0,10,15600.0,Completed
2024-07-18,Ahmed Ali,sales@hub.com,Electronics,765.0,4,3060.0,Completed
2024-08-20,Sara Ahmed,yomna.dev@email.com,Electronics,4885.0,5,24425.0,Refunded
2024-02-15,Ahmed Ali,admin@tech.io,Books,3988.0,2,7976.0,Pending
2024-05-28,Layla Mohamed,user1@mail.com,Office Supplies,1744.0,8,13952.0,Refunded
2024-02-09,Marwan Khaled,info@market.eg,Clothing,3504.0,2,7008.0,Cancelled
2024-09-26,Yomna Soror,m.zaki@mail.com,Electronics,2387.0,6,14322.0,Shipped
2024-08-07,Yomna Soror,m.zaki@mail.com,Groceries,2811.0,8,22488.0,Refunded
2024-08-14,Marwan Khaled,admin@tech.io,Home Decor,124.0,5,620.0,Pending
2024-08-01,Zainab Tarek,info@market.eg,Groceries,3325.0,10,33250.0,Pending
2024-02-04,Omar Farouk,m.zaki@mail.com,Books,4627.0,7,32389.0,Pending
2024-01-04,Layla Mohamed,test.a@web.net,Clothing,443.0,7,3101.0,Completed
2024-07-09,Marwan Khaled,admin@tech.io,Clothing,4233.0,5,21165.0,Refunded
2024-05-11,Marwan Khaled,info@market.eg,Office Supplies,1674.0,6,10044.0,Pending
2024-09-08,Layla Mohamed,yomna.dev@email.com,Home Decor,3049.0,2,6098.0,Shipped
2024-03-10,Huda Mansour,contact@service.org,Electronics,4926.0,2,9852.0,Pending
2024-05-01,Huda Mansour,user1@mail.com,Electronics,3090.0,7,21630.0,Completed
2024-04-28,Layla Mohamed,admin@tech.io,Electronics,2912.0,2,5824.0,Completed
2024-04-08,Ali Hassan,admin@tech.io,Office Supplies,3319.0,3,9957.0,Pending
2024-10-16,Sara Ahmed,yomna.dev@email.com,Groceries,4792.0,8,38336.0,Completed
2024-11-20,Sara Ahmed,admin@tech.io,Office Supplies,872.0,1,872.0,Pending
2024-08-07,Mona Zaki,contact@service.org,Electronics,3742.0,9,33678.0,Pending
2024-09-06,Huda Mansour,sales@hub.com,Groceries,714.0,10,7140.0,Completed
2024-04-04,Layla Mohamed,user1@mail.com,Clothing,4105.0,3,12315.0,Completed
2024-11-01,Omar Farouk,user1@mail.com,Home Decor,1105.0,2,2210.0,Refunded
2024-03-17,Omar Farouk,m.zaki@mail.com,Home Decor,2714.0,2,5428.0,Completed
2024-03-10,Huda Mansour,test.a@web.net,Office Supplies,557.0,8,4456.0,Completed
2024-01-22,Huda Mansour,yomna.dev@email.com,Clothing,2731.0,5,13655.0,Pending
2024-05-14,Ali Hassan,user1@mail.com,Books,524.0,10,5240.0,Completed
2024-08-10,Zainab Tarek,yomna.dev@email.com,Home Decor,123.0,7,861.0,Completed
2024-09-08,Layla Mohamed,sales@hub.com,Clothing,742.0,8,5936.0,Cancelled
2024-02-26,Layla Mohamed,info@market.eg,Groceries,2718.0,10,27180.0,Refunded
2024-05-11,Omar Farouk,m.zaki@mail.com,Electronics,1945.0,6,11670.0,Pending
2024-05-02,Ali Hassan,user1@mail.com,Groceries,2754.0,8,22032.0,Shipped
2024-11-09,Ahmed Ali,admin@tech.io,Clothing,2205.0,2,4410.0,Cancelled
2024-07-08,Yomna Soror,info@market.eg,Clothing,2126.0,3,6378.0,Completed
2024-12-12,Yomna Soror,test.a@web.net,Electronics,351.0,3,1053.0,Pending
2024-11-15,Omar Farouk,admin@tech.io,Books,1187.0,7,8309.0,Cancelled
2024-11-14,Zainab Tarek,user1@mail.com,Home Decor,317.0,7,2219.0,Completed
2024-08-27,Sara Ahmed,test.a@web.net,Electronics,3908.0,1,3908.0,Shipped
2024-12-14,Layla Mohamed,m.zaki@mail.com,Home Decor,2893.0,7,20251.0,Completed
2024-03-05,Ali Hassan,yomna.dev@email.com,Office Supplies,2377.0,10,23770.0,Shipped
2024-01-17,Layla Mohamed,sales@hub.com,Home Decor,1046.0,7,7322.0,Completed
2024-05-17,Layla Mohamed,test.a@web.net,Electronics,353.0,9,3177.0,Cancelled
2024-07-24,Layla Mohamed,yomna.dev@email.com,Clothing,1877.0,7,13139.0,Cancelled
2024-05-21,Marwan Khaled,info@market.eg,Electronics,2514.0,4,10056.0,Completed
2024-03-23,Marwan Khaled,yomna.dev@email.com,Books,4855.0,10,48550.0,Refunded
2024-06-13,Mona Zaki,m.zaki@mail.com,Office Supplies,1813.0,3,5439.0,Refunded
2024-09-06,Omar Farouk,yomna.dev@email.com,Electronics,1682.0,4,6728.0,Refunded
2024-01-23,Yomna Soror,yomna.dev@email.com,Groceries,1648.0,1,1648.0,Shipped
2024-04-09,Mona Zaki,sales@hub.com,Electronics,3561.0,4,14244.0,Cancelled
2024-04-21,Sara Ahmed,admin@tech.io,Groceries,1561.0,3,4683.0,Pending
2024-12-24,Omar Farouk,sales@hub.com,Home Decor,129.0,4,516.0,Pending
2024-03-23,Marwan Khaled,admin@tech.io,Home Decor,2617.0,4,10468.0,Cancelled
2024-09-15,Huda Mansour,sales@hub.com,Books,4734.0,4,18936.0,Completed
2024-01-24,Sara Ahmed,info@market.eg,Office Supplies,1758.0,3,5274.0,Shipped
2024-01-10,Ahmed Ali,test.a@web.net,Office Supplies,1658.0,2,3316.0,Shipped
2024-04-02,Ahmed Ali,m.zaki@mail.com,Books,3937.0,6,23622.0,Shipped
2024-10-22,Ahmed Ali,admin@tech.io,Groceries,4596.0,8,36768.0,Completed
2024-03-13,Omar Farouk,sales@hub.com,Electronics,574.0,4,2296.0,Pending
2024-03-20,Mona Zaki,admin@tech.io,Groceries,4095.0,1,4095.0,Pending
2024-08-19,Mona Zaki,info@market.eg,Books,347.0,10,3470.0,Cancelled
2024-02-27,Yomna Soror,info@market.eg,Books,1794.0,3,5382.0,Refunded
2024-02-24,Mona Zaki,test.a@web.net,Electronics,91.0,10,910.0,Pending
2024-06-05,Omar Farouk,admin@tech.io,Electronics,2256.0,4,9024.0,Refunded
2024-05-19,Marwan Khaled,m.zaki@mail.com,Groceries,121.0,7,847.0,Refunded
2024-07-28,Omar Farouk,user1@mail.com,Office Supplies,104.0,10,1040.0,Completed
2024-09-13,Ahmed Ali,admin@tech.io,Electronics,837.0,10,8370.0,Shipped
2024-05-07,Ali Hassan,yomna.dev@email.com,Electronics,2914.0,7,20398.0,Completed
2024-09-08,Layla Mohamed,admin@tech.io,Clothing,941.0,1,941.0,Refunded
2024-03-09,Layla Mohamed,admin@tech.io,Books,4959.0,10,49590.0,Cancelled
2024-01-26,Huda Mansour,admin@tech.io,Groceries,4709.0,2,9418.0,Pending
2024-01-03,Mona Zaki,info@market.eg,Electronics,822.0,10,8220.0,Pending
2024-04-03,Mona Zaki,user1@mail.com,Office Supplies,3198.0,9,28782.0,Cancelled
2024-01-01,Huda Mansour,admin@tech.io,Books,3194.0,8,25552.0,Refunded
2024-04-18,Mona Zaki,test.a@web.net,Electronics,1693.0,6,10158.0,Cancelled
2024-01-06,Mona Zaki,test.a@web.net,Home Decor,4203.0,3,12609.0,Shipped
2024-09-21,Sara Ahmed,sales@hub.com,Home Decor,4980.0,6,29880.0,Cancelled
2024-08-23,Ahmed Ali,yomna.dev@email.com,Books,1429.0,4,5716.0,Cancelled
2024-05-07,Huda Mansour,yomna.dev@email.com,Groceries,710.0,5,3550.0,Refunded
2024-07-22,Ahmed Ali,test.a@web.net,Electronics,2249.0,9,20241.0,Cancelled
2024-03-07,Marwan Khaled,test.a@web.net,Groceries,537.0,3,1611.0,Cancelled
2024-06-26,Ahmed Ali,user1@mail.com,Groceries,2207.0,4,8828.0,Cancelled
2024-11-23,Ali Hassan,sales@hub.com,Books,3221.0,6,19326.0,Cancelled
2024-10-12,Huda Mansour,test.a@web.net,Clothing,1954.0,7,13678.0,Refunded
2024-01-01,Mona Zaki,yomna.dev@email.com,Office Supplies,519.0,1,519.0,Shipped
2024-09-19,Yomna Soror,info@market.eg,Home Decor,2832.0,8,22656.0,Cancelled
2024-09-25,Ali Hassan,m.zaki@mail.com,Home Decor,791.0,2,1582.0,Refunded
2024-09-25,Sara Ahmed,info@market.eg,Office Supplies,2682.0,9,24138.0,Completed
2024-02-24,Marwan Khaled,test.a@web.net,Home Decor,4671.0,4,18684.0,Pending
2024-01-01,Layla Mohamed,info@market.eg,Electronics,1443.0,5,7215.0,Shipped
2024-04-24,Zainab Tarek,sales@hub.com,Clothing,1505.0,4,6020.0,Refunded
2024-12-28,Sara Ahmed,info@market.eg,Office Supplies,761.0,5,3805.0,Shipped
2024-07-18,Ali Hassan,admin@tech.io,Office Supplies,1932.0,9,17388.0,Refunded
2024-04-26,Mona Zaki,yomna.dev@email.com,Home Decor,487.0,10,4870.0,Shipped
2024-01-19,Sara Ahmed,m.zaki@mail.com,Office Supplies,2200.0,9,19800.0,Shipped
2024-05-06,Layla Mohamed,sales@hub.com,Books,2944.0,4,11776.0,Completed
2024-01-22,Yomna Soror,info@market.eg,Electronics,507.0,10,5070.0,Shipped
2024-06-01,Mona Zaki,yomna.dev@email.com,Home Decor,2986.0,3,8958.0,Refunded
2024-03-03,Mona Zaki,sales@hub.com,Clothing,303.0,3,909.0,Cancelled
2024-01-09,Sara Ahmed,yomna.dev@email.com,Books,3807.0,6,22842.0,Shipped
2024-01-18,Huda Mansour,yomna.dev@email.com,Home Decor,3576.0,4,14304.0,Pending
2024-02-27,Ahmed Ali,info@market.eg,Electronics,1979.0,3,5937.0,Pending
2024-07-06,Marwan Khaled,info@market.eg,Clothing,942.0,10,9420.0,Pending
2024-06-05,Yomna Soror,test.a@web.net,Home Decor,1362.0,3,4086.0,Cancelled
2024-10-08,Layla Mohamed,sales@hub.com,Office Supplies,3276.0,7,22932.0,Refunded
2024-04-16,Omar Farouk,test.a@web.net,Books,2323.0,2,4646.0,Pending
2024-04-26,Ahmed Ali,admin@tech.io,Clothing,1753.0,8,14024.0,Shipped
2024-02-16,Ahmed Ali,info@market.eg,Office Supplies,4441.0,5,22205.0,Refunded
2024-05-13,Marwan Khaled,user1@mail.com,Office Supplies,271.0,5,1355.0,Cancelled
2024-02-28,Omar Farouk,contact@service.org,Electronics,4734.0,8,37872.0,Cancelled
2024-01-01,Layla Mohamed,contact@service.org,Electronics,4213.0,6,25278.0,Refunded
2024-08-05,Yomna Soror,user1@mail.com,Office Supplies,3617.0,8,28936.0,Cancelled
2024-02-28,Zainab Tarek,info@market.eg,Groceries,2165.0,9,19485.0,Pending
2024-04-03,Yomna Soror,user1@mail.com,Clothing,2185.0,4,8740.0,Shipped
2024-06-25,Layla Mohamed,yomna.dev@email.com,Office Supplies,3444.0,3,10332.0,Shipped
2024-06-01,Layla Mohamed,info@market.eg,Groceries,4628.0,4,18512.0,Shipped
2024-04-14,Sara Ahmed,contact@service.org,Books,3045.0,7,21315.0,Refunded
2024-10-19,Huda Mansour,info@market.eg,Clothing,1696.0,4,6784.0,Refunded
2024-09-16,Omar Farouk,info@market.eg,Clothing,1317.0,3,3951.0,Completed
2024-07-10,Ali Hassan,admin@tech.io,Home Decor,2887.0,5,14435.0,Shipped
2024-05-01,Huda Mansour,admin@tech.io,Home Decor,204.0,4,816.0,Pending
2024-06-10,Yomna Soror,sales@hub.com,Office Supplies,3566.0,7,24962.0,Cancelled
2024-02-13,Yomna Soror,sales@hub.com,Clothing,2313.0,3,6939.0,Cancelled
2024-04-13,Mona Zaki,m.zaki@mail.com,Electronics,1867.0,7,13069.0,Completed
2024-12-08,Zainab Tarek,info@market.eg,Home Decor,2294.0,6,13764.0,Refunded
2024-01-27,Huda Mansour,m.zaki@mail.com,Clothing,3090.0,2,6180.0,Completed
2024-09-08,Marwan Khaled,test.a@web.net,Clothing,1800.0,10,18000.0,Shipped
2024-01-01,Ali Hassan,admin@tech.io,Electronics,4658.0,3,13974.0,Shipped
2024-05-17,Yomna Soror,contact@service.org,Groceries,557.0,7,3899.0,Shipped
2024-02-09,Zainab Tarek,user1@mail.com,Office Supplies,2258.0,9,20322.0,Refunded
2024-08-09,Ali Hassan,info@market.eg,Books,4788.0,8,38304.0,Completed
2024-09-16,Sara Ahmed,sales@hub.com,Clothing,1189.0,6,7134.0,Completed
2024-03-04,Ahmed Ali,test.a@web.net,Books,2392.0,2,4784.0,Completed
2024-01-06,Yomna Soror,m.zaki@mail.com,Groceries,4657.0,4,18628.0,Refunded
2024-07-17,Ahmed Ali,admin@tech.io,Groceries,2834.0,7,19838.0,Shipped
2024-03-11,Mona Zaki,sales@hub.com,Groceries,2586.0,9,23274.0,Cancelled
2024-12-23,Yomna Soror,sales@hub.com,Groceries,3330.0,1,3330.0,Shipped
2024-01-20,Ahmed Ali,m.zaki@mail.com,Home Decor,652.0,10,6520.0,Shipped
2024-04-21,Ahmed Ali,yomna.dev@email.com,Groceries,1590.0,10,15900.0,Refunded
2024-11-23,Huda Mansour,sales@hub.com,Groceries,829.0,1,829.0,Cancelled
2024-03-15,Ali Hassan,test.a@web.net,Office Supplies,2871.0,7,20097.0,Cancelled
2024-01-03,Huda Mansour,sales@hub.com,Home Decor,1375.0,4,5500.0,Cancelled
2024-07-24,Marwan Khaled,admin@tech.io,Books,3116.0,8,24928.0,Refunded
2024-01-06,Yomna Soror,user1@mail.com,Clothing,726.0,7,5082.0,Pending
2024-11-08,Marwan Khaled,admin@tech.io,Books,2703.0,8,21624.0,Pending
2024-11-07,Mona Zaki,test.a@web.net,Groceries,345.0,10,3450.0,Refunded
2024-03-08,Ali Hassan,admin@tech.io,Electronics,1878.0,6,11268.0,Completed
2024-12-10,Ali Hassan,info@market.eg,Office Supplies,4500.0,4,18000.0,Pending
2024-03-12,Layla Mohamed,m.zaki@mail.com,Groceries,2057.0,6,12342.0,Refunded
2024-02-21,Huda Mansour,m.zaki@mail.com,Home Decor,2835.0,6,17010.0,Shipped
2024-09-28,Mona Zaki,yomna.dev@email.com,Books,2700.0,4,10800.0,Refunded
2024-07-01,Marwan Khaled,m.zaki@mail.com,Office Supplies,1603.0,6,9618.0,Pending
2024-02-17,Sara Ahmed,sales@hub.com,Office Supplies,219.0,3,657.0,Shipped
2024-12-08,Layla Mohamed,sales@hub.com,Books,1029.0,3,3087.0,Cancelled
2024-11-08,Huda Mansour,sales@hub.com,Home Decor,2748.0,2,5496.0,Shipped
2024-02-20,Layla Mohamed,admin@tech.io,Home Decor,3989.0,3,11967.0,Refunded
2024-04-09,Mona Zaki,info@market.eg,Home Decor,1525.0,8,12200.0,Refunded
2024-03-16,Omar Farouk,admin@tech.io,Groceries,1289.0,7,9023.0,Shipped
2024-01-14,Yomna Soror,contact@service.org,Office Supplies,2931.0,7,20517.0,Pending
2024-05-06,Zainab Tarek,sales@hub.com,Books,163.0,7,1141.0,Shipped
2024-01-13,Zainab Tarek,info@market.eg,Groceries,3333.0,8,26664.0,Shipped
2024-05-09,Huda Mansour,test.a@web.net,Clothing,2829.0,8,22632.0,Completed
2024-07-01,Layla Mohamed,sales@hub.com,Books,1343.0,6,8058.0,Shipped
2024-11-18,Omar Farouk,info@market.eg,Home Decor,3272.0,10,32720.0,Shipped
2024-01-17,Omar Farouk,yomna.dev@email.com,Clothing,3343.0,3,10029.0,Completed
2024-06-25,Marwan Khaled,contact@service.org,Electronics,2173.0,3,6519.0,Completed
2024-05-23,Mona Zaki,info@market.eg,Books,3607.0,7,25249.0,Pending
2024-08-18,Mona Zaki,test.a@web.net,Clothing,1195.0,9,10755.0,Shipped
2024-12-01,Marwan Khaled,sales@hub.com,Office Supplies,4714.0,5,23570.0,Completed
2024-03-15,Ahmed Ali,m.zaki@mail.com,Home Decor,1942.0,9,17478.0,Refunded
2024-10-11,Ali Hassan,user1@mail.com,Clothing,4506.0,3,13518.0,Cancelled
2024-06-03,Ahmed Ali,user1@mail.com,Office Supplies,1818.0,2,3636.0,Shipped
2024-05-12,Ahmed Ali,test.a@web.net,Books,4527.0,7,31689.0,Completed
2024-07-28,Layla Mohamed,m.zaki@mail.com,Books,1557.0,2,3114.0,Completed
2024-12-14,Sara Ahmed,admin@tech.io,Electronics,2992.0,9,26928.0,Refunded
2024-02-03,Yomna Soror,test.a@web.net,Books,2880.0,7,20160.0,Completed
2024-09-09,Huda Mansour,test.a@web.net,Books,1788.0,4,7152.0,Completed
2024-12-28,Omar Farouk,test.a@web.net,Books,4585.0,6,27510.0,Pending
2024-05-17,Yomna Soror,yomna.dev@email.com,Groceries,2692.0,3,8076.0,Completed
2024-01-25,Sara Ahmed,test.a@web.net,Office Supplies,3128.0,5,15640.0,Pending
2024-03-02,Sara Ahmed,info@market.eg,Home Decor,4431.0,6,26586.0,Pending
2024-10-06,Zainab Tarek,test.a@web.net,Home Decor,2682.0,6,16092.0,Refunded
2024-05-24,Marwan Khaled,m.zaki@mail.com,Groceries,3652.0,9,32868.0,Shipped
2024-08-09,Omar Farouk,info@market.eg,Electronics,3388.0,9,30492.0,Completed
2024-07-26,Zainab Tarek,sales@hub.com,Books,3446.0,8,27568.0,Refunded
2024-10-25,Mona Zaki,user1@mail.com,Clothing,1815.0,3,5445.0,Pending
2024-01-06,Omar Farouk,info@market.eg,Clothing,936.0,4,3744.0,Shipped
2024-03-25,Layla Mohamed,admin@tech.io,Home Decor,2247.0,9,20223.0,Pending
2024-06-17,Ali Hassan,admin@tech.io,Electronics,1830.0,5,9150.0,Shipped
2024-05-02,Ahmed Ali,test.a@web.net,Office Supplies,2922.0,8,23376.0,Cancelled
2024-05-12,Ahmed Ali,m.zaki@mail.com,Electronics,3117.0,3,9351.0,Cancelled
2024-05-13,Layla Mohamed,yomna.dev@email.com,Electronics,2543.0,2,5086.0,Pending
2024-12-23,Layla Mohamed,yomna.dev@email.com,Groceries,595.0,3,1785.0,Pending
2024-04-21,Zainab Tarek,user1@mail.com,Office Supplies,313.0,7,2191.0,Refunded
2024-10-27,Omar Farouk,user1@mail.com,Home Decor,1874.0,2,3748.0,Refunded
2024-08-08,Ali Hassan,m.zaki@mail.com,Books,4265.0,1,4265.0,Refunded
2024-01-11,Sara Ahmed,test.a@web.net,Books,1409.0,10,14090.0,Shipped
2024-09-14,Huda Mansour,yomna.dev@email.com,Clothing,2886.0,2,5772.0,Pending
2024-09-27,Ahmed Ali,sales@hub.com,Office Supplies,1356.0,4,5424.0,Pending
2024-05-18,Ahmed Ali,yomna.dev@email.com,Clothing,244.0,4,976.0,Shipped
2024-02-24,Layla Mohamed,m.zaki@mail.com,Books,2304.0,9,20736.0,Shipped
2024-03-20,Huda Mansour,sales@hub.com,Groceries,479.0,7,3353.0,Cancelled
2024-06-05,Zainab Tarek,m.zaki@mail.com,Clothing,1477.0,10,14770.0,Shipped
2024-12-22,Yomna Soror,sales@hub.com,Groceries,4531.0,3,13593.0,Cancelled
2024-05-26,Ali Hassan,contact@service.org,Groceries,118.0,5,590.0,Refunded
2024-05-14,Sara Ahmed,user1@mail.com,Books,3675.0,2,7350.0,Completed
2024-12-17,Omar Farouk,sales@hub.com,Electronics,906.0,7,6342.0,Refunded
2024-09-07,Zainab Tarek,info@market.eg,Electronics,3408.0,2,6816.0,Refunded
2024-03-20,Omar Farouk,sales@hub.com,Home Decor,2358.0,3,7074.0,Completed
2024-10-28,Yomna Soror,m.zaki@mail.com,Electronics,2831.0,8,22648.0,Shipped
2024-02-01,Omar Farouk,m.zaki@mail.com,Office Supplies,4181.0,5,20905.0,Completed
2024-10-18,Marwan Khaled,sales@hub.com,Office Supplies,465.0,10,4650.0,Cancelled
2024-03-25,Mona Zaki,contact@service.org,Office Supplies,1062.0,6,6372.0,Refunded
2024-09-15,Layla Mohamed,yomna.dev@email.com,Office Supplies,3155.0,7,22085.0,Completed
2024-09-13,Zainab Tarek,contact@service.org,Books,234.0,1,234.0,Refunded
2024-11-17,Marwan Khaled,test.a@web.net,Books,2889.0,1,2889.0,Cancelled
2024-05-02,Sara Ahmed,sales@hub.com,Home Decor,2038.0,5,10190.0,Refunded
2024-10-16,Ali Hassan,sales@hub.com,Groceries,538.0,5,2690.0,Shipped
2024-04-16,Marwan Khaled,admin@tech.io,Electronics,642.0,3,1926.0,Pending
2024-02-16,Yomna Soror,info@market.eg,Home Decor,534.0,1,534.0,Cancelled
2024-12-09,Sara Ahmed,test.a@web.net,Home Decor,2266.0,3,6798.0,Pending
2024-05-08,Mona Zaki,contact@service.org,Clothing,4277.0,10,42770.0,Pending
2024-05-07,Ali Hassan,admin@tech.io,Office Supplies,1409.0,10,14090.0,Cancelled
2024-03-19,Huda Mansour,sales@hub.com,Electronics,4653.0,10,46530.0,Pending
2024-08-28,Huda Mansour,m.zaki@mail.com,Groceries,2568.0,7,17976.0,Cancelled
2024-02-27,Marwan Khaled,test.a@web.net,Clothing,3719.0,9,33471.0,Refunded
2024-12-23,Mona Zaki,m.zaki@mail.com,Office Supplies,197.0,3,591.0,Refunded
2024-04-21,Marwan Khaled,test.a@web.net,Electronics,3456.0,10,34560.0,Cancelled
2024-08-20,Huda Mansour,admin@tech.io,Electronics,681.0,5,3405.0,Shipped
2024-05-19,Omar Farouk,sales@hub.com,Groceries,1187.0,8,9496.0,Completed
2024-10-18,Mona Zaki,m.zaki@mail.com,Office Supplies,1049.0,5,5245.0,Shipped
2024-12-16,Ahmed Ali,sales@hub.com,Books,2514.0,2,5028.0,Refunded
2024-12-15,Sara Ahmed,contact@service.org,Groceries,2374.0,6,14244.0,Cancelled
2024-09-09,Layla Mohamed,test.a@web.net,Clothing,937.0,7,6559.0,Pending
2024-02-07,Omar Farouk,user1@mail.com,Books,2289.0,3,6867.0,Pending
2024-06-03,Yomna Soror,admin@tech.io,Clothing,1827.0,8,14616.0,Completed
2024-01-19,Ali Hassan,m.zaki@mail.com,Books,1063.0,10,10630.0,Completed
2024-10-26,Omar Farouk,m.zaki@mail.com,Office Supplies,2511.0,6,15066.0,Refunded
2024-05-24,Mona Zaki,,Groceries,1945.0,7,13615.0,Cancelled
2024-02-17,Sara Ahmed,admin@tech.io,Office Supplies,3756.0,9,33804.0,Completed
2024-06-01,Ali Hassan,contact@service.org,Groceries,1597.0,9,14373.0,Cancelled
2024-08-23,Mona Zaki,contact@service.org,Office Supplies,1090.0,6,6540.0,Shipped
2024-06-27,Omar Farouk,test.a@web.net,Clothing,3019.0,8,24152.0,Pending
2024-01-15,Sara Ahmed,info@market.eg,Electronics,3458.0,8,27664.0,Cancelled
2024-12-05,Omar Farouk,contact@service.org,Clothing,3541.0,4,14164.0,Pending
2024-10-09,Sara Ahmed,yomna.dev@email.com,Home Decor,4830.0,2,9660.0,Pending
2024-05-08,Zainab Tarek,sales@hub.com,Books,4217.0,3,12651.0,Pending
2024-07-01,Zainab Tarek,contact@service.org,Home Decor,2792.0,10,27920.0,Cancelled
2024-01-12,Huda Mansour,admin@tech.io,Home Decor,3023.0,6,18138.0,Pending
2024-01-08,Yomna Soror,sales@hub.com,Groceries,3392.0,8,27136.0,Pending
2024-04-02,Ali Hassan,contact@service.org,Clothing,1040.0,10,10400.0,Refunded
2024-11-10,Sara Ahmed,admin@tech.io,Office Supplies,3467.0,7,24269.0,Refunded
2024-12-07,Ahmed Ali,yomna.dev@email.com,Home Decor,117.0,9,1053.0,Completed
2024-12-24,Layla Mohamed,yomna.dev@email.com,Electronics,3815.0,10,38150.0,Cancelled
2024-05-06,Ali Hassan,m.zaki@mail.com,Groceries,2793.0,4,11172.0,Shipped
2024-10-06,Yomna Soror,admin@tech.io,Groceries,1632.0,10,16320.0,Pending
2024-04-18,Yomna Soror,yomna.dev@email.com,Groceries,1276.0,10,12760.0,Pending
2024-09-09,Omar Farouk,user1@mail.com,Office Supplies,3213.0,7,22491.0,Completed
2024-05-04,Marwan Khaled,sales@hub.com,Books,3556.0,8,28448.0,Completed
2024-05-23,Sara Ahmed,yomna.dev@email.com,Electronics,940.0,10,9400.0,Pending
2024-09-02,Layla Mohamed,yomna.dev@email.com,Books,3784.0,3,11352.0,Shipped
2024-08-24,Zainab Tarek,yomna.dev@email.com,Groceries,2241.0,7,15687.0,Refunded
2024-03-13,Omar Farouk,sales@hub.com,Groceries,2927.0,9,26343.0,Refunded
2024-01-17,Mona Zaki,admin@tech.io,Groceries,3493.0,3,10479.0,Completed
2024-10-10,Omar Farouk,info@market.eg,Home Decor,4427.0,3,13281.0,Cancelled
2024-11-06,Layla Mohamed,yomna.dev@email.com,Office Supplies,2773.0,5,13865.0,Cancelled
2024-06-17,Zainab Tarek,test.a@web.net,Home Decor,2514.0,8,20112.0,Cancelled
2024-08-09,Ali Hassan,admin@tech.io,Groceries,4702.0,4,18808.0,Refunded
2024-03-08,Yomna Soror,yomna.dev@email.com,Groceries,3606.0,4,14424.0,Shipped
2024-01-01,Omar Farouk,user1@mail.com,Home Decor,3447.0,8,27576.0,Pending
2024-08-15,Ahmed Ali,test.a@web.net,Electronics,2648.0,8,21184.0,Shipped
2024-09-23,Mona Zaki,user1@mail.com,Electronics,2889.0,10,28890.0,Shipped
2024-01-01,Zainab Tarek,m.zaki@mail.com,Books,2901.0,1,2901.0,Completed
2024-03-28,Marwan Khaled,sales@hub.com,Clothing,3748.0,3,11244.0,Completed
2024-04-24,Marwan Khaled,sales@hub.com,Groceries,3123.0,10,31230.0,Cancelled
2024-11-08,Yomna Soror,user1@mail.com,Books,4300.0,5,21500.0,Refunded
2024-01-05,Ahmed Ali,yomna.dev@email.com,Books,1133.0,10,11330.0,Pending
2024-05-15,Ali Hassan,m.zaki@mail.com,Electronics,645.0,3,1935.0,Cancelled
2024-12-15,Huda Mansour,admin@tech.io,Electronics,2235.0,9,20115.0,Shipped
2024-09-13,Layla Mohamed,info@market.eg,Groceries,4135.0,4,16540.0,Refunded
2024-08-10,Mona Zaki,user1@mail.com,Books,346.0,1,346.0,Pending
2024-11-05,Layla Mohamed,test.a@web.net,Office Supplies,3231.0,9,29079.0,Pending
2024-02-26,Sara Ahmed,m.zaki@mail.com,Groceries,4945.0,9,44505.0,Refunded
2024-02-11,Layla Mohamed,admin@tech.io,Clothing,1407.0,8,11256.0,Pending
2024-04-10,Mona Zaki,user1@mail.com,Office Supplies,4438.0,9,39942.0,Pending
2024-11-18,Omar Farouk,yomna.dev@email.com,Office Supplies,3723.0,3,11169.0,Completed
2024-05-18,Mona Zaki,user1@mail.com,Home Decor,4623.0,3,13869.0,Refunded
2024-06-04,Layla Mohamed,m.zaki@mail.com,Electronics,2864.0,8,22912.0,Shipped
2024-03-13,Ali Hassan,sales@hub.com,Home Decor,1185.0,1,1185.0,Refunded
2024-06-25,Sara Ahmed,sales@hub.com,Clothing,4190.0,4,16760.0,Cancelled
2024-06-09,Mona Zaki,admin@tech.io,Office Supplies,2575.0,3,7725.0,Shipped
2024-03-08,Sara Ahmed,yomna.dev@email.com,Home Decor,1695.0,10,16950.0,Completed
2024-06-21,Layla Mohamed,sales@hub.com,Electronics,2380.0,7,16660.0,Shipped
2024-07-03,Mona Zaki,m.zaki@mail.com,Office Supplies,4594.0,6,27564.0,Cancelled
2024-12-28,Zainab Tarek,sales@hub.com,Clothing,4728.0,5,23640.0,Completed
2024-12-25,Huda Mansour,test.a@web.net,Office Supplies,450.0,5,2250.0,Completed
2024-11-24,Huda Mansour,contact@service.org,Books,440.0,3,1320.0,Completed
2024-01-08,Layla Mohamed,sales@hub.com,Office Supplies,4382.0,7,30674.0,Shipped
2024-06-06,Mona Zaki,info@market.eg,Clothing,1067.0,4,4268.0,Shipped
2024-05-15,Yomna Soror,admin@tech.io,Books,3051.0,5,15255.0,Cancelled
2024-07-21,Ahmed Ali,yomna.dev@email.com,Clothing,3219.0,9,28971.0,Completed
2024-06-24,Omar Farouk,yomna.dev@email.com,Home Decor,521.0,4,2084.0,Shipped
2024-09-08,Mona Zaki,info@market.eg,Clothing,2224.0,2,4448.0,Pending
2024-04-04,Ahmed Ali,contact@service.org,Books,2234.0,6,13404.0,Refunded
2024-09-02,Yomna Soror,info@market.eg,Office Supplies,4914.0,6,29484.0,Shipped
2024-05-04,Omar Farouk,info@market.eg,Clothing,1125.0,7,7875.0,Refunded
2024-12-04,Yomna Soror,user1@mail.com,Books,258.0,7,1806.0,Cancelled
2024-08-16,Ahmed Ali,sales@hub.com,Home Decor,159.0,1,159.0,Shipped
2024-10-18,Marwan Khaled,m.zaki@mail.com,Groceries,2064.0,8,16512.0,Refunded
2024-07-13,Marwan Khaled,user1@mail.com,Clothing,1716.0,2,3432.0,Completed
2024-04-11,Zainab Tarek,m.zaki@mail.com,Home Decor,1183.0,3,3549.0,Refunded
2024-01-18,Omar Farouk,admin@tech.io,Home Decor,4952.0,6,29712.0,Shipped
2024-02-14,Huda Mansour,m.zaki@mail.com,Books,3913.0,9,35217.0,Shipped
2024-06-01,Huda Mansour,m.zaki@mail.com,Groceries,3458.0,5,17290.0,Completed
2024-09-15,Layla Mohamed,info@market.eg,Home Decor,1393.0,6,8358.0,Cancelled
2024-07-22,Marwan Khaled,yomna.dev@email.com,Clothing,4794.0,8,38352.0,Pending
2024-08-16,Sara Ahmed,sales@hub.com,Clothing,2170.0,4,8680.0,Pending
2024-06-27,Zainab Tarek,m.zaki@mail.com,Groceries,2042.0,9,18378.0,Refunded
2024-04-07,Yomna Soror,yomna.dev@email.com,Groceries,750.0,4,3000.0,Refunded
2024-08-14,Sara Ahmed,sales@hub.com,Groceries,4385.0,8,35080.0,Refunded
2024-09-01,Huda Mansour,admin@tech.io,Office Supplies,666.0,10,6660.0,Cancelled
2024-09-13,Omar Farouk,yomna.dev@email.com,Clothing,4794.0,7,33558.0,Refunded
2024-06-03,Zainab Tarek,m.zaki@mail.com,Books,3588.0,5,17940.0,Completed
2024-09-11,Mona Zaki,info@market.eg,Home Decor,1987.0,9,17883.0,Shipped
2024-08-01,Zainab Tarek,contact@service.org,Office Supplies,571.0,8,4568.0,Shipped
2024-08-16,Ahmed Ali,admin@tech.io,Clothing,4467.0,1,4467.0,Cancelled
2024-06-14,Ali Hassan,user1@mail.com,Books,3609.0,9,32481.0,Completed
2024-02-08,Sara Ahmed,test.a@web.net,Office Supplies,728.0,3,2184.0,Pending
2024-08-19,Layla Mohamed,yomna.dev@email.com,Groceries,651.0,1,651.0,Refunded
2024-03-04,Ahmed Ali,info@market.eg,Office Supplies,1696.0,5,8480.0,Refunded
2024-09-22,Omar Farouk,test.a@web.net,Office Supplies,2281.0,7,15967.0,Shipped
2024-01-01,Ahmed Ali,m.zaki@mail.com,Home Decor,2523.0,1,2523.0,Shipped
2024-09-25,Ahmed Ali,yomna.dev@email.com,Home Decor,101.0,7,707.0,Completed
2024-02-23,Zainab Tarek,contact@service.org,Electronics,1155.0,5,5775.0,Shipped
2024-05-12,Ahmed Ali,sales@hub.com,Books,3245.0,4,12980.0,Pending
2024-07-27,Omar Farouk,contact@service.org,Office Supplies,928.0,6,5568.0,Cancelled
2024-04-23,Layla Mohamed,m.zaki@mail.com,Office Supplies,3336.0,10,33360.0,Pending
2024-10-04,Huda Mansour,test.a@web.net,Books,4512.0,2,9024.0,Shipped
2024-11-24,Yomna Soror,sales@hub.com,Office Supplies,3744.0,7,26208.0,Shipped
2024-07-21,Ahmed Ali,user1@mail.com,Clothing,2961.0,7,20727.0,Shipped
2024-01-01,Ali Hassan,user1@mail.com,Books,3699.0,10,36990.0,Cancelled
2024-03-27,Ahmed Ali,test.a@web.net,Office Supplies,534.0,3,1602.0,Cancelled
2024-06-12,Layla Mohamed,test.a@web.net,Electronics,2849.0,10,28490.0,Refunded
2024-10-22,Yomna Soror,test.a@web.net,Office Supplies,1121.0,7,7847.0,Completed
2024-05-12,Sara Ahmed,test.a@web.net,Groceries,123.0,4,492.0,Refunded
2024-04-14,Sara Ahmed,yomna.dev@email.com,Books,1051.0,6,6306.0,Cancelled
2024-12-05,Zainab Tarek,m.zaki@mail.com,Books,1302.0,4,5208.0,Cancelled
2024-05-03,Sara Ahmed,info@market.eg,Electronics,331.0,2,662.0,Shipped
2024-05-25,Ali Hassan,info@market.eg,Office Supplies,2514.0,1,2514.0,Shipped
2024-02-04,Huda Mansour,user1@mail.com,Electronics,3113.0,3,9339.0,Completed
2024-02-17,Ahmed Ali,,Books,321.0,6,1926.0,Cancelled
2024-02-26,Marwan Khaled,yomna.dev@email.com,Groceries,3834.0,7,26838.0,Shipped
2024-11-18,Yomna Soror,m.zaki@mail.com,Groceries,223.0,4,892.0,Cancelled
2024-09-04,Zainab Tarek,test.a@web.net,Groceries,3794.0,8,30352.0,Cancelled
2024-04-19,Zainab Tarek,admin@tech.io,Clothing,2558.0,5,12790.0,Shipped
2024-04-12,Huda Mansour,m.zaki@mail.com,Books,4099.0,3,12297.0,Refunded
2024-02-02,Zainab Tarek,m.zaki@mail.com,Home Decor,2742.0,5,13710.0,Completed
2024-05-13,Ali Hassan,user1@mail.com,Groceries,3456.0,5,17280.0,Completed
2024-12-13,Layla Mohamed,info@market.eg,Clothing,697.0,5,3485.0,Pending
2024-01-04,Ali Hassan,sales@hub.com,Clothing,1479.0,1,1479.0,Shipped
2024-06-26,Omar Farouk,sales@hub.com,Clothing,3596.0,6,21576.0,Shipped
2024-08-25,Layla Mohamed,sales@hub.com,Books,2654.0,10,26540.0,Refunded
2024-07-18,Zainab Tarek,info@market.eg,Home Decor,3257.0,6,19542.0,Shipped
2024-07-23,Marwan Khaled,m.zaki@mail.com,Electronics,920.0,5,4600.0,Pending
2024-07-28,Sara Ahmed,user1@mail.com,Books,4537.0,1,4537.0,Cancelled
2024-03-18,Zainab Tarek,sales@hub.com,Clothing,427.0,2,854.0,Refunded
2024-09-23,Omar Farouk,contact@service.org,Home Decor,3626.0,8,29008.0,Pending
2024-05-21,Layla Mohamed,info@market.eg,Home Decor,936.0,3,2808.0,Refunded
2024-07-02,Omar Farouk,admin@tech.io,Clothing,172.0,9,1548.0,Refunded
2024-12-07,Ahmed Ali,m.zaki@mail.com,Home Decor,3375.0,3,10125.0,Pending
2024-12-05,Omar Farouk,sales@hub.com,Office Supplies,2514.0,4,10056.0,Completed
2024-09-15,Mona Zaki,yomna.dev@email.com,Books,3595.0,10,35950.0,Shipped
2024-10-06,Huda Mansour,m.zaki@mail.com,Office Supplies,56.0,6,336.0,Pending
2024-10-26,Ahmed Ali,m.zaki@mail.com,Home Decor,2156.0,10,21560.0,Refunded
2024-06-14,Sara Ahmed,test.a@web.net,Groceries,4183.0,1,4183.0,Completed
2024-03-02,Marwan Khaled,m.zaki@mail.com,Electronics,1828.0,8,14624.0,Shipped
2024-01-23,Ali Hassan,yomna.dev@email.com,Electronics,2023.0,8,16184.0,Pending
2024-09-04,Zainab Tarek,m.zaki@mail.com,Groceries,2099.0,8,16792.0,Refunded
2024-01-01,Ali Hassan,user1@mail.com,Home Decor,868.0,8,6944.0,Pending
2024-09-25,Sara Ahmed,contact@service.org,Electronics,546.0,3,1638.0,Refunded
2024-08-14,Ahmed Ali,m.zaki@mail.com,Home Decor,1136.0,8,9088.0,Cancelled
2024-11-11,Marwan Khaled,m.zaki@mail.com,Clothing,2806.0,2,5612.0,Completed
2024-08-05,Zainab Tarek,test.a@web.net,Books,3776.0,2,7552.0,Refunded
2024-02-17,Yomna Soror,test.a@web.net,Home Decor,2585.0,2,5170.0,Completed
2024-05-28,Omar Farouk,user1@mail.com,Books,2282.0,8,18256.0,Refunded
2024-10-05,Huda Mansour,admin@tech.io,Home Decor,3027.0,9,27243.0,Shipped
2024-12-07,Ali Hassan,info@market.eg,Office Supplies,4965.0,7,34755.0,Pending
2024-11-19,Mona Zaki,contact@service.org,Books,4347.0,6,26082.0,Refunded
2024-07-06,Sara Ahmed,admin@tech.io,Electronics,4539.0,2,9078.0,Completed
2024-04-10,Marwan Khaled,sales@hub.com,Electronics,3951.0,8,31608.0,Shipped
2024-11-10,Mona Zaki,yomna.dev@email.com,Books,2316.0,8,18528.0,Shipped
2024-10-01,Huda Mansour,test.a@web.net,Home Decor,555.0,5,2775.0,Refunded
2024-08-24,Huda Mansour,admin@tech.io,Books,4949.0,9,44541.0,Cancelled
2024-09-03,Zainab Tarek,info@market.eg,Groceries,2270.0,5,11350.0,Pending
2024-01-20,Ahmed Ali,admin@tech.io,Groceries,314.0,7,2198.0,Refunded
2024-04-15,Ali Hassan,contact@service.org,Home Decor,3921.0,9,35289.0,Cancelled
2024-11-28,Layla Mohamed,m.zaki@mail.com,Home Decor,2558.0,10,25580.0,Shipped
2024-10-01,Huda Mansour,contact@service.org,Books,4490.0,8,35920.0,Pending
2024-09-26,Omar Farouk,contact@service.org,Office Supplies,1458.0,9,13122.0,Completed
2024-02-21,Mona Zaki,m.zaki@mail.com,Office Supplies,3211.0,9,28899.0,Shipped
2024-01-01,Zainab Tarek,user1@mail.com,Groceries,3009.0,5,15045.0,Completed
2024-10-27,Huda Mansour,test.a@web.net,Clothing,2053.0,2,4106.0,Cancelled
2024-07-16,Marwan Khaled,user1@mail.com,Clothing,2361.0,5,11805.0,Completed
2024-10-11,Sara Ahmed,yomna.dev@email.com,Office Supplies,1174.0,9,10566.0,Pending
2024-06-03,Ali Hassan,contact@service.org,Office Supplies,1100.0,10,11000.0,Shipped
2024-04-11,Marwan Khaled,contact@service.org,Office Supplies,2269.0,2,4538.0,Completed
2024-12-01,Marwan Khaled,user1@mail.com,Office Supplies,1128.0,3,3384.0,Shipped
2024-09-05,Omar Farouk,contact@service.org,Books,848.0,3,2544.0,Refunded
2024-08-03,Omar Farouk,m.zaki@mail.com,Groceries,2432.0,1,2432.0,Shipped
2024-12-27,Ahmed Ali,info@market.eg,Office Supplies,316.0,9,2844.0,Refunded
2024-06-01,Ali Hassan,user1@mail.com,Electronics,2974.0,2,5948.0,Pending
2024-08-10,Omar Farouk,sales@hub.com,Electronics,4187.0,5,20935.0,Completed
2024-11-24,Sara Ahmed,sales@hub.com,Clothing,3630.0,8,29040.0,Shipped
2024-07-12,Layla Mohamed,m.zaki@mail.com,Electronics,2794.0,7,19558.0,Completed
2024-10-05,Omar Farouk,sales@hub.com,Groceries,3912.0,10,39120.0,Completed
2024-11-24,Mona Zaki,sales@hub.com,Home Decor,2661.0,3,7983.0,Refunded
2024-09-19,Layla Mohamed,contact@service.org,Groceries,2662.0,2,5324.0,Completed
2024-01-20,Marwan Khaled,test.a@web.net,Electronics,1874.0,2,3748.0,Shipped
2024-07-01,Yomna Soror,info@market.eg,Electronics,4831.0,10,48310.0,Shipped
2024-06-09,Huda Mansour,m.zaki@mail.com,Home Decor,4009.0,4,16036.0,Pending
2024-05-17,Omar Farouk,m.zaki@mail.com,Home Decor,1117.0,7,7819.0,Cancelled
2024-09-09,Omar Farouk,m.zaki@mail.com,Books,2932.0,5,14660.0,Shipped
2024-12-19,Omar Farouk,yomna.dev@email.com,Books,1187.0,4,4748.0,Completed
2024-09-14,Ahmed Ali,info@market.eg,Electronics,3204.0,10,32040.0,Completed
2024-06-05,Marwan Khaled,test.a@web.net,Clothing,1187.0,9,10683.0,Pending
2024-11-26,Ali Hassan,sales@hub.com,Groceries,2522.0,6,15132.0,Shipped
2024-06-07,Layla Mohamed,sales@hub.com,Office Supplies,292.0,9,2628.0,Cancelled
2024-07-16,Mona Zaki,info@market.eg,Books,4157.0,7,29099.0,Shipped
2024-09-04,Mona Zaki,contact@service.org,Office Supplies,2970.0,10,29700.0,Refunded
2024-08-28,Zainab Tarek,sales@hub.com,Electronics,2558.0,7,17906.0,Completed
2024-12-03,Omar Farouk,m.zaki@mail.com,Books,2216.0,6,13296.0,Pending
2024-02-22,Mona Zaki,yomna.dev@email.com,Books,554.0,6,3324.0,Shipped
2024-03-07,Marwan Khaled,sales@hub.com,Office Supplies,4105.0,10,41050.0,Shipped
2024-12-12,Ahmed Ali,admin@tech.io,Books,625.0,3,1875.0,Completed
2024-05-26,Zainab Tarek,admin@tech.io,Home Decor,931.0,9,8379.0,Shipped
2024-05-11,Mona Zaki,admin@tech.io,Electronics,1895.0,4,7580.0,Shipped
2024-06-04,Yomna Soror,user1@mail.com,Groceries,2589.0,6,15534.0,Completed
2024-08-27,Sara Ahmed,info@market.eg,Home Decor,333.0,5,1665.0,Cancelled
2024-10-28,Marwan Khaled,admin@tech.io,Clothing,2197.0,7,15379.0,Cancelled
2024-12-07,Ali Hassan,sales@hub.com,Electronics,4346.0,5,21730.0,Refunded
2024-10-22,Ali Hassan,admin@tech.io,Groceries,4936.0,7,34552.0,Cancelled
2024-02-17,Zainab Tarek,user1@mail.com,Groceries,3284.0,4,13136.0,Shipped
2024-02-11,Marwan Khaled,user1@mail.com,Groceries,2639.0,8,21112.0,Cancelled
2024-06-23,Sara Ahmed,sales@hub.com,Books,3740.0,8,29920.0,Shipped
2024-01-17,Ahmed Ali,info@market.eg,Books,373.0,1,373.0,Pending
2024-08-15,Marwan Khaled,yomna.dev@email.com,Clothing,2888.0,8,23104.0,Completed
2024-12-05,Sara Ahmed,m.zaki@mail.com,Books,537.0,1,537.0,Shipped
2024-02-25,Ahmed Ali,sales@hub.com,Groceries,2514.0,4,10056.0,Cancelled
2024-07-24,Yomna Soror,contact@service.org,Clothing,1754.0,6,10524.0,Pending
2024-03-12,Sara Ahmed,yomna.dev@email.com,Electronics,153.0,8,1224.0,Shipped
2024-11-22,Yomna Soror,sales@hub.com,Electronics,4874.0,8,38992.0,Refunded
2024-05-27,Zainab Tarek,info@market.eg,Home Decor,2850.0,1,2850.0,Refunded
2024-04-07,Huda Mansour,test.a@web.net,Groceries,440.0,1,440.0,Shipped
2024-03-11,Omar Farouk,admin@tech.io,Home Decor,984.0,5,4920.0,Cancelled
2024-05-11,Yomna Soror,yomna.dev@email.com,Home Decor,4100.0,6,24600.0,Cancelled
2024-04-23,Sara Ahmed,user1@mail.com,Electronics,4462.0,7,31234.0,Cancelled
2024-04-09,Ali Hassan,admin@tech.io,Clothing,1421.0,5,7105.0,Refunded
2024-01-16,Layla Mohamed,admin@tech.io,Clothing,2112.0,7,14784.0,Pending
2024-02-08,Yomna Soror,contact@service.org,Electronics,904.0,8,7232.0,Completed
2024-12-06,Ali Hassan,m.zaki@mail.com,Groceries,2568.0,2,5136.0,Completed
2024-03-22,Omar Farouk,info@market.eg,Electronics,1985.0,2,3970.0,Cancelled
2024-09-02,Sara Ahmed,user1@mail.com,Home Decor,3370.0,8,26960.0,Cancelled
2024-11-16,Mona Zaki,admin@tech.io,Books,182.0,7,1274.0,Completed
2024-10-17,Mona Zaki,user1@mail.com,Electronics,2399.0,4,9596.0,Completed
2024-12-12,Yomna Soror,m.zaki@mail.com,Clothing,914.0,5,4570.0,Cancelled
2024-07-05,Ahmed Ali,user1@mail.com,Electronics,849.0,10,8490.0,Refunded
2024-11-07,Ali Hassan,m.zaki@mail.com,Books,1166.0,5,5830.0,Refunded
2024-06-20,Ahmed Ali,sales@hub.com,Clothing,2357.0,10,23570.0,Shipped
2024-05-20,Marwan Khaled,m.zaki@mail.com,Books,907.0,5,4535.0,Pending
2024-03-21,Yomna Soror,sales@hub.com,Office Supplies,1815.0,6,10890.0,Pending
2024-12-08,Zainab Tarek,admin@tech.io,Groceries,2525.0,1,2525.0,Completed
2024-06-17,Huda Mansour,contact@service.org,Office Supplies,3063.0,3,9189.0,Refunded
2024-02-27,Omar Farouk,user1@mail.com,Electronics,2445.0,4,9780.0,Cancelled
2024-11-20,Mona Zaki,contact@service.org,Electronics,2310.0,10,23100.0,Cancelled
2024-06-08,Omar Farouk,admin@tech.io,Groceries,789.0,3,2367.0,Shipped
2024-04-27,Huda Mansour,user1@mail.com,Electronics,4755.0,7,33285.0,Completed
2024-02-16,Zainab Tarek,yomna.dev@email.com,Office Supplies,836.0,9,7524.0,Refunded
2024-09-23,Ahmed Ali,test.a@web.net,Clothing,4495.0,1,4495.0,Completed
2024-04-12,Omar Farouk,sales@hub.com,Clothing,4241.0,6,25446.0,Refunded
2024-11-28,Huda Mansour,m.zaki@mail.com,Books,4101.0,2,8202.0,Cancelled
2024-08-03,Omar Farouk,info@market.eg,Clothing,2420.0,5,12100.0,Pending
2024-11-15,Ali Hassan,contact@service.org,Clothing,3756.0,9,33804.0,Pending
2024-06-23,Ahmed Ali,admin@tech.io,Books,3992.0,5,19960.0,Shipped
2024-04-01,Sara Ahmed,user1@mail.com,Electronics,4162.0,6,24972.0,Shipped
2024-11-15,Mona Zaki,sales@hub.com,Home Decor,1102.0,2,2204.0,Cancelled
2024-12-15,Mona Zaki,contact@service.org,Office Supplies,4867.0,2,9734.0,Refunded
2024-01-19,Marwan Khaled,m.zaki@mail.com,Office Supplies,3780.0,9,34020.0,Cancelled
2024-12-25,Huda Mansour,test.a@web.net,Home Decor,3437.0,9,30933.0,Cancelled
2024-07-07,Sara Ahmed,yomna.dev@email.com,Books,1620.0,10,16200.0,Pending
2024-11-14,Marwan Khaled,m.zaki@mail.com,Books,3452.0,10,34520.0,Shipped
2024-12-03,Ali Hassan,contact@service.org,Home Decor,1759.0,2,3518.0,Shipped
2024-03-11,Yomna Soror,test.a@web.net,Office Supplies,772.0,7,5404.0,Pending
2024-03-16,Omar Farouk,sales@hub.com,Groceries,4575.0,3,13725.0,Cancelled
2024-02-08,Zainab Tarek,m.zaki@mail.com,Home Decor,4598.0,4,18392.0,Completed
2024-01-10,Marwan Khaled,sales@hub.com,Home Decor,769.0,1,769.0,Pending
2024-06-01,Marwan Khaled,user1@mail.com,Electronics,1698.0,9,15282.0,Pending
2024-09-08,Marwan Khaled,sales@hub.com,Groceries,3531.0,10,35310.0,Refunded
2024-11-07,Sara Ahmed,test.a@web.net,Groceries,3148.0,1,3148.0,Completed
2024-09-19,Ali Hassan,sales@hub.com,Groceries,3186.0,7,22302.0,Shipped
2024-01-21,Yomna Soror,m.zaki@mail.com,Clothing,4306.0,6,25836.0,Pending
2024-03-03,Sara Ahmed,sales@hub.com,Home Decor,4697.0,6,28182.0,Pending
2024-04-24,Ali Hassan,info@market.eg,Clothing,1289.0,5,6445.0,Completed
2024-09-23,Ahmed Ali,contact@service.org,Office Supplies,1910.0,6,11460.0,Refunded
2024-05-13,Yomna Soror,user1@mail.com,Clothing,471.0,3,1413.0,Completed
2024-02-15,Omar Farouk,sales@hub.com,Books,3833.0,10,38330.0,Pending
2024-07-25,Marwan Khaled,user1@mail.com,Groceries,1368.0,5,6840.0,Completed
2024-04-23,Ahmed Ali,contact@service.org,Office Supplies,2976.0,8,23808.0,Completed
2024-01-01,Yomna Soror,m.zaki@mail.com,Clothing,924.0,9,8316.0,Refunded
2024-02-28,Ahmed Ali,contact@service.org,Office Supplies,434.0,4,1736.0,Cancelled
2024-04-20,Zainab Tarek,sales@hub.com,Groceries,539.0,8,4312.0,Pending
2024-09-28,Ahmed Ali,admin@tech.io,Books,1813.0,9,16317.0,Refunded
2024-07-05,Yomna Soror,m.zaki@mail.com,Office Supplies,2988.0,7,20916.0,Pending
2024-12-14,Marwan Khaled,test.a@web.net,Clothing,1994.0,5,9970.0,Completed
2024-08-11,Marwan Khaled,info@market.eg,Electronics,4549.0,7,31843.0,Pending
2024-02-13,Sara Ahmed,info@market.eg,Home Decor,637.0,1,637.0,Shipped
2024-09-22,Marwan Khaled,test.a@web.net,Home Decor,2348.0,3,7044.0,Completed
2024-07-10,Layla Mohamed,yomna.dev@email.com,Electronics,4598.0,5,22990.0,Refunded
2024-03-08,Mona Zaki,info@market.eg,Home Decor,2467.0,10,24670.0,Completed
2024-10-03,Sara Ahmed,info@market.eg,Home Decor,3164.0,2,6328.0,Refunded
2024-09-01,Sara Ahmed,sales@hub.com,Clothing,1870.0,6,11220.0,Shipped
2024-12-15,Yomna Soror,user1@mail.com,Clothing,4637.0,7,32459.0,Pending
2024-06-24,Zainab Tarek,sales@hub.com,Clothing,3744.0,5,18720.0,Pending
2024-10-06,Ahmed Ali,m.zaki@mail.com,Groceries,3719.0,9,33471.0,Completed
2024-12-15,Mona Zaki,info@market.eg,Electronics,2282.0,3,6846.0,Completed
2024-06-04,Layla Mohamed,info@market.eg,Clothing,2298.0,1,2298.0,Cancelled
2024-05-13,Layla Mohamed,test.a@web.net,Books,2775.0,6,16650.0,Shipped
2024-09-07,Zainab Tarek,m.zaki@mail.com,Office Supplies,4284.0,10,42840.0,Completed
2024-04-09,Mona Zaki,contact@service.org,Office Supplies,3920.0,4,15680.0,Shipped
2024-07-19,Omar Farouk,sales@hub.com,Groceries,2273.0,7,15911.0,Refunded
2024-02-01,Zainab Tarek,info@market.eg,Home Decor,3248.0,8,25984.0,Cancelled
2024-05-13,Sara Ahmed,info@market.eg,Books,3177.0,5,15885.0,Shipped
2024-08-08,Omar Farouk,user1@mail.com,Electronics,154.0,5,770.0,Pending
2024-02-22,Ahmed Ali,admin@tech.io,Office Supplies,2012.0,3,6036.0,Refunded
2024-12-08,Ahmed Ali,user1@mail.com,Office Supplies,4197.0,9,37773.0,Cancelled
2024-11-16,Yomna Soror,yomna.dev@email.com,Clothing,1792.0,7,12544.0,Refunded
2024-07-16,Zainab Tarek,admin@tech.io,Clothing,228.0,2,456.0,Shipped
2024-07-11,Yomna Soror,test.a@web.net,Groceries,1120.0,2,2240.0,Completed
2024-02-17,Omar Farouk,yomna.dev@email.com,Home Decor,3678.0,2,7356.0,Pending
2024-05-03,Yomna Soror,yomna.dev@email.com,Office Supplies,1083.0,4,4332.0,Refunded
2024-09-22,Mona Zaki,test.a@web.net,Groceries,2718.0,10,27180.0,Cancelled
2024-07-16,Marwan Khaled,contact@service.org,Groceries,3851.0,9,34659.0,Refunded
2024-06-20,Zainab Tarek,yomna.dev@email.com,Books,3532.0,10,35320.0,Pending
2024-09-09,Layla Mohamed,admin@tech.io,Home Decor,3333.0,4,13332.0,Completed
2024-03-27,Ahmed Ali,sales@hub.com,Electronics,1028.0,5,5140.0,Shipped
2024-02-23,Ahmed Ali,sales@hub.com,Books,649.0,4,2596.0,Cancelled
2024-05-09,Layla Mohamed,user1@mail.com,Groceries,4566.0,9,41094.0,Cancelled
2024-01-15,Yomna Soror,contact@service.org,Home Decor,4705.0,4,18820.0,Pending
2024-04-09,Huda Mansour,user1@mail.com,Clothing,4634.0,7,32438.0,Pending
2024-05-05,Sara Ahmed,contact@service.org,Clothing,1746.0,4,6984.0,Pending
2024-09-01,Huda Mansour,contact@service.org,Groceries,3185.0,9,28665.0,Completed
2024-11-02,Omar Farouk,admin@tech.io,Electronics,4478.0,10,44780.0,Completed
2024-07-04,Zainab Tarek,info@market.eg,Electronics,2514.0,4,10056.0,Shipped
2024-12-01,Sara Ahmed,yomna.dev@email.com,Electronics,4179.0,6,25074.0,Cancelled
2024-01-28,Zainab Tarek,contact@service.org,Groceries,4864.0,4,19456.0,Completed
2024-06-06,Layla Mohamed,admin@tech.io,Office Supplies,2279.0,9,20511.0,Cancelled
2024-11-16,Mona Zaki,yomna.dev@email.com,Groceries,2025.0,4,8100.0,Shipped
2024-01-24,Mona Zaki,admin@tech.io,Electronics,81.0,5,405.0,Shipped
2024-07-23,Omar Farouk,test.a@web.net,Books,4812.0,3,14436.0,Pending
2024-10-20,Omar Farouk,yomna.dev@email.com,Clothing,417.0,2,834.0,Cancelled
2024-09-14,Marwan Khaled,test.a@web.net,Groceries,931.0,9,8379.0,Cancelled
2024-01-09,Mona Zaki,m.zaki@mail.com,Home Decor,1528.0,8,12224.0,Completed
2024-11-12,Mona Zaki,test.a@web.net,Clothing,1228.0,4,4912.0,Pending
2024-01-23,Omar Farouk,info@market.eg,Groceries,2152.0,3,6456.0,Pending
2024-07-09,Yomna Soror,user1@mail.com,Clothing,1889.0,6,11334.0,Pending
2024-03-25,Ahmed Ali,sales@hub.com,Home Decor,1569.0,5,7845.0,Completed
2024-11-21,Zainab Tarek,sales@hub.com,Books,4500.0,3,13500.0,Shipped
2024-03-25,Zainab Tarek,test.a@web.net,Books,981.0,10,9810.0,Shipped
2024-08-03,Marwan Khaled,test.a@web.net,Groceries,3793.0,9,34137.0,Pending
2024-01-13,Sara Ahmed,m.zaki@mail.com,Clothing,2867.0,9,25803.0,Completed
2024-07-15,Zainab Tarek,yomna.dev@email.com,Electronics,225.0,5,1125.0,Cancelled
2024-03-09,Ali Hassan,info@market.eg,Clothing,2803.0,10,28030.0,Pending
2024-06-28,Zainab Tarek,admin@tech.io,Clothing,3666.0,4,14664.0,Pending
2024-03-12,Ali Hassan,info@market.eg,Electronics,4601.0,9,41409.0,Completed
2024-10-08,Zainab Tarek,info@market.eg,Clothing,1088.0,4,4352.0,Cancelled
2024-09-09,Yomna Soror,admin@tech.io,Books,3613.0,1,3613.0,Cancelled
2024-04-21,Ali Hassan,user1@mail.com,Office Supplies,4413.0,4,17652.0,Completed
2024-03-26,Mona Zaki,user1@mail.com,Clothing,3647.0,10,36470.0,Cancelled
2024-07-20,Omar Farouk,info@market.eg,Groceries,2023.0,7,14161.0,Refunded
2024-05-04,Omar Farouk,m.zaki@mail.com,Office Supplies,3449.0,6,20694.0,Pending
2024-03-18,Mona Zaki,user1@mail.com,Clothing,2929.0,9,26361.0,Cancelled
2024-07-23,Omar Farouk,contact@service.org,Clothing,2293.0,2,4586.0,Shipped
2024-08-13,Yomna Soror,info@market.eg,Clothing,4739.0,3,14217.0,Shipped
2024-07-16,Marwan Khaled,yomna.dev@email.com,Books,4415.0,5,22075.0,Pending
2024-11-10,Layla Mohamed,contact@service.org,Books,4621.0,8,36968.0,Pending
2024-02-10,Omar Farouk,yomna.dev@email.com,Clothing,4821.0,5,24105.0,Shipped
2024-05-23,Sara Ahmed,contact@service.org,Clothing,1792.0,6,10752.0,Shipped
2024-02-06,Yomna Soror,user1@mail.com,Office Supplies,2103.0,3,6309.0,Completed
2024-12-02,Layla Mohamed,admin@tech.io,Groceries,494.0,5,2470.0,Refunded
2024-03-22,Huda Mansour,user1@mail.com,Office Supplies,2329.0,3,6987.0,Completed
2024-02-01,Layla Mohamed,test.a@web.net,Books,1139.0,6,6834.0,Refunded
2024-04-17,Ali Hassan,test.a@web.net,Books,3142.0,4,12568.0,Refunded
2024-11-25,Yomna Soror,yomna.dev@email.com,Books,1652.0,3,4956.0,Cancelled
2024-12-08,Sara Ahmed,sales@hub.com,Home Decor,1752.0,4,7008.0,Shipped
2024-04-28,Sara Ahmed,yomna.dev@email.com,Groceries,2177.0,10,21770.0,Pending
2024-10-22,Zainab Tarek,test.a@web.net,Office Supplies,3714.0,4,14856.0,Shipped
2024-11-26,Sara Ahmed,sales@hub.com,Home Decor,915.0,2,1830.0,Shipped
2024-05-24,Omar Farouk,test.a@web.net,Books,2099.0,9,18891.0,Refunded
2024-05-16,Ali Hassan,admin@tech.io,Books,126.0,5,630.0,Pending
2024-09-02,Marwan Khaled,contact@service.org,Office Supplies,650.0,10,6500.0,Refunded
2024-03-13,Mona Zaki,user1@mail.com,Groceries,4701.0,4,18804.0,Refunded
2024-10-13,Layla Mohamed,contact@service.org,Books,3986.0,6,23916.0,Pending
2024-10-14,Sara Ahmed,sales@hub.com,Books,1336.0,3,4008.0,Cancelled
2024-06-21,Ali Hassan,contact@service.org,Books,1840.0,3,5520.0,Completed
2024-07-21,Yomna Soror,admin@tech.io,Home Decor,1311.0,1,1311.0,Pending
2024-09-23,Zainab Tarek,contact@service.org,Home Decor,2362.0,7,16534.0,Cancelled
2024-09-16,Zainab Tarek,yomna.dev@email.com,Groceries,1328.0,9,11952.0,Pending
2024-12-14,Ali Hassan,admin@tech.io,Electronics,855.0,6,5130.0,Cancelled
2024-04-25,Mona Zaki,user1@mail.com,Home Decor,103.0,4,412.0,Refunded
2024-04-07,Omar Farouk,user1@mail.com,Clothing,2035.0,9,18315.0,Completed
2024-02-24,Huda Mansour,user1@mail.com,Electronics,755.0,2,1510.0,Pending
2024-01-01,Sara Ahmed,info@market.eg,Electronics,3036.0,6,18216.0,Completed
2024-11-09,Huda Mansour,info@market.eg,Groceries,954.0,10,9540.0,Cancelled
2024-11-19,Sara Ahmed,contact@service.org,Clothing,4033.0,5,20165.0,Pending
2024-07-01,Omar Farouk,sales@hub.com,Home Decor,2664.0,8,21312.0,Pending
2024-12-19,Huda Mansour,info@market.eg,Groceries,164.0,8,1312.0,Shipped
2024-08-01,Mona Zaki,sales@hub.com,Books,3941.0,5,19705.0,Cancelled
2024-12-10,Sara Ahmed,admin@tech.io,Groceries,2071.0,8,16568.0,Shipped
2024-10-21,Sara Ahmed,admin@tech.io,Office Supplies,4367.0,5,21835.0,Shipped
2024-07-08,Sara Ahmed,admin@tech.io,Electronics,298.0,9,2682.0,Shipped
2024-01-11,Layla Mohamed,test.a@web.net,Office Supplies,729.0,7,5103.0,Shipped
2024-08-09,Layla Mohamed,user1@mail.com,Clothing,1652.0,5,8260.0,Refunded
2024-05-14,Sara Ahmed,test.a@web.net,Home Decor,1841.0,5,9205.0,Pending
2024-09-01,Sara Ahmed,contact@service.org,Electronics,4668.0,1,4668.0,Refunded
2024-06-09,Huda Mansour,sales@hub.com,Home Decor,694.0,6,4164.0,Pending
2024-12-12,Layla Mohamed,yomna.dev@email.com,Office Supplies,4647.0,2,9294.0,Pending
2024-12-05,Huda Mansour,test.a@web.net,Clothing,2586.0,10,25860.0,Refunded
2024-11-12,Sara Ahmed,test.a@web.net,Clothing,1832.0,1,1832.0,Shipped
2024-09-01,Mona Zaki,m.zaki@mail.com,Electronics,2218.0,5,11090.0,Pending
2024-02-06,Marwan Khaled,user1@mail.com,Home Decor,4705.0,10,47050.0,Refunded
2024-11-12,Marwan Khaled,admin@tech.io,Office Supplies,1359.0,3,4077.0,Refunded
2024-10-03,Ahmed Ali,user1@mail.com,Electronics,1889.0,5,9445.0,Pending
2024-10-26,Sara Ahmed,test.a@web.net,Clothing,4225.0,6,25350.0,Completed
2024-12-17,Layla Mohamed,test.a@web.net,Home Decor,2006.0,2,4012.0,Shipped
2024-11-24,Sara Ahmed,contact@service.org,Home Decor,3245.0,2,6490.0,Shipped
2024-03-27,Ahmed Ali,user1@mail.com,Clothing,3451.0,5,17255.0,Refunded
2024-03-14,Ali Hassan,admin@tech.io,Electronics,4367.0,6,26202.0,Cancelled
2024-04-01,Ali Hassan,m.zaki@mail.com,Office Supplies,2503.0,7,17521.0,Cancelled
2024-12-26,Sara Ahmed,sales@hub.com,Home Decor,428.0,5,2140.0,Refunded
2024-12-18,Mona Zaki,m.zaki@mail.com,Electronics,2900.0,8,23200.0,Cancelled
2024-10-09,Yomna Soror,user1@mail.com,Books,2151.0,4,8604.0,Cancelled
2024-03-22,Zainab Tarek,yomna.dev@email.com,Clothing,4000.0,8,32000.0,Pending
2024-03-22,Marwan Khaled,m.zaki@mail.com,Books,4135.0,2,8270.0,Shipped
2024-01-14,Yomna Soror,yomna.dev@email.com,Electronics,3763.0,6,22578.0,Pending
2024-05-21,Omar Farouk,info@market.eg,Clothing,2773.0,2,5546.0,Cancelled
2024-07-23,Marwan Khaled,m.zaki@mail.com,Electronics,1145.0,9,10305.0,Cancelled
2024-08-20,Sara Ahmed,m.zaki@mail.com,Home Decor,4384.0,7,30688.0,Shipped
2024-07-13,Layla Mohamed,contact@service.org,Home Decor,2535.0,10,25350.0,Refunded
2024-07-28,Ali Hassan,user1@mail.com,Office Supplies,4994.0,7,34958.0,Cancelled
2024-10-28,Marwan Khaled,info@market.eg,Books,1613.0,10,16130.0,Completed
2024-12-08,Ahmed Ali,yomna.dev@email.com,Office Supplies,1620.0,8,12960.0,Shipped
2024-06-20,Ali Hassan,user1@mail.com,Groceries,480.0,9,4320.0,Shipped
2024-05-01,Yomna Soror,user1@mail.com,Clothing,3735.0,2,7470.0,Pending
2024-01-05,Marwan Khaled,info@market.eg,Office Supplies,4596.0,2,9192.0,Pending
2024-09-23,Layla Mohamed,test.a@web.net,Books,1007.0,7,7049.0,Completed
2024-03-10,Huda Mansour,test.a@web.net,Clothing,808.0,9,7272.0,Pending
2024-10-09,Zainab Tarek,admin@tech.io,Books,3250.0,6,19500.0,Shipped
2024-07-13,Yomna Soror,user1@mail.com,Home Decor,1681.0,9,15129.0,Refunded
2024-07-28,Sara Ahmed,admin@tech.io,Home Decor,1588.0,7,11116.0,Refunded
2024-03-08,Ahmed Ali,yomna.dev@email.com,Office Supplies,707.0,6,4242.0,Completed
2024-08-26,Huda Mansour,user1@mail.com,Electronics,92.0,5,460.0,Completed
2024-07-23,Marwan Khaled,yomna.dev@email.com,Office Supplies,1120.0,10,11200.0,Refunded
2024-10-26,Yomna Soror,test.a@web.net,Office Supplies,577.0,1,577.0,Pending
2024-01-24,Sara Ahmed,,Groceries,3874.0,9,34866.0,Refunded
2024-03-20,Huda Mansour,m.zaki@mail.com,Groceries,1425.0,4,5700.0,Pending
2024-02-07,Zainab Tarek,admin@tech.io,Home Decor,816.0,5,4080.0,Pending
2024-10-27,Yomna Soror,m.zaki@mail.com,Electronics,2323.0,5,11615.0,Pending
2024-11-21,Omar Farouk,user1@mail.com,Clothing,619.0,7,4333.0,Shipped
2024-03-25,Ahmed Ali,info@market.eg,Groceries,865.0,1,865.0,Shipped
2024-10-11,Yomna Soror,m.zaki@mail.com,Office Supplies,4362.0,8,34896.0,Pending
2024-06-12,Mona Zaki,yomna.dev@email.com,Office Supplies,343.0,6,2058.0,Completed
2024-10-21,Sara Ahmed,admin@tech.io,Office Supplies,4066.0,7,28462.0,Refunded
2024-12-02,Mona Zaki,user1@mail.com,Home Decor,1255.0,10,12550.0,Cancelled
2024-02-17,Huda Mansour,test.a@web.net,Office Supplies,2347.0,5,11735.0,Cancelled
2024-04-21,Huda Mansour,yomna.dev@email.com,Office Supplies,673.0,1,673.0,Shipped
2024-10-11,Omar Farouk,m.zaki@mail.com,Home Decor,3893.0,4,15572.0,Completed
2024-08-27,Ahmed Ali,user1@mail.com,Clothing,2208.0,7,15456.0,Completed
2024-07-18,Yomna Soror,contact@service.org,Books,178.0,3,534.0,Pending
2024-01-20,Layla Mohamed,user1@mail.com,Books,4104.0,8,32832.0,Shipped
2024-06-20,Omar Farouk,contact@service.org,Groceries,3891.0,3,11673.0,Pending
2024-02-07,Mona Zaki,yomna.dev@email.com,Electronics,2024.0,10,20240.0,Shipped
2024-01-21,Ali Hassan,m.zaki@mail.com,Electronics,2900.0,8,23200.0,Refunded
2024-04-15,Layla Mohamed,admin@tech.io,Office Supplies,1523.0,4,6092.0,Shipped
2024-09-23,Zainab Tarek,contact@service.org,Books,3549.0,7,24843.0,Shipped
2024-12-12,Huda Mansour,info@market.eg,Office Supplies,4061.0,3,12183.0,Pending
2024-08-02,Huda Mansour,yomna.dev@email.com,Electronics,655.0,10,6550.0,Shipped
2024-12-25,Huda Mansour,sales@hub.com,Home Decor,2756.0,6,16536.0,Refunded
2024-02-15,Mona Zaki,yomna.dev@email.com,Electronics,835.0,1,835.0,Refunded
2024-08-15,Marwan Khaled,test.a@web.net,Electronics,3785.0,6,22710.0,Shipped
2024-01-21,Layla Mohamed,m.zaki@mail.com,Books,1574.0,10,15740.0,Completed
2024-06-22,Huda Mansour,user1@mail.com,Electronics,208.0,10,2080.0,Shipped
2024-04-23,Huda Mansour,user1@mail.com,Electronics,3050.0,7,21350.0,Pending
2024-04-20,Sara Ahmed,m.zaki@mail.com,Groceries,2429.0,6,14574.0,Completed
2024-01-21,Sara Ahmed,test.a@web.net,Electronics,2914.0,6,17484.0,Cancelled
2024-05-02,Ahmed Ali,user1@mail.com,Clothing,3125.0,6,18750.0,Shipped
2024-09-02,Ahmed Ali,test.a@web.net,Electronics,1490.0,7,10430.0,Completed
2024-10-14,Yomna Soror,admin@tech.io,Electronics,4298.0,1,4298.0,Pending
2024-02-06,Ali Hassan,m.zaki@mail.com,Office Supplies,3938.0,8,31504.0,Refunded
2024-09-25,Marwan Khaled,test.a@web.net,Groceries,351.0,6,2106.0,Cancelled
2024-03-21,Mona Zaki,test.a@web.net,Clothing,992.0,6,5952.0,Refunded
2024-04-06,Ali Hassan,user1@mail.com,Groceries,2100.0,9,18900.0,Cancelled
2024-09-17,Mona Zaki,yomna.dev@email.com,Electronics,2543.0,3,7629.0,Refunded
2024-09-15,Mona Zaki,contact@service.org,Home Decor,3466.0,10,34660.0,Completed
2024-03-18,Layla Mohamed,info@market.eg,Clothing,1883.0,6,11298.0,Shipped
2024-08-12,Mona Zaki,m.zaki@mail.com,Home Decor,913.0,10,9130.0,Pending
2024-02-19,Marwan Khaled,user1@mail.com,Groceries,4989.0,5,24945.0,Completed
2024-10-19,Mona Zaki,sales@hub.com,Home Decor,1925.0,10,19250.0,Shipped
2024-05-14,Ali Hassan,user1@mail.com,Office Supplies,3742.0,8,29936.0,Pending
2024-09-02,Mona Zaki,contact@service.org,Groceries,3875.0,10,38750.0,Pending
2024-07-26,Yomna Soror,yomna.dev@email.com,Clothing,4268.0,4,17072.0,Shipped
2024-06-21,Sara Ahmed,sales@hub.com,Groceries,3477.0,10,34770.0,Refunded
2024-11-25,Ahmed Ali,admin@tech.io,Office Supplies,4895.0,6,29370.0,Shipped
2024-03-13,Yomna Soror,yomna.dev@email.com,Books,3505.0,9,31545.0,Pending
2024-05-09,Marwan Khaled,yomna.dev@email.com,Groceries,890.0,10,8900.0,Refunded
2024-01-16,Layla Mohamed,m.zaki@mail.com,Home Decor,462.0,6,2772.0,Refunded
2024-05-05,Ali Hassan,user1@mail.com,Electronics,1492.0,2,2984.0,Completed
2024-08-01,Yomna Soror,sales@hub.com,Books,3183.0,6,19098.0,Shipped
2024-03-05,Mona Zaki,user1@mail.com,Books,3827.0,7,26789.0,Completed
2024-10-11,Yomna Soror,contact@service.org,Office Supplies,844.0,10,8440.0,Cancelled
2024-05-09,Zainab Tarek,test.a@web.net,Electronics,4015.0,2,8030.0,Shipped
2024-08-20,Omar Farouk,m.zaki@mail.com,Home Decor,1041.0,5,5205.0,Shipped
2024-02-17,Huda Mansour,yomna.dev@email.com,Books,2291.0,6,13746.0,Pending
2024-08-25,Huda Mansour,user1@mail.com,Books,2546.0,1,2546.0,Pending
2024-02-25,Huda Mansour,contact@service.org,Office Supplies,619.0,10,6190.0,Shipped
2024-03-05,Huda Mansour,admin@tech.io,Clothing,4749.0,6,28494.0,Shipped
2024-11-02,Ahmed Ali,contact@service.org,Books,4802.0,4,19208.0,Cancelled
2024-01-10,Ali Hassan,test.a@web.net,Home Decor,3046.0,1,3046.0,Refunded
2024-02-10,Marwan Khaled,contact@service.org,Groceries,3709.0,7,25963.0,Shipped
2024-10-28,Yomna Soror,test.a@web.net,Clothing,1413.0,9,12717.0,Shipped
2024-05-17,Yomna Soror,sales@hub.com,Office Supplies,4633.0,9,41697.0,Pending
2024-07-23,Zainab Tarek,yomna.dev@email.com,Groceries,1108.0,7,7756.0,Shipped
2024-01-25,Mona Zaki,admin@tech.io,Office Supplies,2514.0,2,5028.0,Shipped
2024-04-09,Ahmed Ali,test.a@web.net,Books,4358.0,6,26148.0,Shipped
2024-03-16,Ahmed Ali,sales@hub.com,Books,1980.0,10,19800.0,Cancelled
2024-12-27,Omar Farouk,admin@tech.io,Books,496.0,7,3472.0,Completed
2024-07-01,Marwan Khaled,sales@hub.com,Home Decor,2797.0,10,27970.0,Refunded
2024-01-16,Mona Zaki,user1@mail.com,Books,2754.0,8,22032.0,Completed
2024-12-26,Layla Mohamed,m.zaki@mail.com,Electronics,3519.0,1,3519.0,Completed
2024-06-05,Marwan Khaled,yomna.dev@email.com,Office Supplies,1670.0,2,3340.0,Completed
2024-06-26,Layla Mohamed,yomna.dev@email.com,Clothing,1958.0,6,11748.0,Cancelled
2024-01-20,Yomna Soror,info@market.eg,Clothing,2856.0,9,25704.0,Completed
2024-07-28,Omar Farouk,admin@tech.io,Office Supplies,3615.0,9,32535.0,Pending
2024-11-16,Zainab Tarek,info@market.eg,Books,3375.0,4,13500.0,Cancelled
2024-01-21,Mona Zaki,info@market.eg,Clothing,3739.0,6,22434.0,Shipped
2024-05-01,Huda Mansour,yomna.dev@email.com,Electronics,1520.0,9,13680.0,Cancelled
2024-11-25,Ahmed Ali,contact@service.org,Books,661.0,6,3966.0,Completed
2024-03-05,Huda Mansour,admin@tech.io,Books,4542.0,6,27252.0,Pending
2024-09-19,Omar Farouk,info@market.eg,Electronics,4641.0,9,41769.0,Completed
2024-12-08,Ali Hassan,user1@mail.com,Clothing,3665.0,4,14660.0,Completed
2024-03-21,Omar Farouk,info@market.eg,Home Decor,2554.0,2,5108.0,Cancelled
2024-03-22,Layla Mohamed,sales@hub.com,Clothing,2176.0,6,13056.0,Pending
2024-07-19,Marwan Khaled,sales@hub.com,Groceries,2714.0,1,2714.0,Refunded
2024-05-16,Ali Hassan,sales@hub.com,Clothing,2893.0,5,14465.0,Pending
2024-04-18,Ali Hassan,admin@tech.io,Office Supplies,4566.0,5,22830.0,Refunded
2024-10-12,Zainab Tarek,user1@mail.com,Books,1112.0,5,5560.0,Shipped
2024-03-06,Zainab Tarek,contact@service.org,Books,1996.0,5,9980.0,Cancelled
2024-06-08,Ali Hassan,m.zaki@mail.com,Electronics,506.0,1,506.0,Refunded
2024-03-27,Omar Farouk,test.a@web.net,Office Supplies,3129.0,9,28161.0,Cancelled
2024-09-24,Zainab Tarek,sales@hub.com,Office Supplies,79.0,8,632.0,Shipped
2024-02-10,Omar Farouk,yomna.dev@email.com,Home Decor,582.0,5,2910.0,Completed
2024-11-05,Omar Farouk,admin@tech.io,Clothing,2590.0,4,10360.0,Shipped
2024-04-21,Mona Zaki,,Groceries,3283.0,7,22981.0,Pending
2024-08-04,Omar Farouk,info@market.eg,Books,4574.0,8,36592.0,Pending
2024-04-20,Ahmed Ali,user1@mail.com,Electronics,2569.0,1,2569.0,Shipped
2024-12-20,Zainab Tarek,contact@service.org,Books,2172.0,6,13032.0,Completed
2024-01-19,Huda Mansour,m.zaki@mail.com,Books,4454.0,8,35632.0,Pending
2024-11-17,Ahmed Ali,yomna.dev@email.com,Books,4273.0,10,42730.0,Cancelled
2024-09-11,Zainab Tarek,contact@service.org,Electronics,2749.0,4,10996.0,Pending
2024-04-09,Huda Mansour,contact@service.org,Groceries,2208.0,3,6624.0,Refunded
2024-05-26,Ahmed Ali,m.zaki@mail.com,Clothing,3055.0,9,27495.0,Cancelled
2024-04-18,Sara Ahmed,user1@mail.com,Clothing,4210.0,9,37890.0,Pending
2024-09-16,Mona Zaki,,Books,3620.0,8,28960.0,Completed
2024-01-08,Ali Hassan,user1@mail.com,Clothing,3071.0,10,30710.0,Refunded
2024-09-12,Marwan Khaled,info@market.eg,Office Supplies,3943.0,7,27601.0,Refunded
2024-08-04,Sara Ahmed,contact@service.org,Electronics,3941.0,2,7882.0,Pending
2024-10-17,Marwan Khaled,sales@hub.com,Clothing,3607.0,4,14428.0,Refunded
2024-03-11,Layla Mohamed,user1@mail.com,Clothing,4992.0,10,49920.0,Pending
2024-11-15,Layla Mohamed,contact@service.org,Groceries,1704.0,6,10224.0,Shipped
2024-03-10,Marwan Khaled,sales@hub.com,Electronics,431.0,4,1724.0,Shipped
2024-09-18,Yomna Soror,yomna.dev@email.com,Groceries,2195.0,3,6585.0,Refunded
2024-02-04,Ahmed Ali,user1@mail.com,Clothing,633.0,7,4431.0,Pending
2024-09-26,Ali Hassan,admin@tech.io,Books,1417.0,5,7085.0,Shipped
2024-04-28,Marwan Khaled,m.zaki@mail.com,Electronics,412.0,6,2472.0,Completed
2024-08-27,Mona Zaki,sales@hub.com,Groceries,401.0,3,1203.0,Completed
2024-05-11,Layla Mohamed,info@market.eg,Groceries,4537.0,2,9074.0,Refunded
2024-03-03,Layla Mohamed,test.a@web.net,Home Decor,1085.0,10,10850.0,Shipped
2024-03-27,Sara Ahmed,admin@tech.io,Clothing,4793.0,3,14379.0,Refunded
2024-02-16,Huda Mansour,test.a@web.net,Home Decor,351.0,9,3159.0,Completed
2024-02-18,Layla Mohamed,admin@tech.io,Clothing,2557.0,3,7671.0,Refunded
2024-07-11,Ahmed Ali,test.a@web.net,Books,1748.0,2,3496.0,Cancelled
2024-05-16,Zainab Tarek,test.a@web.net,Home Decor,1833.0,7,12831.0,Shipped
2024-09-06,Omar Farouk,admin@tech.io,Office Supplies,697.0,5,3485.0,Completed
2024-06-25,Zainab Tarek,sales@hub.com,Books,3734.0,5,18670.0,Cancelled
2024-12-19,Yomna Soror,admin@tech.io,Books,2004.0,4,8016.0,Completed
2024-09-01,Marwan Khaled,admin@tech.io,Clothing,3298.0,8,26384.0,Cancelled
2024-01-28,Huda Mansour,info@market.eg,Home Decor,2573.0,1,2573.0,Pending
2024-01-25,Omar Farouk,sales@hub.com,Office Supplies,2988.0,1,2988.0,Refunded
2024-06-04,Yomna Soror,user1@mail.com,Clothing,4464.0,8,35712.0,Cancelled
2024-12-20,Omar Farouk,test.a@web.net,Home Decor,2501.0,7,17507.0,Pending
2024-10-11,Yomna Soror,info@market.eg,Home Decor,4903.0,4,19612.0,Completed
2024-07-02,Huda Mansour,sales@hub.com,Office Supplies,221.0,5,1105.0,Refunded
2024-07-16,Zainab Tarek,info@market.eg,Books,2130.0,7,14910.0,Cancelled
2024-01-02,Omar Farouk,admin@tech.io,Electronics,3274.0,7,22918.0,Completed
2024-08-15,Ahmed Ali,admin@tech.io,Groceries,1327.0,10,13270.0,Shipped
2024-06-18,Omar Farouk,contact@service.org,Books,1229.0,1,1229.0,Pending
2024-07-09,Mona Zaki,test.a@web.net,Office Supplies,3901.0,9,35109.0,Completed
2024-04-17,Ahmed Ali,admin@tech.io,Books,1397.0,8,11176.0,Refunded
2024-05-26,Ahmed Ali,user1@mail.com,Clothing,4078.0,8,32624.0,Cancelled
2024-09-16,Zainab Tarek,m.zaki@mail.com,Electronics,3395.0,6,20370.0,Completed
2024-08-13,Huda Mansour,yomna.dev@email.com,Groceries,212.0,7,1484.0,Completed
2024-07-20,Yomna Soror,admin@tech.io,Groceries,2785.0,9,25065.0,Shipped
2024-04-25,Mona Zaki,m.zaki@mail.com,Electronics,1691.0,2,3382.0,Completed
2024-01-13,Layla Mohamed,m.zaki@mail.com,Home Decor,4321.0,4,17284.0,Pending
2024-11-17,Sara Ahmed,user1@mail.com,Electronics,461.0,9,4149.0,Pending
2024-02-13,Zainab Tarek,admin@tech.io,Electronics,3977.0,7,27839.0,Completed
2024-02-21,Marwan Khaled,admin@tech.io,Office Supplies,4934.0,1,4934.0,Pending
2024-09-23,Ali Hassan,m.zaki@mail.com,Books,2860.0,7,20020.0,Shipped
2024-12-15,Sara Ahmed,info@market.eg,Groceries,1487.0,5,7435.0,Refunded
2024-02-21,Mona Zaki,yomna.dev@email.com,Electronics,3366.0,9,30294.0,Shipped
2024-08-19,Omar Farouk,sales@hub.com,Home Decor,1356.0,5,6780.0,Shipped
2024-05-22,Ahmed Ali,m.zaki@mail.com,Books,1234.0,1,1234.0,Shipped
2024-03-10,Omar Farouk,sales@hub.com,Home Decor,4057.0,9,36513.0,Refunded
2024-06-07,Marwan Khaled,info@market.eg,Groceries,4263.0,2,8526.0,Completed
2024-07-10,Omar Farouk,yomna.dev@email.com,Home Decor,130.0,5,650.0,Completed
2024-12-02,Huda Mansour,yomna.dev@email.com,Clothing,4815.0,4,19260.0,Shipped
2024-07-14,Yomna Soror,yomna.dev@email.com,Home Decor,4248.0,5,21240.0,Shipped
2024-01-01,Huda Mansour,user1@mail.com,Home Decor,2514.0,1,2514.0,Cancelled
2024-07-08,Omar Farouk,yomna.dev@email.com,Books,2965.0,3,8895.0,Completed
2024-05-05,Zainab Tarek,contact@service.org,Office Supplies,4590.0,1,4590.0,Completed
2024-12-20,Sara Ahmed,yomna.dev@email.com,Electronics,1311.0,1,1311.0,Pending
2024-03-13,Zainab Tarek,user1@mail.com,Office Supplies,1885.0,2,3770.0,Pending
2024-04-12,Ali Hassan,sales@hub.com,Home Decor,3175.0,1,3175.0,Shipped
2024-10-24,Layla Mohamed,contact@service.org,Office Supplies,1332.0,5,6660.0,Completed
2024-12-09,Ahmed Ali,test.a@web.net,Groceries,2288.0,2,4576.0,Pending
2024-08-13,Sara Ahmed,sales@hub.com,Groceries,3305.0,9,29745.0,Refunded
2024-11-08,Sara Ahmed,info@market.eg,Clothing,3383.0,9,30447.0,Completed
2024-01-01,Ahmed Ali,user1@mail.com,Home Decor,1374.0,10,13740.0,Pending
2024-11-11,Huda Mansour,contact@service.org,Home Decor,2361.0,4,9444.0,Cancelled
2024-06-10,Sara Ahmed,contact@service.org,Electronics,3107.0,3,9321.0,Completed
2024-01-07,Sara Ahmed,user1@mail.com,Home Decor,1266.0,5,6330.0,Completed
2024-12-16,Huda Mansour,yomna.dev@email.com,Groceries,1580.0,3,4740.0,Cancelled
2024-09-26,Marwan Khaled,contact@service.org,Office Supplies,767.0,5,3835.0,Cancelled
2024-01-24,Omar Farouk,admin@tech.io,Home Decor,3058.0,1,3058.0,Shipped
2024-06-05,Huda Mansour,yomna.dev@email.com,Clothing,2312.0,3,6936.0,Shipped
2024-02-14,Ali Hassan,m.zaki@mail.com,Books,3388.0,9,30492.0,Pending
2024-02-02,Yomna Soror,sales@hub.com,Office Supplies,2559.0,3,7677.0,Shipped
2024-02-01,Huda Mansour,admin@tech.io,Groceries,418.0,1,418.0,Pending
2024-11-27,Zainab Tarek,sales@hub.com,Books,2815.0,7,19705.0,Pending
2024-11-12,Ahmed Ali,test.a@web.net,Office Supplies,3115.0,5,15575.0,Refunded
2024-09-03,Zainab Tarek,test.a@web.net,Groceries,1518.0,3,4554.0,Refunded
2024-06-02,Yomna Soror,test.a@web.net,Groceries,4790.0,6,28740.0,Refunded
2024-09-04,Layla Mohamed,m.zaki@mail.com,Groceries,1697.0,1,1697.0,Pending
2024-11-27,Layla Mohamed,m.zaki@mail.com,Electronics,3868.0,4,15472.0,Refunded
2024-05-23,Mona Zaki,sales@hub.com,Clothing,4513.0,7,31591.0,Completed
2024-05-22,Omar Farouk,yomna.dev@email.com,Office Supplies,3951.0,1,3951.0,Refunded
2024-03-23,Marwan Khaled,admin@tech.io,Electronics,1090.0,7,7630.0,Completed
2024-05-05,Sara Ahmed,sales@hub.com,Groceries,156.0,1,156.0,Pending
2024-07-09,Ali Hassan,admin@tech.io,Groceries,4987.0,5,24935.0,Cancelled
2024-11-16,Ahmed Ali,sales@hub.com,Groceries,3440.0,1,3440.0,Cancelled
2024-04-10,Ali Hassan,yomna.dev@email.com,Office Supplies,4561.0,7,31927.0,Shipped
2024-12-19,Sara Ahmed,admin@tech.io,Home Decor,4096.0,1,4096.0,Cancelled
2024-12-15,Sara Ahmed,admin@tech.io,Groceries,2714.0,9,24426.0,Cancelled
2024-02-28,Marwan Khaled,user1@mail.com,Clothing,1702.0,2,3404.0,Completed
2024-04-09,Ali Hassan,test.a@web.net,Office Supplies,2277.0,4,9108.0,Refunded
2024-09-16,Omar Farouk,sales@hub.com,Office Supplies,2488.0,4,9952.0,Shipped
2024-07-14,Mona Zaki,m.zaki@mail.com,Books,1812.0,7,12684.0,Refunded
2024-01-14,Zainab Tarek,test.a@web.net,Clothing,2288.0,2,4576.0,Shipped
2024-06-13,Ahmed Ali,m.zaki@mail.com,Groceries,1604.0,10,16040.0,Refunded
2024-07-13,Ali Hassan,info@market.eg,Office Supplies,1087.0,3,3261.0,Shipped
2024-07-12,Omar Farouk,info@market.eg,Groceries,2538.0,3,7614.0,Pending
2024-02-02,Ali Hassan,test.a@web.net,Books,357.0,5,1785.0,Refunded
2024-11-25,Layla Mohamed,admin@tech.io,Groceries,987.0,10,9870.0,Completed
2024-09-12,Omar Farouk,sales@hub.com,Books,817.0,8,6536.0,Pending
2024-12-07,Ahmed Ali,yomna.dev@email.com,Office Supplies,3778.0,8,30224.0,Refunded
2024-06-25,Layla Mohamed,sales@hub.com,Electronics,413.0,4,1652.0,Shipped
2024-05-26,Sara Ahmed,contact@service.org,Electronics,3926.0,10,39260.0,Completed
2024-04-24,Ali Hassan,yomna.dev@email.com,Home Decor,2687.0,8,21496.0,Cancelled
2024-04-14,Ali Hassan,m.zaki@mail.com,Office Supplies,329.0,7,2303.0,Pending
2024-11-24,Sara Ahmed,contact@service.org,Home Decor,3759.0,4,15036.0,Shipped
2024-03-22,Ahmed Ali,user1@mail.com,Office Supplies,4725.0,9,42525.0,Shipped
2024-08-17,Ali Hassan,user1@mail.com,Groceries,2313.0,7,16191.0,Shipped
2024-12-11,Yomna Soror,user1@mail.com,Office Supplies,4061.0,7,28427.0,Shipped
2024-11-05,Zainab Tarek,m.zaki@mail.com,Electronics,2944.0,5,14720.0,Refunded
2024-03-05,Yomna Soror,user1@mail.com,Books,4443.0,2,8886.0,Cancelled
2024-01-01,Huda Mansour,m.zaki@mail.com,Office Supplies,3703.0,4,14812.0,Pending
2024-09-14,Zainab Tarek,yomna.dev@email.com,Groceries,4717.0,2,9434.0,Shipped
2024-01-04,Sara Ahmed,contact@service.org,Electronics,3699.0,9,33291.0,Pending
2024-12-25,Mona Zaki,m.zaki@mail.com,Electronics,922.0,5,4610.0,Completed
2024-01-01,Ahmed Ali,contact@service.org,Books,4169.0,4,16676.0,Cancelled
2024-10-14,Yomna Soror,admin@tech.io,Home Decor,4604.0,4,18416.0,Shipped
2024-04-08,Omar Farouk,test.a@web.net,Office Supplies,2988.0,9,26892.0,Refunded
2024-07-27,Ahmed Ali,contact@service.org,Home Decor,4122.0,2,8244.0,Shipped
2024-10-22,Ahmed Ali,admin@tech.io,Home Decor,4119.0,2,8238.0,Completed
2024-04-21,Huda Mansour,m.zaki@mail.com,Home Decor,2032.0,2,4064.0,Pending
2024-01-11,Mona Zaki,sales@hub.com,Clothing,3511.0,3,10533.0,Refunded
2024-12-25,Sara Ahmed,,Office Supplies,72.0,10,720.0,Cancelled
2024-02-12,Mona Zaki,yomna.dev@email.com,Home Decor,3586.0,9,32274.0,Cancelled
2024-12-21,Sara Ahmed,yomna.dev@email.com,Clothing,1746.0,3,5238.0,Refunded
2024-12-26,Sara Ahmed,test.a@web.net,Office Supplies,2974.0,6,17844.0,Cancelled
2024-05-12,Mona Zaki,yomna.dev@email.com,Groceries,3016.0,9,27144.0,Pending
2024-03-17,Ahmed Ali,sales@hub.com,Electronics,2107.0,2,4214.0,Cancelled
2024-09-09,Omar Farouk,yomna.dev@email.com,Electronics,1834.0,3,5502.0,Refunded
2024-08-10,Huda Mansour,user1@mail.com,Home Decor,4353.0,3,13059.0,Cancelled
2024-03-15,Mona Zaki,admin@tech.io,Groceries,3161.0,8,25288.0,Pending
2024-09-21,Mona Zaki,m.zaki@mail.com,Home Decor,1987.0,7,13909.0,Cancelled
2024-03-20,Marwan Khaled,m.zaki@mail.com,Home Decor,3205.0,8,25640.0,Shipped
2024-12-21,Layla Mohamed,admin@tech.io,Groceries,3812.0,7,26684.0,Pending
2024-02-01,Omar Farouk,test.a@web.net,Home Decor,1998.0,5,9990.0,Cancelled
2024-05-10,Sara Ahmed,user1@mail.com,Groceries,381.0,9,3429.0,Pending
2024-11-03,Zainab Tarek,user1@mail.com,Electronics,3079.0,3,9237.0,Pending
2024-02-14,Zainab Tarek,admin@tech.io,Books,2243.0,8,17944.0,Pending
2024-06-09,Ali Hassan,yomna.dev@email.com,Electronics,1559.0,10,15590.0,Cancelled
2024-12-05,Yomna Soror,contact@service.org,Books,3836.0,2,7672.0,Refunded
2024-05-22,Huda Mansour,contact@service.org,Home Decor,2392.0,3,7176.0,Pending
2024-03-25,Marwan Khaled,admin@tech.io,Electronics,2129.0,8,17032.0,Pending
2024-10-15,Ahmed Ali,contact@service.org,Home Decor,4761.0,5,23805.0,Completed
2024-08-15,Omar Farouk,yomna.dev@email.com,Office Supplies,1294.0,2,2588.0,Refunded
2024-03-18,Omar Farouk,test.a@web.net,Clothing,460.0,2,920.0,Shipped
2024-08-05,Omar Farouk,test.a@web.net,Office Supplies,1287.0,8,10296.0,Completed
2024-01-11,Layla Mohamed,user1@mail.com,Home Decor,2403.0,4,9612.0,Cancelled
2024-07-09,Ali Hassan,contact@service.org,Home Decor,192.0,2,384.0,Completed
2024-08-03,Layla Mohamed,user1@mail.com,Clothing,3579.0,9,32211.0,Completed
2024-02-10,Marwan Khaled,admin@tech.io,Electronics,3848.0,10,38480.0,Refunded
2024-11-03,Huda Mansour,test.a@web.net,Office Supplies,4717.0,2,9434.0,Completed
2024-12-23,Sara Ahmed,user1@mail.com,Home Decor,4399.0,9,39591.0,Shipped
2024-05-20,Zainab Tarek,sales@hub.com,Electronics,1978.0,4,7912.0,Pending
2024-02-18,Ahmed Ali,info@market.eg,Home Decor,2288.0,3,6864.0,Shipped
2024-01-09,Huda Mansour,user1@mail.com,Office Supplies,3833.0,10,38330.0,Shipped
2024-09-22,Layla Mohamed,yomna.dev@email.com,Home Decor,1869.0,5,9345.0,Completed
2024-05-28,Layla Mohamed,admin@tech.io,Clothing,4681.0,10,46810.0,Shipped
2024-12-03,Layla Mohamed,contact@service.org,Electronics,4664.0,5,23320.0,Refunded
2024-03-17,Huda Mansour,yomna.dev@email.com,Groceries,1498.0,8,11984.0,Pending
2024-06-02,Ali Hassan,test.a@web.net,Electronics,3612.0,4,14448.0,Pending
2024-02-17,Ali Hassan,yomna.dev@email.com,Books,3694.0,9,33246.0,Refunded
2024-09-27,Yomna Soror,info@market.eg,Office Supplies,2547.0,7,17829.0,Refunded
2024-10-07,Mona Zaki,contact@service.org,Electronics,1048.0,2,2096.0,Completed
2024-08-23,Marwan Khaled,sales@hub.com,Groceries,4036.0,4,16144.0,Pending
2024-08-05,Zainab Tarek,contact@service.org,Clothing,3380.0,3,10140.0,Shipped
2024-01-13,Zainab Tarek,sales@hub.com,Office Supplies,2640.0,6,15840.0,Refunded
2024-12-06,Marwan Khaled,user1@mail.com,Home Decor,2102.0,5,10510.0,Pending
2024-05-23,Huda Mansour,yomna.dev@email.com,Electronics,4610.0,6,27660.0,Refunded
2024-06-24,Layla Mohamed,yomna.dev@email.com,Groceries,1767.0,5,8835.0,Refunded
2024-03-27,Mona Zaki,contact@service.org,Groceries,1952.0,5,9760.0,Shipped
2024-08-27,Yomna Soror,m.zaki@mail.com,Electronics,4345.0,2,8690.0,Completed
2024-04-05,Omar Farouk,test.a@web.net,Office Supplies,1813.0,6,10878.0,Completed
2024-02-06,Layla Mohamed,yomna.dev@email.com,Home Decor,2461.0,10,24610.0,Completed
2024-05-09,Mona Zaki,admin@tech.io,Groceries,2504.0,3,7512.0,Cancelled
2024-02-10,Ali Hassan,test.a@web.net,Books,2167.0,7,15169.0,Pending
2024-01-01,Sara Ahmed,test.a@web.net,Clothing,2514.0,1,2514.0,Shipped
2024-03-09,Ahmed Ali,contact@service.org,Home Decor,2451.0,9,22059.0,Completed
2024-08-13,Layla Mohamed,user1@mail.com,Clothing,3920.0,4,15680.0,Pending
2024-08-23,Layla Mohamed,contact@service.org,Office Supplies,3347.0,1,3347.0,Shipped
2024-08-24,Sara Ahmed,m.zaki@mail.com,Office Supplies,2059.0,10,20590.0,Pending
2024-03-17,Yomna Soror,test.a@web.net,Electronics,2689.0,4,10756.0,Pending
2024-01-16,Huda Mansour,sales@hub.com,Clothing,1115.0,6,6690.0,Refunded
2024-05-10,Huda Mansour,yomna.dev@email.com,Books,3135.0,2,6270.0,Pending
2024-01-14,Ali Hassan,m.zaki@mail.com,Home Decor,4749.0,9,42741.0,Cancelled
2024-09-05,Yomna Soror,admin@tech.io,Electronics,554.0,10,5540.0,Cancelled
2024-05-07,Ali Hassan,contact@service.org,Home Decor,553.0,8,4424.0,Pending
2024-10-21,Ahmed Ali,info@market.eg,Home Decor,3180.0,8,25440.0,Refunded
2024-01-01,Mona Zaki,test.a@web.net,Electronics,248.0,8,1984.0,Refunded
2024-11-04,Marwan Khaled,admin@tech.io,Home Decor,4476.0,5,22380.0,Refunded
2024-06-11,Zainab Tarek,m.zaki@mail.com,Home Decor,4352.0,2,8704.0,Refunded
2024-04-18,Yomna Soror,yomna.dev@email.com,Clothing,3668.0,1,3668.0,Pending
2024-11-04,Mona Zaki,contact@service.org,Office Supplies,2695.0,10,26950.0,Cancelled
2024-02-14,Huda Mansour,admin@tech.io,Groceries,65.0,3,195.0,Shipped
2024-11-21,Layla Mohamed,test.a@web.net,Electronics,3311.0,9,29799.0,Completed
2024-07-09,Mona Zaki,test.a@web.net,Office Supplies,1007.0,9,9063.0,Completed
2024-01-01,Sara Ahmed,contact@service.org,Office Supplies,3966.0,2,7932.0,Refunded
2024-11-24,Marwan Khaled,admin@tech.io,Office Supplies,3410.0,4,13640.0,Completed
2024-10-02,Ahmed Ali,test.a@web.net,Books,4427.0,9,39843.0,Completed
2024-02-18,Sara Ahmed,info@market.eg,Groceries,3776.0,2,7552.0,Pending
2024-07-10,Huda Mansour,test.a@web.net,Books,170.0,8,1360.0,Shipped
2024-12-25,Ali Hassan,info@market.eg,Office Supplies,882.0,3,2646.0,Cancelled
2024-03-09,Zainab Tarek,user1@mail.com,Books,3719.0,3,11157.0,Shipped
2024-12-22,Layla Mohamed,user1@mail.com,Electronics,4022.0,3,12066.0,Completed
2024-11-21,Layla Mohamed,sales@hub.com,Books,1750.0,3,5250.0,Refunded
2024-01-04,Huda Mansour,admin@tech.io,Office Supplies,3638.0,1,3638.0,Pending
2024-11-21,Zainab Tarek,test.a@web.net,Electronics,2502.0,9,22518.0,Shipped
2024-11-23,Ali Hassan,m.zaki@mail.com,Electronics,4707.0,8,37656.0,Completed
2024-06-26,Ahmed Ali,test.a@web.net,Home Decor,4088.0,7,28616.0,Completed
2024-01-11,Layla Mohamed,contact@service.org,Electronics,2538.0,7,17766.0,Pending
2024-06-14,Zainab Tarek,contact@service.org,Office Supplies,3178.0,10,31780.0,Completed
2024-02-18,Layla Mohamed,yomna.dev@email.com,Books,4594.0,7,32158.0,Completed
2024-02-17,Sara Ahmed,info@market.eg,Home Decor,1921.0,3,5763.0,Shipped
2024-01-08,Ahmed Ali,test.a@web.net,Clothing,4178.0,2,8356.0,Cancelled
2024-09-05,Omar Farouk,admin@tech.io,Office Supplies,259.0,2,518.0,Cancelled
2024-07-08,Marwan Khaled,m.zaki@mail.com,Home Decor,337.0,7,2359.0,Completed
2024-02-15,Sara Ahmed,contact@service.org,Home Decor,434.0,3,1302.0,Completed
2024-02-07,Omar Farouk,user1@mail.com,Clothing,1713.0,7,11991.0,Pending
2024-09-04,Marwan Khaled,contact@service.org,Books,3077.0,2,6154.0,Pending
2024-09-03,Sara Ahmed,contact@service.org,Groceries,2499.0,5,12495.0,Completed
2024-03-24,Yomna Soror,m.zaki@mail.com,Groceries,1143.0,5,5715.0,Cancelled
2024-11-01,Zainab Tarek,contact@service.org,Home Decor,2206.0,3,6618.0,Pending
2024-07-19,Zainab Tarek,yomna.dev@email.com,Clothing,4242.0,3,12726.0,Shipped
2024-02-14,Sara Ahmed,yomna.dev@email.com,Electronics,3349.0,8,26792.0,Shipped
2024-01-21,Layla Mohamed,contact@service.org,Office Supplies,2565.0,3,7695.0,Refunded
2024-12-21,Sara Ahmed,info@market.eg,Home Decor,2699.0,7,18893.0,Completed
2024-06-16,Mona Zaki,info@market.eg,Clothing,914.0,7,6398.0,Refunded
2024-02-23,Layla Mohamed,user1@mail.com,Clothing,2203.0,9,19827.0,Cancelled
2024-08-01,Ali Hassan,admin@tech.io,Groceries,2694.0,10,26940.0,Refunded
2024-02-09,Marwan Khaled,info@market.eg,Electronics,1718.0,8,13744.0,Cancelled
2024-08-09,Huda Mansour,contact@service.org,Office Supplies,4386.0,8,35088.0,Pending
2024-10-23,Sara Ahmed,info@market.eg,Groceries,1875.0,1,1875.0,Pending
2024-09-07,Layla Mohamed,test.a@web.net,Office Supplies,2793.0,6,16758.0,Refunded
2024-03-16,Huda Mansour,m.zaki@mail.com,Home Decor,737.0,4,2948.0,Refunded
2024-03-12,Ali Hassan,user1@mail.com,Home Decor,780.0,2,1560.0,Pending
2024-08-07,Sara Ahmed,user1@mail.com,Electronics,1330.0,10,13300.0,Completed
2024-03-03,Ali Hassan,yomna.dev@email.com,Home Decor,4169.0,2,8338.0,Shipped
2024-07-22,Zainab Tarek,contact@service.org,Home Decor,4860.0,10,48600.0,Pending
2024-11-11,Mona Zaki,yomna.dev@email.com,Books,2011.0,5,10055.0,Refunded
2024-05-06,Mona Zaki,info@market.eg,Home Decor,4062.0,1,4062.0,Cancelled
2024-05-05,Mona Zaki,user1@mail.com,Clothing,517.0,9,4653.0,Shipped
2024-03-21,Zainab Tarek,yomna.dev@email.com,Books,3742.0,5,18710.0,Pending
2024-09-18,Zainab Tarek,contact@service.org,Office Supplies,3271.0,5,16355.0,Pending
2024-04-22,Huda Mansour,info@market.eg,Clothing,748.0,10,7480.0,Shipped
2024-02-02,Sara Ahmed,contact@service.org,Clothing,2785.0,7,19495.0,Cancelled
2024-11-26,Marwan Khaled,yomna.dev@email.com,Home Decor,3185.0,6,19110.0,Cancelled
2024-08-26,Layla Mohamed,contact@service.org,Clothing,4199.0,9,37791.0,Shipped
2024-07-04,Yomna Soror,test.a@web.net,Groceries,2846.0,8,22768.0,Cancelled
2024-11-17,Ahmed Ali,admin@tech.io,Books,1888.0,9,16992.0,Refunded
2024-03-12,Layla Mohamed,contact@service.org,Clothing,2300.0,10,23000.0,Completed
2024-06-17,Omar Farouk,info@market.eg,Groceries,2345.0,10,23450.0,Shipped
2024-01-18,Huda Mansour,sales@hub.com,Office Supplies,3461.0,6,20766.0,Cancelled
2024-04-16,Layla Mohamed,user1@mail.com,Books,4800.0,1,4800.0,Cancelled
2024-05-17,Sara Ahmed,yomna.dev@email.com,Home Decor,2148.0,4,8592.0,Cancelled
2024-01-07,Ahmed Ali,contact@service.org,Groceries,3645.0,7,25515.0,Completed
2024-07-04,Ahmed Ali,admin@tech.io,Office Supplies,929.0,9,8361.0,Shipped
2024-11-26,Mona Zaki,test.a@web.net,Office Supplies,2846.0,4,11384.0,Shipped
2024-02-22,Ahmed Ali,m.zaki@mail.com,Office Supplies,2509.0,5,12545.0,Refunded
2024-06-02,Yomna Soror,sales@hub.com,Office Supplies,3073.0,10,30730.0,Refunded
2024-12-16,Zainab Tarek,sales@hub.com,Home Decor,1878.0,8,15024.0,Shipped
2024-03-20,Marwan Khaled,yomna.dev@email.com,Home Decor,3695.0,6,22170.0,Refunded
2024-07-27,Ahmed Ali,yomna.dev@email.com,Books,186.0,2,372.0,Refunded
2024-04-08,Zainab Tarek,m.zaki@mail.com,Electronics,715.0,9,6435.0,Pending
2024-10-28,Huda Mansour,user1@mail.com,Clothing,4830.0,5,24150.0,Completed
2024-03-08,Marwan Khaled,test.a@web.net,Office Supplies,855.0,6,5130.0,Refunded
2024-01-24,Sara Ahmed,yomna.dev@email.com,Home Decor,1733.0,3,5199.0,Pending
2024-11-18,Omar Farouk,contact@service.org,Groceries,2992.0,10,29920.0,Completed
2024-04-10,Ali Hassan,test.a@web.net,Books,4428.0,5,22140.0,Cancelled
2024-10-20,Ali Hassan,test.a@web.net,Office Supplies,1153.0,1,1153.0,Cancelled
2024-06-03,Marwan Khaled,admin@tech.io,Clothing,2618.0,6,15708.0,Pending
2024-01-13,Huda Mansour,info@market.eg,Electronics,3033.0,8,24264.0,Refunded
2024-07-08,Ali Hassan,m.zaki@mail.com,Books,1012.0,6,6072.0,Pending
2024-01-02,Ahmed Ali,m.zaki@mail.com,Home Decor,1772.0,6,10632.0,Pending
2024-05-27,Zainab Tarek,info@market.eg,Groceries,3083.0,2,6166.0,Completed
2024-12-16,Yomna Soror,test.a@web.net,Books,2146.0,7,15022.0,Completed
2024-07-17,Ahmed Ali,sales@hub.com,Groceries,3376.0,2,6752.0,Refunded
2024-06-07,Layla Mohamed,sales@hub.com,Books,1296.0,2,2592.0,Pending
2024-11-24,Huda Mansour,sales@hub.com,Office Supplies,1439.0,4,5756.0,Refunded
2024-05-23,Ahmed Ali,yomna.dev@email.com,Home Decor,3211.0,8,25688.0,Cancelled
2024-11-04,Yomna Soror,info@market.eg,Office Supplies,2514.0,7,17598.0,Cancelled
2024-07-28,Sara Ahmed,yomna.dev@email.com,Electronics,3728.0,2,7456.0,Pending
2024-01-06,Sara Ahmed,sales@hub.com,Books,3558.0,1,3558.0,Completed
2024-10-12,Marwan Khaled,user1@mail.com,Clothing,1172.0,9,10548.0,Completed
2024-04-15,Mona Zaki,user1@mail.com,Clothing,655.0,3,1965.0,Pending
2024-02-14,Huda Mansour,sales@hub.com,Books,3404.0,10,34040.0,Shipped
2024-11-26,Mona Zaki,admin@tech.io,Office Supplies,2477.0,9,22293.0,Completed
2024-02-03,Yomna Soror,m.zaki@mail.com,Groceries,2908.0,9,26172.0,Shipped
2024-06-12,Yomna Soror,sales@hub.com,Clothing,2387.0,8,19096.0,Pending
2024-09-22,Omar Farouk,info@market.eg,Books,4902.0,3,14706.0,Completed
2024-04-22,Sara Ahmed,user1@mail.com,Groceries,4215.0,1,4215.0,Shipped
2024-05-22,Ali Hassan,admin@tech.io,Groceries,3412.0,1,3412.0,Shipped
2024-01-09,Layla Mohamed,sales@hub.com,Home Decor,3143.0,4,12572.0,Refunded
2024-03-22,Layla Mohamed,user1@mail.com,Electronics,2457.0,4,9828.0,Cancelled
2024-10-07,Omar Farouk,test.a@web.net,Groceries,1447.0,10,14470.0,Pending
2024-09-23,Marwan Khaled,test.a@web.net,Electronics,1433.0,4,5732.0,Cancelled
2024-03-02,Layla Mohamed,m.zaki@mail.com,Groceries,2125.0,4,8500.0,Pending
2024-10-06,Mona Zaki,user1@mail.com,Groceries,1615.0,5,8075.0,Refunded
2024-07-28,Yomna Soror,yomna.dev@email.com,Books,3495.0,4,13980.0,Cancelled
2024-10-08,Omar Farouk,user1@mail.com,Clothing,2642.0,1,2642.0,Refunded
2024-02-26,Omar Farouk,contact@service.org,Books,338.0,7,2366.0,Shipped
2024-10-22,Ahmed Ali,admin@tech.io,Books,2101.0,9,18909.0,Cancelled
2024-03-11,Huda Mansour,admin@tech.io,Home Decor,659.0,2,1318.0,Pending
2024-08-14,Mona Zaki,m.zaki@mail.com,Home Decor,3167.0,4,12668.0,Refunded
2024-02-26,Omar Farouk,contact@service.org,Groceries,4533.0,10,45330.0,Pending
2024-06-12,Zainab Tarek,contact@service.org,Home Decor,3036.0,10,30360.0,Pending
2024-05-26,Sara Ahmed,admin@tech.io,Groceries,2829.0,8,22632.0,Refunded
2024-06-10,Huda Mansour,contact@service.org,Office Supplies,2413.0,6,14478.0,Pending
2024-07-15,Ahmed Ali,yomna.dev@email.com,Electronics,2292.0,2,4584.0,Pending
2024-01-01,Ahmed Ali,info@market.eg,Groceries,4687.0,9,42183.0,Completed
2024-08-25,Ali Hassan,sales@hub.com,Groceries,52.0,9,468.0,Completed
2024-04-25,Ahmed Ali,contact@service.org,Office Supplies,4869.0,5,24345.0,Cancelled
2024-09-28,Omar Farouk,yomna.dev@email.com,Electronics,2601.0,10,26010.0,Shipped
2024-01-15,Ahmed Ali,sales@hub.com,Clothing,221.0,8,1768.0,Shipped
2024-07-14,Ahmed Ali,sales@hub.com,Home Decor,2631.0,10,26310.0,Cancelled
2024-09-02,Ahmed Ali,contact@service.org,Home Decor,85.0,3,255.0,Completed
2024-03-11,Sara Ahmed,test.a@web.net,Electronics,1965.0,10,19650.0,Refunded
2024-04-20,Sara Ahmed,info@market.eg,Electronics,4738.0,2,9476.0,Pending
2024-05-20,Zainab Tarek,sales@hub.com,Home Decor,2264.0,2,4528.0,Refunded
2024-07-28,Mona Zaki,info@market.eg,Groceries,1830.0,10,18300.0,Cancelled
2024-03-09,Ali Hassan,yomna.dev@email.com,Electronics,4929.0,9,44361.0,Cancelled
2024-07-22,Ali Hassan,m.zaki@mail.com,Office Supplies,1158.0,2,2316.0,Shipped
2024-08-25,Layla Mohamed,m.zaki@mail.com,Groceries,2410.0,8,19280.0,Completed
2024-06-25,Mona Zaki,info@market.eg,Office Supplies,1489.0,8,11912.0,Cancelled
2024-05-24,Sara Ahmed,contact@service.org,Office Supplies,338.0,10,3380.0,Pending
2024-10-18,Layla Mohamed,yomna.dev@email.com,Office Supplies,3026.0,3,9078.0,Completed
2024-08-12,Yomna Soror,test.a@web.net,Home Decor,492.0,3,1476.0,Refunded
2024-03-20,Mona Zaki,test.a@web.net,Clothing,850.0,10,8500.0,Cancelled
2024-01-21,Omar Farouk,user1@mail.com,Electronics,3711.0,3,11133.0,Completed
2024-06-10,Ahmed Ali,admin@tech.io,Books,3577.0,1,3577.0,Pending
2024-11-02,Omar Farouk,yomna.dev@email.com,Clothing,2870.0,8,22960.0,Pending
2024-10-04,Yomna Soror,sales@hub.com,Home Decor,1642.0,10,16420.0,Refunded
2024-12-05,Sara Ahmed,yomna.dev@email.com,Groceries,3728.0,9,33552.0,Completed
2024-04-19,Ahmed Ali,yomna.dev@email.com,Books,1522.0,2,3044.0,Completed
2024-10-05,Ali Hassan,user1@mail.com,Books,1738.0,8,13904.0,Cancelled
2024-07-11,Marwan Khaled,yomna.dev@email.com,Books,932.0,5,4660.0,Pending
2024-06-05,Omar Farouk,info@market.eg,Office Supplies,3526.0,1,3526.0,Shipped
2024-12-10,Sara Ahmed,yomna.dev@email.com,Electronics,1556.0,3,4668.0,Pending
2024-10-21,Ahmed Ali,test.a@web.net,Groceries,3021.0,5,15105.0,Pending
2024-07-22,Zainab Tarek,user1@mail.com,Clothing,3365.0,6,20190.0,Completed
2024-07-19,Marwan Khaled,sales@hub.com,Office Supplies,3095.0,6,18570.0,Completed
2024-11-04,Omar Farouk,user1@mail.com,Groceries,170.0,5,850.0,Pending
2024-07-12,Layla Mohamed,user1@mail.com,Books,2665.0,1,2665.0,Pending
2024-12-15,Yomna Soror,sales@hub.com,Groceries,2603.0,7,18221.0,Cancelled
2024-09-21,Ahmed Ali,sales@hub.com,Electronics,4858.0,10,48580.0,Shipped
2024-04-10,Yomna Soror,info@market.eg,Home Decor,583.0,5,2915.0,Refunded
2024-01-10,Huda Mansour,m.zaki@mail.com,Office Supplies,3234.0,5,16170.0,Completed
2024-07-10,Marwan Khaled,test.a@web.net,Office Supplies,766.0,1,766.0,Cancelled
2024-08-10,Marwan Khaled,yomna.dev@email.com,Home Decor,2882.0,5,14410.0,Cancelled
2024-05-24,Huda Mansour,user1@mail.com,Groceries,2296.0,1,2296.0,Refunded
2024-08-10,Marwan Khaled,yomna.dev@email.com,Books,564.0,9,5076.0,Completed
2024-08-20,Zainab Tarek,sales@hub.com,Groceries,3105.0,7,21735.0,Pending
2024-09-02,Ali Hassan,yomna.dev@email.com,Home Decor,1891.0,4,7564.0,Pending
2024-07-09,Marwan Khaled,info@market.eg,Clothing,1542.0,1,1542.0,Pending
2024-08-28,Ahmed Ali,yomna.dev@email.com,Office Supplies,1598.0,7,11186.0,Shipped
2024-01-27,Omar Farouk,m.zaki@mail.com,Clothing,3442.0,7,24094.0,Cancelled
2024-07-28,Sara Ahmed,sales@hub.com,Books,4929.0,4,19716.0,Completed
2024-10-25,Huda Mansour,info@market.eg,Home Decor,3015.0,9,27135.0,Cancelled
2024-03-17,Ali Hassan,sales@hub.com,Home Decor,4867.0,3,14601.0,Cancelled
2024-07-07,Mona Zaki,m.zaki@mail.com,Electronics,4588.0,8,36704.0,Cancelled
2024-05-23,Zainab Tarek,,Office Supplies,4313.0,9,38817.0,Shipped
2024-01-08,Zainab Tarek,test.a@web.net,Groceries,4692.0,5,23460.0,Shipped
2024-07-14,Mona Zaki,user1@mail.com,Electronics,262.0,6,1572.0,Refunded
2024-12-15,Marwan Khaled,yomna.dev@email.com,Books,4222.0,3,12666.0,Shipped
2024-02-26,Zainab Tarek,user1@mail.com,Clothing,2558.0,1,2558.0,Completed
2024-02-01,Zainab Tarek,yomna.dev@email.com,Office Supplies,1397.0,4,5588.0,Shipped
2024-06-06,Layla Mohamed,test.a@web.net,Electronics,1780.0,10,17800.0,Refunded
2024-03-28,Ali Hassan,admin@tech.io,Clothing,3410.0,4,13640.0,Refunded
2024-06-04,Omar Farouk,yomna.dev@email.com,Electronics,908.0,2,1816.0,Completed
2024-01-01,Layla Mohamed,test.a@web.net,Office Supplies,3174.0,7,22218.0,Shipped
2024-04-22,Marwan Khaled,test.a@web.net,Groceries,3273.0,1,3273.0,Pending
2024-07-28,Omar Farouk,test.a@web.net,Home Decor,542.0,1,542.0,Shipped
2024-05-12,Ahmed Ali,admin@tech.io,Electronics,309.0,5,1545.0,Shipped
2024-02-13,Ahmed Ali,sales@hub.com,Home Decor,518.0,5,2590.0,Pending
2024-08-17,Sara Ahmed,test.a@web.net,Electronics,1325.0,1,1325.0,Pending
2024-01-13,Zainab Tarek,m.zaki@mail.com,Books,3596.0,4,14384.0,Shipped
2024-01-08,Sara Ahmed,contact@service.org,Office Supplies,4112.0,5,20560.0,Shipped
2024-07-06,Ali Hassan,user1@mail.com,Groceries,4905.0,2,9810.0,Completed
2024-01-20,Layla Mohamed,sales@hub.com,Office Supplies,3188.0,3,9564.0,Cancelled
2024-10-06,Ahmed Ali,info@market.eg,Office Supplies,4728.0,8,37824.0,Cancelled
2024-03-12,Marwan Khaled,admin@tech.io,Office Supplies,4560.0,2,9120.0,Cancelled
2024-05-12,Ali Hassan,user1@mail.com,Clothing,4469.0,10,44690.0,Refunded
2024-01-01,Huda Mansour,test.a@web.net,Groceries,4624.0,2,9248.0,Pending
2024-07-18,Sara Ahmed,test.a@web.net,Electronics,1549.0,4,6196.0,Shipped
2024-11-26,Yomna Soror,contact@service.org,Office Supplies,4909.0,10,49090.0,Pending
2024-03-01,Mona Zaki,admin@tech.io,Books,1698.0,4,6792.0,Cancelled
2024-10-22,Layla Mohamed,user1@mail.com,Home Decor,907.0,6,5442.0,Refunded
2024-09-01,Ali Hassan,contact@service.org,Books,3150.0,2,6300.0,Cancelled
2024-10-16,Huda Mansour,user1@mail.com,Groceries,1306.0,6,7836.0,Pending
2024-01-06,Yomna Soror,sales@hub.com,Electronics,1153.0,7,8071.0,Cancelled
2024-09-02,Ahmed Ali,info@market.eg,Books,3670.0,3,11010.0,Pending
2024-08-11,Zainab Tarek,m.zaki@mail.com,Groceries,456.0,8,3648.0,Completed
2024-04-15,Mona Zaki,sales@hub.com,Clothing,1583.0,10,15830.0,Refunded
2024-04-14,Omar Farouk,test.a@web.net,Books,1183.0,3,3549.0,Pending
2024-10-04,Zainab Tarek,yomna.dev@email.com,Groceries,772.0,1,772.0,Completed
2024-09-15,Ali Hassan,admin@tech.io,Home Decor,4815.0,2,9630.0,Refunded
2024-01-24,Mona Zaki,user1@mail.com,Clothing,279.0,10,2790.0,Refunded
2024-06-20,Mona Zaki,sales@hub.com,Office Supplies,76.0,3,228.0,Cancelled
2024-09-26,Ali Hassan,contact@service.org,Books,2069.0,8,16552.0,Shipped
2024-06-15,Ali Hassan,sales@hub.com,Books,1998.0,8,15984.0,Cancelled
2024-12-20,Marwan Khaled,info@market.eg,Office Supplies,1085.0,6,6510.0,Cancelled
2024-01-08,Layla Mohamed,yomna.dev@email.com,Groceries,1264.0,1,1264.0,Shipped
2024-03-08,Zainab Tarek,admin@tech.io,Clothing,1596.0,10,15960.0,Completed
2024-03-18,Sara Ahmed,m.zaki@mail.com,Clothing,3193.0,4,12772.0,Pending
2024-06-08,Omar Farouk,user1@mail.com,Groceries,3338.0,8,26704.0,Cancelled
2024-09-28,Marwan Khaled,user1@mail.com,Books,2372.0,3,7116.0,Pending
2024-05-14,Huda Mansour,yomna.dev@email.com,Electronics,228.0,8,1824.0,Completed
2024-02-28,Zainab Tarek,user1@mail.com,Electronics,4422.0,4,17688.0,Completed
2024-06-16,Huda Mansour,yomna.dev@email.com,Books,2514.0,9,22626.0,Pending
2024-02-02,Omar Farouk,test.a@web.net,Books,3386.0,8,27088.0,Completed
2024-10-22,Huda Mansour,m.zaki@mail.com,Home Decor,4090.0,1,4090.0,Pending
2024-02-13,Huda Mansour,sales@hub.com,Electronics,854.0,5,4270.0,Completed
2024-09-06,Yomna Soror,user1@mail.com,Books,4881.0,8,39048.0,Completed
2024-01-04,Marwan Khaled,contact@service.org,Books,1166.0,2,2332.0,Refunded
2024-07-21,Omar Farouk,info@market.eg,Office Supplies,2237.0,8,17896.0,Pending
2024-06-18,Zainab Tarek,user1@mail.com,Home Decor,4814.0,5,24070.0,Shipped
2024-04-10,Huda Mansour,contact@service.org,Groceries,1550.0,6,9300.0,Pending
2024-02-13,Sara Ahmed,sales@hub.com,Office Supplies,2067.0,5,10335.0,Shipped
2024-09-19,Zainab Tarek,admin@tech.io,Books,4937.0,8,39496.0,Shipped
2024-04-19,Ali Hassan,m.zaki@mail.com,Office Supplies,195.0,4,780.0,Completed
2024-02-19,Zainab Tarek,admin@tech.io,Books,1358.0,2,2716.0,Shipped
2024-08-12,Ahmed Ali,user1@mail.com,Groceries,1874.0,5,9370.0,Pending
2024-12-01,Yomna Soror,user1@mail.com,Electronics,459.0,6,2754.0,Cancelled
2024-02-11,Zainab Tarek,info@market.eg,Clothing,603.0,9,5427.0,Completed
2024-10-22,Ali Hassan,m.zaki@mail.com,Electronics,4837.0,1,4837.0,Pending
2024-08-12,Layla Mohamed,test.a@web.net,Groceries,4810.0,5,24050.0,Shipped
2024-09-20,Omar Farouk,admin@tech.io,Home Decor,3848.0,9,34632.0,Shipped
2024-02-25,Ahmed Ali,admin@tech.io,Groceries,248.0,4,992.0,Refunded
2024-03-04,Layla Mohamed,sales@hub.com,Home Decor,2161.0,5,10805.0,Pending
2024-10-08,Huda Mansour,info@market.eg,Office Supplies,3044.0,6,18264.0,Shipped
2024-07-24,Mona Zaki,admin@tech.io,Electronics,1580.0,6,9480.0,Refunded
2024-04-14,Yomna Soror,contact@service.org,Home Decor,949.0,10,9490.0,Shipped
2024-12-16,Ali Hassan,user1@mail.com,Groceries,1319.0,1,1319.0,Refunded
2024-04-15,Marwan Khaled,test.a@web.net,Office Supplies,2493.0,5,12465.0,Completed
2024-07-14,Ahmed Ali,admin@tech.io,Groceries,2952.0,9,26568.0,Refunded
2024-09-05,Sara Ahmed,contact@service.org,Books,2736.0,5,13680.0,Refunded
2024-05-28,Ahmed Ali,test.a@web.net,Clothing,440.0,1,440.0,Shipped
2024-05-22,Ahmed Ali,test.a@web.net,Clothing,1534.0,1,1534.0,Pending
2024-07-21,Omar Farouk,sales@hub.com,Office Supplies,4056.0,2,8112.0,Completed
2024-01-01,Sara Ahmed,contact@service.org,Groceries,870.0,1,870.0,Cancelled
2024-05-19,Huda Mansour,info@market.eg,Groceries,4132.0,5,20660.0,Refunded
2024-09-24,Zainab Tarek,info@market.eg,Clothing,839.0,9,7551.0,Shipped
2024-09-06,Sara Ahmed,contact@service.org,Electronics,596.0,5,2980.0,Pending
2024-11-24,Ali Hassan,test.a@web.net,Home Decor,3260.0,10,32600.0,Shipped
2024-12-02,Ahmed Ali,admin@tech.io,Groceries,2362.0,1,2362.0,Cancelled
2024-03-22,Sara Ahmed,test.a@web.net,Books,4067.0,1,4067.0,Cancelled
2024-09-24,Sara Ahmed,test.a@web.net,Groceries,204.0,6,1224.0,Shipped
2024-01-01,Mona Zaki,sales@hub.com,Clothing,4135.0,7,28945.0,Refunded
2024-06-06,Marwan Khaled,m.zaki@mail.com,Groceries,2069.0,2,4138.0,Completed
2024-01-01,Layla Mohamed,admin@tech.io,Groceries,507.0,5,2535.0,Cancelled
2024-02-27,Ahmed Ali,admin@tech.io,Electronics,3142.0,6,18852.0,Refunded
2024-03-22,Omar Farouk,user1@mail.com,Electronics,302.0,4,1208.0,Pending
2024-10-11,Layla Mohamed,,Books,3597.0,5,17985.0,Cancelled
2024-03-24,Ali Hassan,m.zaki@mail.com,Office Supplies,2394.0,7,16758.0,Completed
2024-05-03,Zainab Tarek,m.zaki@mail.com,Books,2394.0,6,14364.0,Completed
2024-07-13,Zainab Tarek,admin@tech.io,Groceries,4082.0,8,32656.0,Refunded
2024-12-11,Marwan Khaled,yomna.dev@email.com,Books,1531.0,9,13779.0,Pending
2024-09-15,Marwan Khaled,m.zaki@mail.com,Groceries,2158.0,9,19422.0,Refunded
2024-06-15,Layla Mohamed,user1@mail.com,Groceries,4883.0,3,14649.0,Shipped
2024-06-16,Ali Hassan,user1@mail.com,Books,3600.0,5,18000.0,Completed
2024-06-04,Yomna Soror,user1@mail.com,Clothing,2402.0,8,19216.0,Completed
2024-07-13,Ali Hassan,user1@mail.com,Office Supplies,1678.0,1,1678.0,Cancelled
2024-05-16,Huda Mansour,m.zaki@mail.com,Office Supplies,2464.0,10,24640.0,Completed
2024-09-10,Mona Zaki,info@market.eg,Electronics,4797.0,1,4797.0,Completed
2024-06-08,Zainab Tarek,admin@tech.io,Office Supplies,2721.0,10,27210.0,Refunded
2024-04-11,Sara Ahmed,m.zaki@mail.com,Groceries,3130.0,3,9390.0,Refunded
2024-06-26,Zainab Tarek,m.zaki@mail.com,Office Supplies,57.0,6,342.0,Refunded
2024-03-22,Ahmed Ali,info@market.eg,Groceries,4772.0,8,38176.0,Cancelled
2024-06-06,Layla Mohamed,user1@mail.com,Office Supplies,3818.0,8,30544.0,Refunded
2024-06-03,Mona Zaki,test.a@web.net,Books,1979.0,4,7916.0,Pending
2024-04-23,Yomna Soror,,Office Supplies,1886.0,5,9430.0,Pending
2024-12-09,Ahmed Ali,user1@mail.com,Books,2397.0,9,21573.0,Completed
2024-09-26,Sara Ahmed,test.a@web.net,Books,591.0,7,4137.0,Refunded
2024-03-13,Marwan Khaled,info@market.eg,Clothing,4944.0,7,34608.0,Completed
2024-05-21,Yomna Soror,m.zaki@mail.com,Office Supplies,2532.0,4,10128.0,Pending
2024-11-24,Sara Ahmed,sales@hub.com,Groceries,351.0,6,2106.0,Completed
2024-10-14,Marwan Khaled,info@market.eg,Groceries,3256.0,2,6512.0,Pending
2024-08-02,Marwan Khaled,test.a@web.net,Home Decor,348.0,7,2436.0,Refunded
2024-11-26,Ali Hassan,test.a@web.net,Home Decor,2896.0,3,8688.0,Cancelled
2024-01-22,Marwan Khaled,admin@tech.io,Home Decor,4012.0,4,16048.0,Cancelled
2024-09-09,Zainab Tarek,yomna.dev@email.com,Office Supplies,2764.0,10,27640.0,Shipped
2024-12-10,Sara Ahmed,admin@tech.io,Clothing,4029.0,9,36261.0,Completed
2024-08-20,Yomna Soror,sales@hub.com,Home Decor,4909.0,7,34363.0,Cancelled
2024-05-21,Omar Farouk,user1@mail.com,Electronics,860.0,4,3440.0,Cancelled
2024-11-02,Marwan Khaled,yomna.dev@email.com,Books,3571.0,4,14284.0,Refunded
2024-03-21,Ali Hassan,test.a@web.net,Electronics,3645.0,6,21870.0,Completed
2024-07-12,Marwan Khaled,admin@tech.io,Home Decor,4670.0,6,28020.0,Shipped
2024-10-21,Mona Zaki,sales@hub.com,Books,4448.0,3,13344.0,Shipped
2024-01-03,Sara Ahmed,sales@hub.com,Groceries,393.0,5,1965.0,Shipped
2024-07-06,Sara Ahmed,test.a@web.net,Groceries,3478.0,7,24346.0,Pending
2024-04-21,Zainab Tarek,info@market.eg,Groceries,1503.0,6,9018.0,Refunded
2024-08-05,Ahmed Ali,contact@service.org,Groceries,3663.0,9,32967.0,Cancelled
2024-02-10,Huda Mansour,yomna.dev@email.com,Electronics,3149.0,4,12596.0,Refunded
2024-01-19,Ahmed Ali,contact@service.org,Books,324.0,5,1620.0,Cancelled
2024-04-25,Yomna Soror,test.a@web.net,Office Supplies,3924.0,3,11772.0,Completed
2024-06-16,Layla Mohamed,,Electronics,3131.0,10,31310.0,Completed
2024-02-09,Omar Farouk,test.a@web.net,Books,4243.0,9,38187.0,Completed
2024-11-15,Omar Farouk,admin@tech.io,Clothing,2928.0,2,5856.0,Pending
2024-05-10,Marwan Khaled,user1@mail.com,Books,3197.0,3,9591.0,Shipped
2024-12-16,Yomna Soror,admin@tech.io,Electronics,2201.0,8,17608.0,Shipped
2024-04-20,Omar Farouk,yomna.dev@email.com,Books,1670.0,3,5010.0,Refunded
2024-07-28,Mona Zaki,contact@service.org,Books,4878.0,10,48780.0,Refunded
2024-06-08,Ali Hassan,info@market.eg,Groceries,1594.0,8,12752.0,Cancelled
2024-10-17,Sara Ahmed,test.a@web.net,Clothing,3327.0,4,13308.0,Cancelled
2024-05-21,Sara Ahmed,info@market.eg,Electronics,952.0,1,952.0,Shipped
2024-10-23,Sara Ahmed,m.zaki@mail.com,Clothing,3715.0,10,37150.0,Pending
2024-04-02,Layla Mohamed,test.a@web.net,Office Supplies,2880.0,7,20160.0,Completed
2024-11-03,Omar Farouk,m.zaki@mail.com,Groceries,3601.0,9,32409.0,Refunded
2024-07-10,Ali Hassan,contact@service.org,Home Decor,1638.0,9,14742.0,Shipped
2024-03-03,Marwan Khaled,test.a@web.net,Books,116.0,1,116.0,Pending
2024-09-17,Marwan Khaled,sales@hub.com,Office Supplies,4197.0,10,41970.0,Pending
2024-08-03,Ahmed Ali,yomna.dev@email.com,Groceries,885.0,6,5310.0,Refunded
2024-03-20,Ali Hassan,admin@tech.io,Books,4370.0,6,26220.0,Pending
2024-08-26,Sara Ahmed,yomna.dev@email.com,Books,2921.0,6,17526.0,Completed
2024-12-20,Ahmed Ali,yomna.dev@email.com,Books,2198.0,6,13188.0,Refunded
2024-08-28,Mona Zaki,test.a@web.net,Clothing,1993.0,7,13951.0,Refunded
2024-03-02,Yomna Soror,user1@mail.com,Electronics,2585.0,3,7755.0,Cancelled
2024-03-06,Zainab Tarek,admin@tech.io,Clothing,2514.0,4,10056.0,Cancelled
2024-07-24,Huda Mansour,user1@mail.com,Office Supplies,2592.0,4,10368.0,Shipped
2024-03-13,Yomna Soror,info@market.eg,Electronics,1747.0,2,3494.0,Refunded
2024-09-12,Ahmed Ali,info@market.eg,Office Supplies,490.0,10,4900.0,Shipped
2024-03-01,Zainab Tarek,sales@hub.com,Books,1058.0,8,8464.0,Cancelled
2024-10-12,Ahmed Ali,contact@service.org,Office Supplies,3357.0,1,3357.0,Shipped
2024-12-05,Marwan Khaled,info@market.eg,Electronics,3012.0,3,9036.0,Cancelled
2024-06-14,Huda Mansour,test.a@web.net,Groceries,479.0,6,2874.0,Refunded
2024-10-07,Huda Mansour,admin@tech.io,Books,4021.0,7,28147.0,Refunded
2024-03-14,Mona Zaki,contact@service.org,Electronics,3482.0,8,27856.0,Refunded
2024-04-03,Huda Mansour,test.a@web.net,Books,4097.0,10,40970.0,Shipped
2024-08-10,Marwan Khaled,test.a@web.net,Home Decor,4853.0,2,9706.0,Refunded
2024-04-19,Marwan Khaled,m.zaki@mail.com,Home Decor,4378.0,7,30646.0,Completed
2024-05-16,Sara Ahmed,m.zaki@mail.com,Books,3584.0,4,14336.0,Completed
2024-04-20,Layla Mohamed,contact@service.org,Clothing,1177.0,7,8239.0,Cancelled
2024-07-08,Huda Mansour,admin@tech.io,Electronics,4732.0,3,14196.0,Cancelled
2024-12-04,Omar Farouk,m.zaki@mail.com,Groceries,3303.0,8,26424.0,Pending
2024-03-20,Huda Mansour,yomna.dev@email.com,Groceries,4119.0,6,24714.0,Cancelled
2024-05-10,Sara Ahmed,sales@hub.com,Books,392.0,4,1568.0,Refunded
2024-11-27,Ahmed Ali,m.zaki@mail.com,Groceries,904.0,5,4520.0,Pending
2024-10-18,Yomna Soror,contact@service.org,Office Supplies,2800.0,9,25200.0,Shipped
2024-01-14,Omar Farouk,yomna.dev@email.com,Books,1240.0,4,4960.0,Pending
2024-05-25,Omar Farouk,sales@hub.com,Groceries,572.0,9,5148.0,Refunded
2024-08-06,Ahmed Ali,m.zaki@mail.com,Clothing,2326.0,8,18608.0,Shipped
2024-07-07,Omar Farouk,contact@service.org,Home Decor,3369.0,10,33690.0,Shipped
2024-11-24,Mona Zaki,m.zaki@mail.com,Office Supplies,3394.0,7,23758.0,Shipped
2024-06-02,Marwan Khaled,contact@service.org,Office Supplies,825.0,7,5775.0,Completed
2024-08-12,Huda Mansour,test.a@web.net,Clothing,1225.0,9,11025.0,Refunded
2024-04-03,Layla Mohamed,admin@tech.io,Electronics,2410.0,4,9640.0,Completed
2024-05-23,Layla Mohamed,info@market.eg,Electronics,573.0,9,5157.0,Refunded
2024-08-15,Marwan Khaled,sales@hub.com,Office Supplies,534.0,8,4272.0,Pending
2024-05-16,Ahmed Ali,m.zaki@mail.com,Clothing,3485.0,9,31365.0,Refunded
2024-01-25,Huda Mansour,info@market.eg,Home Decor,2795.0,3,8385.0,Cancelled
2024-12-03,Ahmed Ali,info@market.eg,Home Decor,3031.0,10,30310.0,Pending
2024-03-04,Mona Zaki,admin@tech.io,Clothing,3516.0,6,21096.0,Shipped
2024-04-10,Ahmed Ali,m.zaki@mail.com,Groceries,2166.0,10,21660.0,Cancelled
2024-11-14,Mona Zaki,yomna.dev@email.com,Electronics,841.0,2,1682.0,Shipped
2024-04-13,Layla Mohamed,info@market.eg,Groceries,303.0,9,2727.0,Pending
2024-12-15,Yomna Soror,user1@mail.com,Electronics,3323.0,1,3323.0,Cancelled
2024-11-08,Zainab Tarek,contact@service.org,Electronics,2393.0,4,9572.0,Refunded
2024-06-09,Huda Mansour,contact@service.org,Electronics,1549.0,9,13941.0,Completed
2024-01-11,Yomna Soror,yomna.dev@email.com,Groceries,1787.0,8,14296.0,Pending
2024-08-04,Huda Mansour,user1@mail.com,Home Decor,2330.0,1,2330.0,Shipped
2024-11-19,Ahmed Ali,user1@mail.com,Groceries,4103.0,3,12309.0,Pending
2024-01-06,Omar Farouk,yomna.dev@email.com,Office Supplies,2747.0,7,19229.0,Shipped
2024-06-08,Zainab Tarek,test.a@web.net,Electronics,2114.0,7,14798.0,Shipped
2024-01-16,Ahmed Ali,yomna.dev@email.com,Office Supplies,762.0,4,3048.0,Refunded
2024-03-18,Marwan Khaled,m.zaki@mail.com,Clothing,97.0,9,873.0,Pending
2024-12-10,Omar Farouk,admin@tech.io,Clothing,4562.0,1,4562.0,Completed
2024-10-02,Ali Hassan,user1@mail.com,Office Supplies,4417.0,9,39753.0,Shipped
2024-02-12,Ahmed Ali,test.a@web.net,Office Supplies,2564.0,7,17948.0,Refunded
2024-07-05,Zainab Tarek,user1@mail.com,Clothing,2441.0,8,19528.0,Completed
2024-07-11,Ali Hassan,sales@hub.com,Office Supplies,1031.0,5,5155.0,Cancelled
2024-11-24,Ali Hassan,yomna.dev@email.com,Office Supplies,878.0,5,4390.0,Completed
2024-07-03,Zainab Tarek,sales@hub.com,Books,3316.0,2,6632.0,Cancelled
2024-11-12,Zainab Tarek,sales@hub.com,Office Supplies,2663.0,10,26630.0,Refunded
2024-04-06,Layla Mohamed,sales@hub.com,Electronics,2279.0,1,2279.0,Shipped
2024-01-21,Yomna Soror,admin@tech.io,Home Decor,3906.0,3,11718.0,Pending
2024-08-10,Yomna Soror,info@market.eg,Books,2730.0,10,27300.0,Shipped
2024-06-18,Ali Hassan,info@market.eg,Electronics,4829.0,6,28974.0,Pending
2024-12-26,Ali Hassan,contact@service.org,Office Supplies,2159.0,2,4318.0,Completed
2024-10-21,Huda Mansour,contact@service.org,Office Supplies,4386.0,5,21930.0,Cancelled
2024-08-06,Ahmed Ali,admin@tech.io,Office Supplies,1033.0,8,8264.0,Completed
2024-02-04,Marwan Khaled,yomna.dev@email.com,Clothing,1158.0,1,1158.0,Completed
2024-01-18,Mona Zaki,admin@tech.io,Electronics,696.0,7,4872.0,Pending
2024-01-09,Layla Mohamed,info@market.eg,Electronics,1275.0,8,10200.0,Cancelled
2024-04-04,Huda Mansour,yomna.dev@email.com,Books,2313.0,3,6939.0,Pending
2024-07-24,Sara Ahmed,user1@mail.com,Groceries,3056.0,9,27504.0,Completed
2024-10-20,Sara Ahmed,admin@tech.io,Home Decor,4261.0,6,25566.0,Pending
2024-12-15,Ali Hassan,test.a@web.net,Electronics,662.0,4,2648.0,Refunded
2024-07-18,Huda Mansour,sales@hub.com,Books,303.0,4,1212.0,Refunded
2024-10-01,Yomna Soror,test.a@web.net,Office Supplies,3787.0,2,7574.0,Shipped
2024-07-24,Sara Ahmed,info@market.eg,Electronics,1571.0,5,7855.0,Refunded
2024-03-10,Huda Mansour,user1@mail.com,Groceries,2388.0,3,7164.0,Refunded
2024-02-28,Sara Ahmed,sales@hub.com,Home Decor,350.0,2,700.0,Refunded
2024-12-13,Ali Hassan,contact@service.org,Books,211.0,1,211.0,Shipped
2024-06-03,Layla Mohamed,admin@tech.io,Books,4004.0,4,16016.0,Cancelled
2024-05-23,Ali Hassan,test.a@web.net,Groceries,935.0,10,9350.0,Completed
2024-07-09,Zainab Tarek,m.zaki@mail.com,Books,2718.0,4,10872.0,Refunded
2024-08-28,Yomna Soror,sales@hub.com,Home Decor,4228.0,2,8456.0,Refunded
2024-03-28,Layla Mohamed,info@market.eg,Groceries,3002.0,5,15010.0,Pending
2024-12-08,Yomna Soror,yomna.dev@email.com,Home Decor,2865.0,6,17190.0,Completed
2024-07-16,Marwan Khaled,contact@service.org,Clothing,626.0,10,6260.0,Refunded
2024-06-13,Huda Mansour,contact@service.org,Office Supplies,1731.0,7,12117.0,Cancelled
2024-09-13,Yomna Soror,test.a@web.net,Home Decor,564.0,10,5640.0,Shipped
2024-08-13,Mona Zaki,contact@service.org,Books,3285.0,6,19710.0,Refunded
2024-12-22,Ali Hassan,info@market.eg,Clothing,1116.0,1,1116.0,Refunded
2024-08-22,Huda Mansour,sales@hub.com,Electronics,4952.0,5,24760.0,Cancelled
2024-04-03,Ali Hassan,m.zaki@mail.com,Electronics,522.0,1,522.0,Cancelled
2024-04-15,Zainab Tarek,admin@tech.io,Clothing,3155.0,9,28395.0,Shipped
2024-10-04,Ali Hassan,m.zaki@mail.com,Books,4497.0,5,22485.0,Cancelled
2024-04-04,Omar Farouk,m.zaki@mail.com,Electronics,492.0,8,3936.0,Cancelled
2024-12-10,Zainab Tarek,admin@tech.io,Clothing,2400.0,7,16800.0,Shipped
2024-12-23,Huda Mansour,contact@service.org,Electronics,4497.0,7,31479.0,Refunded
2024-07-23,Ahmed Ali,info@market.eg,Books,2615.0,6,15690.0,Pending
2024-04-09,Yomna Soror,user1@mail.com,Groceries,2706.0,1,2706.0,Refunded
2024-04-24,Mona Zaki,m.zaki@mail.com,Clothing,994.0,2,1988.0,Pending
2024-05-05,Sara Ahmed,contact@service.org,Office Supplies,4172.0,9,37548.0,Completed
2024-07-22,Zainab Tarek,contact@service.org,Groceries,87.0,6,522.0,Pending
2024-09-25,Marwan Khaled,test.a@web.net,Groceries,3318.0,1,3318.0,Completed
2024-10-12,Omar Farouk,user1@mail.com,Clothing,1268.0,10,12680.0,Completed
2024-11-23,Layla Mohamed,m.zaki@mail.com,Clothing,419.0,4,1676.0,Completed
2024-12-05,Layla Mohamed,sales@hub.com,Office Supplies,4492.0,9,40428.0,Pending
2024-05-14,Mona Zaki,sales@hub.com,Office Supplies,843.0,4,3372.0,Pending
2024-05-01,Omar Farouk,contact@service.org,Groceries,511.0,2,1022.0,Cancelled
2024-12-09,Zainab Tarek,m.zaki@mail.com,Groceries,4874.0,8,38992.0,Cancelled
2024-06-10,Huda Mansour,test.a@web.net,Groceries,4218.0,1,4218.0,Refunded
2024-05-01,Mona Zaki,m.zaki@mail.com,Office Supplies,836.0,4,3344.0,Refunded
2024-02-15,Omar Farouk,yomna.dev@email.com,Office Supplies,2826.0,4,11304.0,Refunded
2024-06-25,Layla Mohamed,admin@tech.io,Books,4567.0,1,4567.0,Cancelled
2024-04-26,Yomna Soror,sales@hub.com,Groceries,439.0,4,1756.0,Shipped
2024-11-14,Layla Mohamed,test.a@web.net,Electronics,4773.0,5,23865.0,Shipped
2024-01-02,Sara Ahmed,user1@mail.com,Office Supplies,4220.0,4,16880.0,Pending
2024-09-24,Ali Hassan,info@market.eg,Office Supplies,3181.0,1,3181.0,Refunded
2024-10-26,Sara Ahmed,test.a@web.net,Clothing,2733.0,6,16398.0,Cancelled
2024-11-07,Omar Farouk,sales@hub.com,Office Supplies,2798.0,2,5596.0,Cancelled
2024-10-16,Layla Mohamed,m.zaki@mail.com,Electronics,1990.0,8,15920.0,Refunded
2024-02-19,Zainab Tarek,test.a@web.net,Groceries,4872.0,1,4872.0,Cancelled
2024-07-11,Ahmed Ali,,Books,4934.0,2,9868.0,Cancelled
2024-03-24,Omar Farouk,sales@hub.com,Office Supplies,4570.0,5,22850.0,Completed
2024-04-18,Mona Zaki,m.zaki@mail.com,Home Decor,4352.0,3,13056.0,Cancelled
2024-08-21,Layla Mohamed,info@market.eg,Electronics,692.0,3,2076.0,Refunded
2024-10-14,Layla Mohamed,sales@hub.com,Electronics,4141.0,2,8282.0,Pending
2024-12-20,Marwan Khaled,sales@hub.com,Groceries,3830.0,8,30640.0,Shipped
2024-01-01,Ahmed Ali,info@market.eg,Groceries,4582.0,1,4582.0,Completed
2024-02-09,Ahmed Ali,sales@hub.com,Clothing,3386.0,3,10158.0,Refunded
2024-07-20,Zainab Tarek,user1@mail.com,Books,3848.0,1,3848.0,Completed
2024-08-28,Layla Mohamed,yomna.dev@email.com,Electronics,2674.0,9,24066.0,Completed
2024-09-26,Ali Hassan,m.zaki@mail.com,Office Supplies,1625.0,6,9750.0,Cancelled
2024-01-13,Ali Hassan,contact@service.org,Groceries,3495.0,8,27960.0,Cancelled
2024-05-20,Omar Farouk,admin@tech.io,Office Supplies,4309.0,5,21545.0,Pending
2024-12-06,Marwan Khaled,contact@service.org,Electronics,2090.0,2,4180.0,Completed
2024-03-25,Zainab Tarek,m.zaki@mail.com,Groceries,4960.0,2,9920.0,Shipped
2024-06-16,Layla Mohamed,admin@tech.io,Electronics,3464.0,3,10392.0,Pending
2024-07-04,Sara Ahmed,yomna.dev@email.com,Clothing,1051.0,7,7357.0,Refunded
2024-02-24,Sara Ahmed,info@market.eg,Office Supplies,1124.0,6,6744.0,Refunded
2024-03-12,Ahmed Ali,user1@mail.com,Books,4986.0,5,24930.0,Refunded
2024-07-09,Sara Ahmed,yomna.dev@email.com,Groceries,1344.0,8,10752.0,Refunded
2024-07-22,Layla Mohamed,user1@mail.com,Groceries,456.0,8,3648.0,Refunded
2024-07-14,Sara Ahmed,user1@mail.com,Home Decor,498.0,9,4482.0,Completed
2024-08-11,Yomna Soror,admin@tech.io,Clothing,2719.0,4,10876.0,Pending
2024-04-13,Ali Hassan,yomna.dev@email.com,Office Supplies,925.0,5,4625.0,Cancelled
2024-08-06,Zainab Tarek,info@market.eg,Groceries,1367.0,3,4101.0,Pending
2024-02-08,Zainab Tarek,admin@tech.io,Groceries,1167.0,5,5835.0,Completed
2024-07-16,Zainab Tarek,info@market.eg,Books,2468.0,10,24680.0,Shipped
2024-06-21,Sara Ahmed,info@market.eg,Groceries,911.0,3,2733.0,Shipped
2024-09-15,Sara Ahmed,m.zaki@mail.com,Books,1291.0,2,2582.0,Cancelled
2024-09-15,Ali Hassan,m.zaki@mail.com,Electronics,1462.0,7,10234.0,Shipped
2024-08-19,Layla Mohamed,test.a@web.net,Clothing,3329.0,6,19974.0,Pending
2024-07-10,Layla Mohamed,info@market.eg,Office Supplies,4527.0,1,4527.0,Completed
2024-06-03,Layla Mohamed,info@market.eg,Clothing,1639.0,8,13112.0,Pending
2024-01-01,Ahmed Ali,admin@tech.io,Electronics,3678.0,4,14712.0,Shipped
2024-04-03,Layla Mohamed,contact@service.org,Home Decor,2228.0,7,15596.0,Cancelled
2024-08-09,Omar Farouk,admin@tech.io,Electronics,2829.0,2,5658.0,Pending
2024-04-17,Mona Zaki,info@market.eg,Clothing,3807.0,7,26649.0,Completed
2024-06-12,Yomna Soror,contact@service.org,Groceries,667.0,5,3335.0,Cancelled
2024-02-18,Huda Mansour,user1@mail.com,Office Supplies,3731.0,3,11193.0,Pending
2024-06-12,Zainab Tarek,sales@hub.com,Electronics,3273.0,1,3273.0,Pending
2024-01-04,Omar Farouk,test.a@web.net,Office Supplies,2034.0,9,18306.0,Completed
2024-12-07,Omar Farouk,user1@mail.com,Home Decor,2845.0,1,2845.0,Pending
2024-08-17,Mona Zaki,sales@hub.com,Electronics,3359.0,9,30231.0,Cancelled
2024-08-18,Yomna Soror,,Electronics,2902.0,8,23216.0,Completed
2024-02-22,Ali Hassan,admin@tech.io,Books,1296.0,6,7776.0,Completed
2024-04-11,Omar Farouk,admin@tech.io,Groceries,2413.0,10,24130.0,Shipped
2024-05-19,Mona Zaki,info@market.eg,Electronics,2405.0,8,19240.0,Completed
2024-01-01,Yomna Soror,m.zaki@mail.com,Electronics,1962.0,4,7848.0,Completed
2024-10-02,Layla Mohamed,info@market.eg,Books,4834.0,7,33838.0,Refunded
2024-06-06,Huda Mansour,user1@mail.com,Office Supplies,3247.0,4,12988.0,Shipped
2024-09-12,Zainab Tarek,sales@hub.com,Home Decor,212.0,10,2120.0,Cancelled
2024-04-11,Omar Farouk,test.a@web.net,Books,1415.0,6,8490.0,Pending
2024-09-07,Marwan Khaled,m.zaki@mail.com,Clothing,2084.0,1,2084.0,Shipped
2024-12-19,Huda Mansour,contact@service.org,Home Decor,1920.0,1,1920.0,Pending
2024-01-01,Layla Mohamed,sales@hub.com,Home Decor,565.0,6,3390.0,Shipped
2024-08-02,Marwan Khaled,info@market.eg,Groceries,2724.0,9,24516.0,Cancelled
2024-09-17,Huda Mansour,contact@service.org,Electronics,2052.0,5,10260.0,Cancelled
2024-12-06,Ahmed Ali,info@market.eg,Electronics,4969.0,6,29814.0,Cancelled
2024-03-05,Mona Zaki,user1@mail.com,Clothing,4716.0,8,37728.0,Refunded
2024-10-01,Sara Ahmed,contact@service.org,Electronics,2834.0,2,5668.0,Refunded
2024-08-08,Mona Zaki,test.a@web.net,Books,2671.0,4,10684.0,Refunded
2024-06-07,Sara Ahmed,yomna.dev@email.com,Groceries,181.0,4,724.0,Refunded
2024-08-10,Mona Zaki,m.zaki@mail.com,Books,2710.0,9,24390.0,Pending
2024-03-24,Ahmed Ali,user1@mail.com,Home Decor,470.0,10,4700.0,Shipped
2024-04-22,Sara Ahmed,admin@tech.io,Groceries,1401.0,3,4203.0,Cancelled
2024-01-05,Huda Mansour,yomna.dev@email.com,Clothing,3166.0,9,28494.0,Cancelled
2024-11-14,Yomna Soror,test.a@web.net,Groceries,2451.0,9,22059.0,Cancelled
2024-07-26,Ali Hassan,yomna.dev@email.com,Books,2679.0,9,24111.0,Cancelled
2024-04-27,Ahmed Ali,info@market.eg,Books,4219.0,3,12657.0,Shipped
2024-11-01,Zainab Tarek,admin@tech.io,Office Supplies,3969.0,10,39690.0,Refunded
2024-10-14,Ali Hassan,info@market.eg,Books,2216.0,5,11080.0,Completed
2024-05-23,Ali Hassan,test.a@web.net,Clothing,456.0,4,1824.0,Refunded
2024-01-17,Ali Hassan,m.zaki@mail.com,Groceries,2359.0,8,18872.0,Cancelled
2024-05-21,Ali Hassan,sales@hub.com,Electronics,2245.0,10,22450.0,Pending
2024-12-20,Mona Zaki,info@market.eg,Books,403.0,9,3627.0,Pending
2024-06-24,Ahmed Ali,yomna.dev@email.com,Office Supplies,4334.0,4,17336.0,Pending
2024-03-06,Yomna Soror,admin@tech.io,Books,4103.0,5,20515.0,Pending
2024-09-24,Huda Mansour,admin@tech.io,Clothing,4443.0,5,22215.0,Completed
2024-12-01,Layla Mohamed,admin@tech.io,Office Supplies,2449.0,3,7347.0,Pending
2024-09-22,Ahmed Ali,sales@hub.com,Electronics,2904.0,4,11616.0,Pending
2024-03-14,Ali Hassan,m.zaki@mail.com,Home Decor,1628.0,6,9768.0,Pending
2024-11-17,Yomna Soror,test.a@web.net,Office Supplies,4247.0,3,12741.0,Cancelled
2024-10-23,Layla Mohamed,yomna.dev@email.com,Office Supplies,486.0,9,4374.0,Completed
2024-09-23,Huda Mansour,sales@hub.com,Home Decor,1993.0,5,9965.0,Pending
2024-03-08,Huda Mansour,test.a@web.net,Books,2437.0,6,14622.0,Shipped
2024-07-17,Huda Mansour,contact@service.org,Books,4980.0,1,4980.0,Pending
2024-05-19,Ali Hassan,info@market.eg,Books,1464.0,10,14640.0,Pending
2024-08-19,Yomna Soror,yomna.dev@email.com,Groceries,2382.0,10,23820.0,Pending
2024-06-28,Sara Ahmed,test.a@web.net,Office Supplies,1836.0,8,14688.0,Pending
2024-09-08,Mona Zaki,m.zaki@mail.com,Groceries,984.0,1,984.0,Pending
2024-12-06,Layla Mohamed,info@market.eg,Groceries,2770.0,10,27700.0,Completed
2024-03-28,Yomna Soror,user1@mail.com,Books,4797.0,6,28782.0,Pending
2024-10-04,Yomna Soror,user1@mail.com,Home Decor,3188.0,2,6376.0,Cancelled
2024-01-02,Ali Hassan,user1@mail.com,Electronics,4855.0,3,14565.0,Pending
2024-06-18,Layla Mohamed,test.a@web.net,Office Supplies,388.0,2,776.0,Refunded
2024-01-02,Yomna Soror,contact@service.org,Home Decor,4273.0,2,8546.0,Shipped
2024-06-28,Huda Mansour,contact@service.org,Groceries,3639.0,5,18195.0,Cancelled
2024-06-26,Marwan Khaled,test.a@web.net,Home Decor,779.0,8,6232.0,Shipped
2024-12-09,Sara Ahmed,test.a@web.net,Groceries,4163.0,3,12489.0,Completed
2024-09-06,Marwan Khaled,test.a@web.net,Office Supplies,4269.0,1,4269.0,Completed
2024-07-13,Marwan Khaled,contact@service.org,Electronics,3138.0,2,6276.0,Shipped
2024-09-23,Zainab Tarek,test.a@web.net,Groceries,4060.0,5,20300.0,Cancelled
2024-12-17,Ahmed Ali,m.zaki@mail.com,Home Decor,2429.0,1,2429.0,Cancelled
2024-10-11,Huda Mansour,info@market.eg,Home Decor,2319.0,3,6957.0,Cancelled
2024-07-22,Huda Mansour,admin@tech.io,Clothing,2213.0,5,11065.0,Completed
2024-04-09,Marwan Khaled,test.a@web.net,Electronics,65.0,4,260.0,Shipped
2024-07-20,Yomna Soror,m.zaki@mail.com,Clothing,3246.0,10,32460.0,Pending
2024-12-15,Huda Mansour,test.a@web.net,Office Supplies,3470.0,4,13880.0,Refunded
2024-09-05,Layla Mohamed,test.a@web.net,Home Decor,2425.0,1,2425.0,Refunded
2024-05-15,Ahmed Ali,info@market.eg,Electronics,3418.0,5,17090.0,Pending
2024-12-08,Omar Farouk,m.zaki@mail.com,Home Decor,1850.0,9,16650.0,Cancelled
2024-06-15,Huda Mansour,test.a@web.net,Books,1118.0,2,2236.0,Completed
2024-05-09,Ali Hassan,sales@hub.com,Clothing,4266.0,8,34128.0,Cancelled
2024-11-22,Ali Hassan,sales@hub.com,Office Supplies,872.0,10,8720.0,Cancelled
2024-05-27,Ahmed Ali,user1@mail.com,Office Supplies,4497.0,9,40473.0,Refunded
2024-04-03,Huda Mansour,sales@hub.com,Office Supplies,2068.0,9,18612.0,Pending
2024-08-22,Yomna Soror,user1@mail.com,Home Decor,3470.0,5,17350.0,Shipped
2024-02-07,Mona Zaki,sales@hub.com,Groceries,2014.0,6,12084.0,Completed
2024-12-14,Marwan Khaled,m.zaki@mail.com,Groceries,4544.0,4,18176.0,Completed
2024-05-20,Layla Mohamed,sales@hub.com,Electronics,2514.0,7,17598.0,Shipped
2024-09-02,Huda Mansour,contact@service.org,Home Decor,334.0,4,1336.0,Shipped
2024-02-05,Yomna Soror,user1@mail.com,Books,846.0,8,6768.0,Pending
2024-08-08,Sara Ahmed,admin@tech.io,Clothing,1604.0,10,16040.0,Pending
2024-08-04,Ahmed Ali,user1@mail.com,Home Decor,2198.0,4,8792.0,Shipped
2024-06-20,Layla Mohamed,sales@hub.com,Clothing,4254.0,7,29778.0,Refunded
2024-05-09,Yomna Soror,,Home Decor,778.0,4,3112.0,Pending
2024-09-07,Yomna Soror,m.zaki@mail.com,Groceries,820.0,9,7380.0,Pending
2024-10-27,Zainab Tarek,info@market.eg,Groceries,3673.0,4,14692.0,Pending
2024-03-12,Sara Ahmed,test.a@web.net,Clothing,3050.0,1,3050.0,Refunded
2024-10-07,Omar Farouk,sales@hub.com,Groceries,1904.0,10,19040.0,Refunded
2024-07-06,Sara Ahmed,user1@mail.com,Books,2148.0,6,12888.0,Cancelled
2024-10-09,Ali Hassan,contact@service.org,Office Supplies,3535.0,5,17675.0,Cancelled
2024-11-08,Ahmed Ali,test.a@web.net,Home Decor,1624.0,1,1624.0,Shipped
2024-01-05,Yomna Soror,contact@service.org,Clothing,4063.0,4,16252.0,Completed
2024-02-05,Zainab Tarek,user1@mail.com,Home Decor,2242.0,3,6726.0,Pending
2024-04-01,Mona Zaki,info@market.eg,Electronics,2195.0,3,6585.0,Shipped
2024-04-27,Ali Hassan,info@market.eg,Home Decor,231.0,2,462.0,Refunded
2024-05-04,Sara Ahmed,m.zaki@mail.com,Groceries,1515.0,7,10605.0,Pending
2024-09-09,Yomna Soror,sales@hub.com,Office Supplies,3104.0,2,6208.0,Pending
2024-11-27,Mona Zaki,test.a@web.net,Clothing,4187.0,6,25122.0,Pending
2024-05-16,Layla Mohamed,m.zaki@mail.com,Home Decor,1376.0,2,2752.0,Pending
2024-08-23,Zainab Tarek,m.zaki@mail.com,Office Supplies,4676.0,2,9352.0,Completed
2024-03-06,Sara Ahmed,contact@service.org,Books,1256.0,8,10048.0,Completed
2024-01-23,Huda Mansour,user1@mail.com,Office Supplies,2514.0,7,17598.0,Shipped
2024-06-23,Zainab Tarek,sales@hub.com,Office Supplies,3040.0,7,21280.0,Completed
2024-04-21,Ali Hassan,user1@mail.com,Groceries,192.0,9,1728.0,Refunded
2024-01-02,Ahmed Ali,,Groceries,2926.0,5,14630.0,Shipped
2024-08-02,Marwan Khaled,user1@mail.com,Groceries,2047.0,7,14329.0,Shipped
2024-01-12,Ahmed Ali,info@market.eg,Groceries,1702.0,10,17020.0,Shipped
2024-09-10,Huda Mansour,user1@mail.com,Home Decor,552.0,4,2208.0,Shipped
2024-12-09,Huda Mansour,yomna.dev@email.com,Groceries,683.0,8,5464.0,Pending
2024-07-10,Marwan Khaled,test.a@web.net,Clothing,2514.0,5,12570.0,Cancelled
2024-05-21,Huda Mansour,info@market.eg,Electronics,2543.0,1,2543.0,Completed
2024-09-27,Ali Hassan,test.a@web.net,Groceries,4681.0,1,4681.0,Completed
2024-01-06,Yomna Soror,m.zaki@mail.com,Clothing,222.0,5,1110.0,Refunded
2024-12-04,Yomna Soror,user1@mail.com,Home Decor,538.0,9,4842.0,Cancelled
2024-09-14,Huda Mansour,m.zaki@mail.com,Groceries,1209.0,6,7254.0,Refunded
2024-04-20,Marwan Khaled,test.a@web.net,Clothing,4502.0,2,9004.0,Cancelled
2024-05-23,Huda Mansour,admin@tech.io,Groceries,1933.0,5,9665.0,Completed
2024-09-02,Mona Zaki,sales@hub.com,Home Decor,236.0,6,1416.0,Pending
2024-11-17,Ali Hassan,contact@service.org,Clothing,2085.0,8,16680.0,Refunded
2024-04-27,Layla Mohamed,admin@tech.io,Books,1418.0,1,1418.0,Refunded
2024-10-06,Sara Ahmed,info@market.eg,Home Decor,4732.0,6,28392.0,Completed
2024-02-21,Zainab Tarek,yomna.dev@email.com,Electronics,348.0,5,1740.0,Completed
2024-01-01,Zainab Tarek,test.a@web.net,Office Supplies,1660.0,9,14940.0,Cancelled
2024-11-26,Marwan Khaled,m.zaki@mail.com,Books,2949.0,7,20643.0,Refunded
2024-04-13,Zainab Tarek,,Electronics,3014.0,5,15070.0,Pending
2024-02-12,Omar Farouk,test.a@web.net,Office Supplies,2242.0,1,2242.0,Completed
2024-11-27,Ahmed Ali,yomna.dev@email.com,Electronics,4404.0,7,30828.0,Refunded
2024-05-13,Marwan Khaled,yomna.dev@email.com,Clothing,2098.0,10,20980.0,Pending
2024-10-05,Omar Farouk,contact@service.org,Clothing,1640.0,5,8200.0,Cancelled
2024-08-16,Huda Mansour,m.zaki@mail.com,Groceries,4901.0,4,19604.0,Shipped
2024-07-10,Layla Mohamed,user1@mail.com,Books,4795.0,3,14385.0,Completed
2024-09-28,Mona Zaki,test.a@web.net,Groceries,4253.0,4,17012.0,Shipped
2024-04-26,Ahmed Ali,user1@mail.com,Home Decor,390.0,7,2730.0,Cancelled
2024-01-20,Marwan Khaled,info@market.eg,Office Supplies,2137.0,8,17096.0,Shipped
2024-07-09,Mona Zaki,test.a@web.net,Home Decor,4965.0,1,4965.0,Shipped
2024-07-05,Zainab Tarek,sales@hub.com,Books,4419.0,4,17676.0,Shipped
2024-12-03,Omar Farouk,yomna.dev@email.com,Office Supplies,2531.0,6,15186.0,Shipped
2024-06-13,Sara Ahmed,m.zaki@mail.com,Electronics,3707.0,8,29656.0,Shipped
2024-05-21,Mona Zaki,yomna.dev@email.com,Groceries,2515.0,9,22635.0,Pending
2024-12-22,Omar Farouk,m.zaki@mail.com,Home Decor,3947.0,2,7894.0,Completed
2024-10-17,Mona Zaki,admin@tech.io,Books,3398.0,5,16990.0,Cancelled
2024-06-06,Omar Farouk,contact@service.org,Books,715.0,5,3575.0,Cancelled
2024-08-02,Yomna Soror,contact@service.org,Office Supplies,1988.0,6,11928.0,Completed
2024-08-27,Ali Hassan,user1@mail.com,Groceries,4157.0,2,8314.0,Cancelled
2024-03-27,Mona Zaki,info@market.eg,Home Decor,4881.0,9,43929.0,Cancelled
2024-06-28,Sara Ahmed,info@market.eg,Groceries,4602.0,6,27612.0,Pending
2024-09-28,Ali Hassan,admin@tech.io,Clothing,2038.0,3,6114.0,Refunded
2024-06-08,Zainab Tarek,sales@hub.com,Groceries,3449.0,10,34490.0,Completed
2024-01-06,Yomna Soror,admin@tech.io,Clothing,139.0,5,695.0,Shipped
2024-04-12,Mona Zaki,sales@hub.com,Groceries,4694.0,8,37552.0,Pending
2024-04-26,Layla Mohamed,yomna.dev@email.com,Groceries,2898.0,5,14490.0,Pending
2024-06-26,Huda Mansour,yomna.dev@email.com,Electronics,1342.0,8,10736.0,Cancelled
2024-12-16,Mona Zaki,m.zaki@mail.com,Groceries,4226.0,10,42260.0,Cancelled
2024-02-01,Sara Ahmed,yomna.dev@email.com,Groceries,1371.0,3,4113.0,Pending
2024-11-27,Marwan Khaled,yomna.dev@email.com,Home Decor,2068.0,2,4136.0,Completed
2024-08-08,Huda Mansour,info@market.eg,Electronics,516.0,5,2580.0,Refunded
2024-07-18,Marwan Khaled,test.a@web.net,Clothing,2531.0,9,22779.0,Refunded
2024-08-01,Huda Mansour,test.a@web.net,Books,3347.0,9,30123.0,Refunded
2024-10-14,Omar Farouk,yomna.dev@email.com,Groceries,752.0,6,4512.0,Pending
2024-07-15,Omar Farouk,m.zaki@mail.com,Home Decor,4002.0,5,20010.0,Pending
2024-07-03,Yomna Soror,test.a@web.net,Electronics,4715.0,5,23575.0,Completed
2024-05-25,Ahmed Ali,contact@service.org,Groceries,3225.0,1,3225.0,Shipped
2024-03-12,Ali Hassan,sales@hub.com,Office Supplies,157.0,6,942.0,Shipped
2024-05-04,Zainab Tarek,m.zaki@mail.com,Electronics,820.0,1,820.0,Shipped
2024-09-19,Sara Ahmed,info@market.eg,Clothing,3658.0,7,25606.0,Refunded
2024-10-28,Layla Mohamed,contact@service.org,Groceries,1448.0,9,13032.0,Pending
2024-11-03,Ahmed Ali,contact@service.org,Electronics,2601.0,3,7803.0,Completed
2024-04-27,Ali Hassan,admin@tech.io,Clothing,4482.0,2,8964.0,Completed
2024-02-05,Mona Zaki,contact@service.org,Groceries,2726.0,2,5452.0,Cancelled
2024-09-14,Mona Zaki,m.zaki@mail.com,Electronics,517.0,10,5170.0,Shipped
2024-09-10,Sara Ahmed,info@market.eg,Office Supplies,2216.0,8,17728.0,Pending
2024-08-03,Yomna Soror,m.zaki@mail.com,Home Decor,2720.0,7,19040.0,Completed
2024-09-14,Huda Mansour,test.a@web.net,Electronics,2809.0,10,28090.0,Completed
2024-09-15,Ahmed Ali,test.a@web.net,Clothing,663.0,5,3315.0,Completed
2024-06-04,Zainab Tarek,contact@service.org,Home Decor,1868.0,4,7472.0,Refunded
2024-05-19,Ali Hassan,m.zaki@mail.com,Home Decor,1343.0,8,10744.0,Refunded
2024-06-03,Zainab Tarek,info@market.eg,Electronics,2022.0,5,10110.0,Cancelled
2024-02-03,Ahmed Ali,admin@tech.io,Electronics,1565.0,8,12520.0,Refunded
2024-08-26,Ali Hassan,contact@service.org,Books,4087.0,7,28609.0,Shipped
2024-08-13,Ali Hassan,sales@hub.com,Electronics,3372.0,4,13488.0,Refunded
2024-12-27,Yomna Soror,info@market.eg,Office Supplies,4481.0,7,31367.0,Refunded
2024-10-13,Zainab Tarek,info@market.eg,Clothing,2794.0,7,19558.0,Refunded
2024-03-24,Ahmed Ali,sales@hub.com,Groceries,1643.0,5,8215.0,Refunded
2024-10-27,Mona Zaki,user1@mail.com,Books,4329.0,3,12987.0,Completed
2024-09-14,Mona Zaki,m.zaki@mail.com,Groceries,1023.0,6,6138.0,Shipped
2024-11-27,Sara Ahmed,info@market.eg,Clothing,662.0,3,1986.0,Cancelled
2024-02-14,Layla Mohamed,admin@tech.io,Home Decor,4860.0,9,43740.0,Refunded
2024-08-21,Layla Mohamed,contact@service.org,Books,2170.0,1,2170.0,Cancelled
2024-04-28,Ahmed Ali,info@market.eg,Home Decor,4980.0,2,9960.0,Completed
2024-05-20,Yomna Soror,user1@mail.com,Clothing,2943.0,8,23544.0,Shipped
2024-11-10,Yomna Soror,sales@hub.com,Office Supplies,835.0,6,5010.0,Refunded
2024-03-16,Omar Farouk,user1@mail.com,Clothing,833.0,10,8330.0,Pending
2024-04-20,Sara Ahmed,user1@mail.com,Books,1307.0,10,13070.0,Completed
2024-08-26,Ali Hassan,info@market.eg,Groceries,3285.0,5,16425.0,Shipped
2024-08-09,Sara Ahmed,admin@tech.io,Books,4718.0,5,23590.0,Cancelled
2024-11-01,Yomna Soror,yomna.dev@email.com,Home Decor,270.0,4,1080.0,Completed
2024-02-27,Zainab Tarek,sales@hub.com,Office Supplies,2824.0,10,28240.0,Cancelled
2024-08-07,Ahmed Ali,user1@mail.com,Home Decor,4740.0,10,47400.0,Cancelled
2024-08-05,Layla Mohamed,contact@service.org,Books,2964.0,9,26676.0,Completed
2024-11-07,Marwan Khaled,user1@mail.com,Home Decor,1596.0,7,11172.0,Refunded
2024-11-21,Marwan Khaled,admin@tech.io,Home Decor,1554.0,7,10878.0,Cancelled
2024-03-10,Layla Mohamed,m.zaki@mail.com,Clothing,357.0,6,2142.0,Pending
2024-08-24,Zainab Tarek,admin@tech.io,Clothing,2465.0,7,17255.0,Pending
2024-10-01,Marwan Khaled,test.a@web.net,Books,3647.0,7,25529.0,Cancelled
2024-10-03,Sara Ahmed,yomna.dev@email.com,Office Supplies,4173.0,1,4173.0,Completed
2024-01-05,Omar Farouk,test.a@web.net,Clothing,4178.0,7,29246.0,Pending
2024-08-15,Ali Hassan,sales@hub.com,Clothing,4654.0,4,18616.0,Cancelled
2024-11-21,Sara Ahmed,sales@hub.com,Groceries,3599.0,1,3599.0,Completed
2024-11-20,Layla Mohamed,user1@mail.com,Electronics,1073.0,9,9657.0,Pending
2024-01-16,Ali Hassan,yomna.dev@email.com,Groceries,728.0,5,3640.0,Refunded
2024-11-14,Zainab Tarek,m.zaki@mail.com,Books,1561.0,1,1561.0,Completed
2024-01-01,Ali Hassan,yomna.dev@email.com,Electronics,2249.0,10,22490.0,Refunded
2024-08-25,Zainab Tarek,m.zaki@mail.com,Office Supplies,3607.0,1,3607.0,Refunded
2024-04-28,Ali Hassan,info@market.eg,Electronics,3517.0,6,21102.0,Pending
2024-04-20,Ahmed Ali,m.zaki@mail.com,Groceries,3346.0,3,10038.0,Shipped
2024-04-13,Yomna Soror,m.zaki@mail.com,Electronics,3612.0,5,18060.0,Completed
2024-03-23,Layla Mohamed,test.a@web.net,Groceries,2724.0,10,27240.0,Cancelled
2024-09-22,Sara Ahmed,m.zaki@mail.com,Books,4390.0,6,26340.0,Refunded
2024-09-05,Mona Zaki,info@market.eg,Electronics,3657.0,10,36570.0,Shipped
2024-01-25,Ali Hassan,contact@service.org,Groceries,1563.0,2,3126.0,Cancelled
2024-02-27,Layla Mohamed,test.a@web.net,Clothing,263.0,10,2630.0,Completed
2024-11-03,Yomna Soror,yomna.dev@email.com,Groceries,4838.0,2,9676.0,Pending
2024-03-21,Zainab Tarek,sales@hub.com,Books,1355.0,8,10840.0,Cancelled
2024-01-22,Sara Ahmed,user1@mail.com,Electronics,2866.0,10,28660.0,Shipped
2024-09-24,Sara Ahmed,info@market.eg,Electronics,2993.0,2,5986.0,Refunded
2024-09-01,Layla Mohamed,info@market.eg,Groceries,4474.0,9,40266.0,Refunded
2024-07-12,Omar Farouk,admin@tech.io,Office Supplies,1299.0,7,9093.0,Refunded
2024-03-16,Layla Mohamed,m.zaki@mail.com,Home Decor,2006.0,4,8024.0,Completed
2024-12-25,Ahmed Ali,contact@service.org,Groceries,2619.0,4,10476.0,Completed
2024-01-01,Yomna Soror,yomna.dev@email.com,Books,470.0,7,3290.0,Refunded
2024-10-04,Sara Ahmed,admin@tech.io,Groceries,1655.0,3,4965.0,Pending
2024-04-25,Layla Mohamed,yomna.dev@email.com,Electronics,2192.0,2,4384.0,Refunded
2024-02-28,Huda Mansour,user1@mail.com,Groceries,3601.0,6,21606.0,Cancelled
2024-10-01,Marwan Khaled,sales@hub.com,Electronics,4313.0,2,8626.0,Completed
2024-04-24,Huda Mansour,admin@tech.io,Home Decor,3251.0,2,6502.0,Pending
2024-01-19,Huda Mansour,info@market.eg,Electronics,3866.0,7,27062.0,Completed
2024-12-09,Zainab Tarek,user1@mail.com,Clothing,4248.0,7,29736.0,Refunded
2024-04-01,Sara Ahmed,sales@hub.com,Books,3541.0,10,35410.0,Completed
2024-03-21,Ahmed Ali,user1@mail.com,Books,4637.0,6,27822.0,Shipped
2024-08-02,Zainab Tarek,info@market.eg,Home Decor,1593.0,8,12744.0,Cancelled
2024-06-01,Mona Zaki,contact@service.org,Books,3055.0,4,12220.0,Completed
2024-05-02,Ahmed Ali,test.a@web.net,Electronics,505.0,3,1515.0,Cancelled
2024-08-16,Marwan Khaled,test.a@web.net,Home Decor,1311.0,8,10488.0,Cancelled
2024-07-27,Mona Zaki,contact@service.org,Home Decor,3448.0,4,13792.0,Completed
2024-07-06,Sara Ahmed,user1@mail.com,Groceries,4569.0,7,31983.0,Pending
2024-05-03,Sara Ahmed,contact@service.org,Groceries,390.0,1,390.0,Completed
2024-07-14,Layla Mohamed,m.zaki@mail.com,Office Supplies,3166.0,10,31660.0,Shipped
2024-05-04,Zainab Tarek,sales@hub.com,Groceries,2044.0,3,6132.0,Completed
2024-03-26,Mona Zaki,contact@service.org,Electronics,2534.0,6,15204.0,Completed
2024-07-15,Layla Mohamed,contact@service.org,Clothing,2204.0,10,22040.0,Refunded
2024-07-28,Omar Farouk,contact@service.org,Home Decor,4101.0,9,36909.0,Cancelled
2024-09-03,Mona Zaki,m.zaki@mail.com,Groceries,319.0,5,1595.0,Pending
2024-04-15,Sara Ahmed,contact@service.org,Groceries,2189.0,10,21890.0,Pending
2024-12-27,Omar Farouk,test.a@web.net,Home Decor,4649.0,1,4649.0,Completed
2024-07-15,Layla Mohamed,admin@tech.io,Electronics,259.0,5,1295.0,Shipped
2024-04-19,Ali Hassan,admin@tech.io,Office Supplies,2604.0,2,5208.0,Cancelled
2024-04-04,Zainab Tarek,info@market.eg,Groceries,4464.0,10,44640.0,Completed
2024-09-11,Sara Ahmed,sales@hub.com,Groceries,2353.0,1,2353.0,Pending
2024-07-20,Sara Ahmed,user1@mail.com,Books,522.0,1,522.0,Completed
2024-12-25,Yomna Soror,admin@tech.io,Office Supplies,1132.0,6,6792.0,Refunded
2024-12-11,Marwan Khaled,m.zaki@mail.com,Books,2978.0,4,11912.0,Cancelled
2024-10-28,Huda Mansour,yomna.dev@email.com,Clothing,3746.0,2,7492.0,Pending
2024-02-04,Huda Mansour,yomna.dev@email.com,Clothing,1573.0,4,6292.0,Shipped
2024-05-23,Layla Mohamed,yomna.dev@email.com,Electronics,4196.0,1,4196.0,Cancelled
2024-09-08,Huda Mansour,info@market.eg,Books,2685.0,3,8055.0,Refunded
2024-10-08,Mona Zaki,admin@tech.io,Home Decor,1422.0,9,12798.0,Cancelled
2024-11-19,Huda Mansour,user1@mail.com,Groceries,297.0,7,2079.0,Shipped
2024-11-01,Marwan Khaled,info@market.eg,Office Supplies,4979.0,5,24895.0,Pending
2024-07-23,Ali Hassan,yomna.dev@email.com,Books,717.0,1,717.0,Refunded
2024-01-01,Mona Zaki,contact@service.org,Books,3464.0,5,17320.0,Cancelled
2024-10-13,Zainab Tarek,info@market.eg,Electronics,4525.0,4,18100.0,Cancelled
2024-08-09,Zainab Tarek,contact@service.org,Clothing,1756.0,4,7024.0,Refunded
2024-05-05,Huda Mansour,yomna.dev@email.com,Office Supplies,4037.0,2,8074.0,Shipped
2024-09-05,Layla Mohamed,user1@mail.com,Office Supplies,3604.0,8,28832.0,Shipped
2024-09-19,Mona Zaki,info@market.eg,Home Decor,3537.0,5,17685.0,Shipped
2024-04-02,Huda Mansour,user1@mail.com,Clothing,4346.0,10,43460.0,Cancelled
2024-05-22,Yomna Soror,sales@hub.com,Clothing,2132.0,8,17056.0,Refunded
2024-01-24,Omar Farouk,yomna.dev@email.com,Office Supplies,4993.0,4,19972.0,Pending
2024-09-14,Ahmed Ali,info@market.eg,Electronics,4630.0,2,9260.0,Refunded
2024-08-07,Marwan Khaled,test.a@web.net,Home Decor,4816.0,10,48160.0,Cancelled
2024-06-11,Ahmed Ali,admin@tech.io,Home Decor,2808.0,10,28080.0,Pending
2024-02-17,Layla Mohamed,admin@tech.io,Books,4582.0,8,36656.0,Cancelled
2024-10-18,Yomna Soror,contact@service.org,Books,3808.0,8,30464.0,Pending
2024-12-07,Layla Mohamed,admin@tech.io,Electronics,1302.0,3,3906.0,Pending
2024-03-15,Zainab Tarek,m.zaki@mail.com,Groceries,204.0,9,1836.0,Cancelled
2024-07-21,Marwan Khaled,user1@mail.com,Books,483.0,3,1449.0,Cancelled
2024-06-08,Marwan Khaled,info@market.eg,Groceries,2774.0,7,19418.0,Pending
2024-01-01,Sara Ahmed,m.zaki@mail.com,Home Decor,2067.0,10,20670.0,Cancelled
2024-10-16,Ali Hassan,contact@service.org,Electronics,1442.0,10,14420.0,Shipped
2024-02-10,Marwan Khaled,m.zaki@mail.com,Clothing,1625.0,7,11375.0,Shipped
2024-05-23,Mona Zaki,user1@mail.com,Electronics,2145.0,5,10725.0,Pending
2024-09-05,Mona Zaki,m.zaki@mail.com,Electronics,502.0,1,502.0,Refunded
2024-01-14,Huda Mansour,m.zaki@mail.com,Home Decor,2325.0,9,20925.0,Cancelled
2024-12-06,Mona Zaki,info@market.eg,Electronics,975.0,8,7800.0,Pending
2024-08-01,Marwan Khaled,info@market.eg,Clothing,4923.0,5,24615.0,Completed
2024-10-26,Ahmed Ali,info@market.eg,Clothing,437.0,2,874.0,Shipped
2024-01-20,Sara Ahmed,m.zaki@mail.com,Groceries,3154.0,6,18924.0,Pending
2024-08-14,Omar Farouk,user1@mail.com,Office Supplies,2960.0,7,20720.0,Refunded
2024-05-11,Ahmed Ali,test.a@web.net,Office Supplies,4627.0,5,23135.0,Refunded
2024-03-08,Ahmed Ali,user1@mail.com,Groceries,3599.0,4,14396.0,Refunded
2024-06-12,Ali Hassan,user1@mail.com,Groceries,3930.0,10,39300.0,Pending
2024-07-13,Marwan Khaled,test.a@web.net,Electronics,4182.0,8,33456.0,Cancelled
2024-11-07,Mona Zaki,sales@hub.com,Clothing,4213.0,2,8426.0,Completed
2024-01-07,Ali Hassan,test.a@web.net,Books,2806.0,1,2806.0,Refunded
2024-03-26,Ahmed Ali,sales@hub.com,Home Decor,2514.0,1,2514.0,Cancelled
2024-01-27,Layla Mohamed,contact@service.org,Home Decor,4339.0,7,30373.0,Refunded
2024-09-03,Zainab Tarek,sales@hub.com,Office Supplies,4548.0,1,4548.0,Cancelled
2024-07-24,Ali Hassan,sales@hub.com,Office Supplies,569.0,3,1707.0,Pending
2024-01-28,Ali Hassan,info@market.eg,Electronics,4743.0,2,9486.0,Cancelled
2024-10-10,Ali Hassan,contact@service.org,Clothing,4226.0,2,8452.0,Pending
2024-08-18,Yomna Soror,m.zaki@mail.com,Books,2429.0,3,7287.0,Completed
2024-09-23,Yomna Soror,yomna.dev@email.com,Groceries,3202.0,4,12808.0,Pending
2024-02-13,Omar Farouk,,Clothing,2551.0,4,10204.0,Pending
2024-11-22,Layla Mohamed,test.a@web.net,Electronics,2731.0,2,5462.0,Shipped
2024-12-07,Layla Mohamed,sales@hub.com,Office Supplies,3118.0,5,15590.0,Completed
2024-12-12,Mona Zaki,m.zaki@mail.com,Groceries,314.0,6,1884.0,Completed
2024-12-01,Ahmed Ali,yomna.dev@email.com,Office Supplies,4098.0,5,20490.0,Shipped
2024-05-18,Ali Hassan,yomna.dev@email.com,Electronics,2623.0,8,20984.0,Shipped
2024-10-20,Ahmed Ali,admin@tech.io,Electronics,2749.0,3,8247.0,Completed
2024-05-11,Ahmed Ali,sales@hub.com,Office Supplies,4957.0,7,34699.0,Completed
2024-04-08,Ali Hassan,yomna.dev@email.com,Electronics,4748.0,9,42732.0,Cancelled
2024-12-10,Layla Mohamed,contact@service.org,Electronics,3827.0,4,15308.0,Pending
2024-03-25,Ahmed Ali,,Electronics,1093.0,9,9837.0,Completed
2024-09-04,Zainab Tarek,admin@tech.io,Books,3538.0,1,3538.0,Pending
2024-03-28,Ali Hassan,admin@tech.io,Clothing,2889.0,3,8667.0,Shipped
2024-01-01,Mona Zaki,info@market.eg,Electronics,4276.0,9,38484.0,Pending
2024-01-01,Zainab Tarek,test.a@web.net,Clothing,3957.0,7,27699.0,Cancelled
2024-02-28,Layla Mohamed,contact@service.org,Office Supplies,489.0,8,3912.0,Completed
2024-08-13,Ali Hassan,admin@tech.io,Clothing,4198.0,10,41980.0,Completed
2024-02-21,Ahmed Ali,info@market.eg,Books,2892.0,8,23136.0,Completed
2024-02-23,Yomna Soror,test.a@web.net,Books,1206.0,4,4824.0,Refunded
2024-10-10,Marwan Khaled,info@market.eg,Home Decor,4947.0,5,24735.0,Pending
2024-10-14,Ahmed Ali,yomna.dev@email.com,Clothing,1170.0,2,2340.0,Completed
2024-11-24,Sara Ahmed,m.zaki@mail.com,Office Supplies,433.0,7,3031.0,Shipped
2024-08-08,Ahmed Ali,admin@tech.io,Office Supplies,637.0,5,3185.0,Completed
2024-07-04,Ahmed Ali,info@market.eg,Office Supplies,4878.0,9,43902.0,Refunded
2024-04-05,Huda Mansour,sales@hub.com,Electronics,1012.0,5,5060.0,Shipped
2024-03-19,Yomna Soror,test.a@web.net,Home Decor,1401.0,2,2802.0,Cancelled
2024-03-05,Marwan Khaled,yomna.dev@email.com,Home Decor,2193.0,2,4386.0,Pending
2024-04-20,Huda Mansour,sales@hub.com,Home Decor,4028.0,1,4028.0,Refunded
2024-10-17,Omar Farouk,user1@mail.com,Groceries,1412.0,3,4236.0,Cancelled
2024-08-28,Mona Zaki,admin@tech.io,Clothing,2809.0,8,22472.0,Completed
2024-07-28,Layla Mohamed,sales@hub.com,Clothing,718.0,4,2872.0,Pending
2024-02-23,Sara Ahmed,info@market.eg,Home Decor,1217.0,9,10953.0,Refunded
2024-06-11,Yomna Soror,info@market.eg,Electronics,4500.0,9,40500.0,Completed
2024-10-23,Marwan Khaled,admin@tech.io,Groceries,1175.0,2,2350.0,Shipped
2024-01-23,Sara Ahmed,contact@service.org,Books,4555.0,1,4555.0,Cancelled
2024-04-11,Ahmed Ali,info@market.eg,Books,3125.0,10,31250.0,Refunded
2024-09-08,Ali Hassan,user1@mail.com,Groceries,4595.0,1,4595.0,Refunded
2024-12-28,Sara Ahmed,info@market.eg,Electronics,1188.0,9,10692.0,Cancelled
2024-11-18,Zainab Tarek,admin@tech.io,Office Supplies,4345.0,6,26070.0,Pending
2024-05-16,Ahmed Ali,admin@tech.io,Clothing,4033.0,3,12099.0,Cancelled
2024-10-09,Layla Mohamed,test.a@web.net,Home Decor,3034.0,8,24272.0,Completed
2024-05-28,Marwan Khaled,contact@service.org,Electronics,389.0,10,3890.0,Cancelled
2024-12-22,Huda Mansour,m.zaki@mail.com,Electronics,1847.0,1,1847.0,Pending
2024-02-05,Huda Mansour,m.zaki@mail.com,Clothing,2836.0,1,2836.0,Refunded
2024-02-15,Layla Mohamed,m.zaki@mail.com,Electronics,4852.0,6,29112.0,Refunded
2024-10-21,Yomna Soror,test.a@web.net,Clothing,4076.0,8,32608.0,Refunded
2024-07-13,Zainab Tarek,yomna.dev@email.com,Office Supplies,1178.0,2,2356.0,Completed
2024-08-04,Sara Ahmed,info@market.eg,Books,443.0,3,1329.0,Refunded
2024-11-14,Ahmed Ali,sales@hub.com,Clothing,525.0,6,3150.0,Pending
2024-12-06,Sara Ahmed,admin@tech.io,Home Decor,2487.0,10,24870.0,Pending
2024-04-12,Sara Ahmed,contact@service.org,Electronics,3819.0,6,22914.0,Shipped
2024-11-09,Layla Mohamed,contact@service.org,Home Decor,3356.0,8,26848.0,Refunded
2024-10-06,Layla Mohamed,admin@tech.io,Books,4616.0,9,41544.0,Completed
2024-06-28,Mona Zaki,admin@tech.io,Books,329.0,7,2303.0,Cancelled
2024-05-28,Zainab Tarek,contact@service.org,Books,1745.0,9,15705.0,Refunded
2024-04-13,Mona Zaki,test.a@web.net,Office Supplies,4641.0,10,46410.0,Refunded
2024-08-18,Ali Hassan,yomna.dev@email.com,Books,3498.0,8,27984.0,Pending
2024-06-06,Omar Farouk,yomna.dev@email.com,Clothing,165.0,3,495.0,Completed
2024-11-19,Yomna Soror,user1@mail.com,Electronics,2219.0,6,13314.0,Cancelled
2024-12-19,Marwan Khaled,info@market.eg,Electronics,3883.0,10,38830.0,Completed
2024-07-20,Ali Hassan,admin@tech.io,Home Decor,2829.0,6,16974.0,Refunded
2024-05-18,Yomna Soror,info@market.eg,Clothing,78.0,1,78.0,Cancelled
2024-06-25,Ahmed Ali,contact@service.org,Clothing,3755.0,1,3755.0,Refunded
2024-08-13,Mona Zaki,yomna.dev@email.com,Clothing,2978.0,9,26802.0,Completed
2024-12-16,Sara Ahmed,info@market.eg,Books,3296.0,1,3296.0,Shipped
2024-04-16,Sara Ahmed,contact@service.org,Office Supplies,1506.0,9,13554.0,Cancelled
2024-01-01,Yomna Soror,test.a@web.net,Groceries,3546.0,1,3546.0,Completed
2024-08-22,Marwan Khaled,m.zaki@mail.com,Electronics,90.0,1,90.0,Shipped
2024-07-05,Marwan Khaled,contact@service.org,Books,4494.0,6,26964.0,Refunded
2024-12-12,Sara Ahmed,sales@hub.com,Groceries,3662.0,10,36620.0,Cancelled
2024-12-07,Ahmed Ali,info@market.eg,Groceries,4949.0,7,34643.0,Shipped
2024-02-14,Zainab Tarek,admin@tech.io,Clothing,141.0,8,1128.0,Pending
2024-02-10,Ahmed Ali,info@market.eg,Groceries,1832.0,10,18320.0,Completed
2024-03-02,Ahmed Ali,m.zaki@mail.com,Books,4981.0,5,24905.0,Shipped
2024-04-26,Ahmed Ali,user1@mail.com,Books,4931.0,5,24655.0,Pending
2024-07-15,Ali Hassan,test.a@web.net,Books,1244.0,1,1244.0,Completed
2024-01-02,Omar Farouk,test.a@web.net,Electronics,1514.0,7,10598.0,Pending
2024-10-21,Zainab Tarek,admin@tech.io,Groceries,3691.0,7,25837.0,Pending
2024-11-23,Omar Farouk,admin@tech.io,Electronics,3247.0,9,29223.0,Shipped
2024-09-15,Ahmed Ali,contact@service.org,Groceries,4703.0,5,23515.0,Shipped
2024-05-12,Mona Zaki,user1@mail.com,Groceries,2343.0,8,18744.0,Shipped
2024-05-21,Marwan Khaled,info@market.eg,Electronics,87.0,9,783.0,Shipped
2024-09-18,Omar Farouk,m.zaki@mail.com,Home Decor,4558.0,5,22790.0,Shipped
2024-03-04,Ali Hassan,m.zaki@mail.com,Groceries,980.0,5,4900.0,Cancelled
2024-01-01,Mona Zaki,yomna.dev@email.com,Clothing,2887.0,4,11548.0,Pending
2024-11-04,Sara Ahmed,test.a@web.net,Home Decor,3372.0,5,16860.0,Cancelled
2024-08-14,Sara Ahmed,m.zaki@mail.com,Books,2096.0,7,14672.0,Cancelled
2024-08-18,Ali Hassan,sales@hub.com,Electronics,4691.0,1,4691.0,Shipped
2024-04-17,Ali Hassan,m.zaki@mail.com,Home Decor,748.0,1,748.0,Shipped
2024-02-05,Ahmed Ali,m.zaki@mail.com,Groceries,827.0,6,4962.0,Pending
2024-02-28,Mona Zaki,sales@hub.com,Clothing,1209.0,1,1209.0,Completed
2024-07-16,Ali Hassan,contact@service.org,Clothing,2514.0,9,22626.0,Cancelled
2024-03-10,Ali Hassan,admin@tech.io,Home Decor,1406.0,3,4218.0,Cancelled
2024-08-01,Sara Ahmed,admin@tech.io,Books,4146.0,6,24876.0,Completed
2024-05-24,Marwan Khaled,sales@hub.com,Office Supplies,1095.0,3,3285.0,Completed
2024-10-25,Yomna Soror,,Office Supplies,2340.0,3,7020.0,Cancelled
2024-01-19,Sara Ahmed,m.zaki@mail.com,Books,3694.0,9,33246.0,Refunded
2024-01-01,Ali Hassan,contact@service.org,Clothing,540.0,6,3240.0,Pending
2024-08-16,Mona Zaki,info@market.eg,Electronics,1874.0,6,11244.0,Shipped
2024-03-15,Layla Mohamed,test.a@web.net,Groceries,4152.0,6,24912.0,Cancelled
2024-12-24,Yomna Soror,admin@tech.io,Office Supplies,3754.0,3,11262.0,Cancelled
2024-02-08,Marwan Khaled,m.zaki@mail.com,Books,931.0,7,6517.0,Cancelled
2024-09-05,Omar Farouk,contact@service.org,Clothing,4718.0,10,47180.0,Pending
2024-06-11,Mona Zaki,info@market.eg,Clothing,1713.0,10,17130.0,Cancelled
2024-03-07,Omar Farouk,contact@service.org,Home Decor,3768.0,2,7536.0,Cancelled
2024-06-01,Ahmed Ali,yomna.dev@email.com,Clothing,306.0,9,2754.0,Refunded
2024-12-05,Huda Mansour,admin@tech.io,Books,1731.0,3,5193.0,Cancelled
2024-11-07,Omar Farouk,sales@hub.com,Home Decor,4434.0,1,4434.0,Completed
2024-05-04,Ahmed Ali,sales@hub.com,Groceries,2657.0,1,2657.0,Pending
2024-07-23,Yomna Soror,admin@tech.io,Electronics,875.0,1,875.0,Cancelled
2024-07-12,Marwan Khaled,info@market.eg,Clothing,3724.0,3,11172.0,Shipped
2024-12-04,Huda Mansour,yomna.dev@email.com,Books,3243.0,6,19458.0,Completed
2024-07-17,Huda Mansour,admin@tech.io,Books,4857.0,1,4857.0,Completed
2024-12-13,Ali Hassan,yomna.dev@email.com,Groceries,4399.0,10,43990.0,Pending
2024-11-20,Yomna Soror,test.a@web.net,Electronics,3144.0,10,31440.0,Refunded
2024-01-27,Sara Ahmed,contact@service.org,Electronics,4444.0,10,44440.0,Refunded
2024-05-23,Huda Mansour,contact@service.org,Groceries,4970.0,1,4970.0,Cancelled
2024-04-28,Mona Zaki,test.a@web.net,Groceries,2421.0,10,24210.0,Completed
2024-12-28,Huda Mansour,info@market.eg,Office Supplies,1162.0,5,5810.0,Refunded
2024-01-17,Layla Mohamed,user1@mail.com,Clothing,299.0,9,2691.0,Pending
2024-11-04,Ahmed Ali,user1@mail.com,Groceries,473.0,6,2838.0,Refunded
2024-10-17,Zainab Tarek,admin@tech.io,Clothing,1856.0,3,5568.0,Completed
2024-12-01,Yomna Soror,m.zaki@mail.com,Home Decor,154.0,3,462.0,Refunded
2024-04-26,Huda Mansour,contact@service.org,Home Decor,246.0,4,984.0,Cancelled
2024-08-02,Sara Ahmed,admin@tech.io,Groceries,2042.0,3,6126.0,Pending
2024-09-15,Ahmed Ali,test.a@web.net,Home Decor,3273.0,6,19638.0,Refunded
2024-02-05,Marwan Khaled,admin@tech.io,Groceries,2141.0,10,21410.0,Shipped
2024-10-20,Zainab Tarek,contact@service.org,Electronics,3806.0,8,30448.0,Cancelled
2024-12-08,Layla Mohamed,test.a@web.net,Clothing,525.0,9,4725.0,Refunded
2024-11-18,Huda Mansour,sales@hub.com,Office Supplies,1577.0,7,11039.0,Completed
2024-10-04,Omar Farouk,yomna.dev@email.com,Books,2409.0,3,7227.0,Cancelled
2024-09-24,Ali Hassan,yomna.dev@email.com,Clothing,4607.0,5,23035.0,Cancelled
2024-11-21,Layla Mohamed,m.zaki@mail.com,Clothing,571.0,4,2284.0,Shipped
2024-02-12,Ahmed Ali,contact@service.org,Home Decor,3484.0,10,34840.0,Cancelled
2024-01-08,Sara Ahmed,admin@tech.io,Books,3466.0,9,31194.0,Refunded
2024-09-25,Ahmed Ali,test.a@web.net,Office Supplies,2559.0,10,25590.0,Pending
2024-05-15,Omar Farouk,m.zaki@mail.com,Electronics,2114.0,2,4228.0,Shipped
2024-06-07,Sara Ahmed,sales@hub.com,Clothing,572.0,4,2288.0,Completed
2024-11-13,Omar Farouk,m.zaki@mail.com,Home Decor,2753.0,6,16518.0,Cancelled
2024-07-17,Yomna Soror,test.a@web.net,Electronics,1156.0,6,6936.0,Pending
2024-08-03,Ahmed Ali,m.zaki@mail.com,Books,4753.0,4,19012.0,Cancelled
2024-11-20,Sara Ahmed,contact@service.org,Office Supplies,4512.0,2,9024.0,Shipped
2024-05-09,Ali Hassan,yomna.dev@email.com,Groceries,2167.0,9,19503.0,Refunded
2024-08-14,Sara Ahmed,sales@hub.com,Electronics,4248.0,5,21240.0,Pending
2024-11-08,Marwan Khaled,test.a@web.net,Electronics,2029.0,8,16232.0,Refunded
2024-02-16,Ahmed Ali,yomna.dev@email.com,Clothing,4895.0,1,4895.0,Completed
2024-03-27,Omar Farouk,info@market.eg,Office Supplies,4931.0,5,24655.0,Pending
2024-12-14,Yomna Soror,test.a@web.net,Office Supplies,1014.0,10,10140.0,Refunded
2024-09-01,Huda Mansour,test.a@web.net,Electronics,4583.0,5,22915.0,Pending
2024-02-26,Ali Hassan,admin@tech.io,Home Decor,422.0,9,3798.0,Pending
2024-05-09,Ali Hassan,,Clothing,3383.0,5,16915.0,Shipped
2024-12-16,Yomna Soror,info@market.eg,Home Decor,1252.0,8,10016.0,Shipped
2024-01-14,Sara Ahmed,admin@tech.io,Books,4037.0,2,8074.0,Pending
2024-01-01,Ali Hassan,admin@tech.io,Books,3353.0,1,3353.0,Completed
2024-09-12,Huda Mansour,yomna.dev@email.com,Clothing,469.0,9,4221.0,Shipped
2024-11-23,Yomna Soror,info@market.eg,Books,1963.0,10,19630.0,Shipped
2024-01-24,Huda Mansour,yomna.dev@email.com,Office Supplies,3067.0,5,15335.0,Refunded
2024-05-08,Sara Ahmed,contact@service.org,Groceries,3667.0,6,22002.0,Shipped
2024-10-25,Sara Ahmed,sales@hub.com,Clothing,1355.0,2,2710.0,Shipped
2024-11-26,Mona Zaki,yomna.dev@email.com,Groceries,4317.0,6,25902.0,Cancelled
2024-07-24,Layla Mohamed,contact@service.org,Home Decor,729.0,10,7290.0,Pending
2024-01-16,Zainab Tarek,admin@tech.io,Groceries,3506.0,4,14024.0,Completed
2024-03-21,Huda Mansour,info@market.eg,Groceries,4965.0,6,29790.0,Refunded
2024-06-18,Omar Farouk,m.zaki@mail.com,Electronics,3874.0,6,23244.0,Pending
2024-08-04,Sara Ahmed,sales@hub.com,Clothing,3656.0,6,21936.0,Completed
2024-02-24,Ali Hassan,m.zaki@mail.com,Electronics,2889.0,3,8667.0,Pending
2024-03-13,Huda Mansour,user1@mail.com,Office Supplies,1914.0,4,7656.0,Shipped
2024-08-11,Layla Mohamed,info@market.eg,Books,2955.0,7,20685.0,Completed
2024-07-12,Sara Ahmed,sales@hub.com,Office Supplies,3871.0,9,34839.0,Completed
2024-10-25,Sara Ahmed,yomna.dev@email.com,Books,3344.0,10,33440.0,Completed
2024-01-06,Sara Ahmed,user1@mail.com,Home Decor,432.0,7,3024.0,Refunded
2024-11-06,Zainab Tarek,yomna.dev@email.com,Electronics,3953.0,3,11859.0,Pending
2024-05-14,Mona Zaki,info@market.eg,Home Decor,3071.0,4,12284.0,Pending
2024-02-14,Ali Hassan,m.zaki@mail.com,Home Decor,1326.0,5,6630.0,Refunded
2024-07-15,Layla Mohamed,user1@mail.com,Books,3159.0,1,3159.0,Cancelled
2024-07-21,Ahmed Ali,test.a@web.net,Home Decor,4588.0,6,27528.0,Completed
2024-09-06,Sara Ahmed,admin@tech.io,Electronics,3412.0,6,20472.0,Pending
2024-10-23,Omar Farouk,contact@service.org,Clothing,2715.0,9,24435.0,Pending
2024-11-18,Yomna Soror,admin@tech.io,Groceries,968.0,10,9680.0,Completed
2024-10-22,Yomna Soror,yomna.dev@email.com,Electronics,1938.0,7,13566.0,Pending
2024-01-01,Omar Farouk,info@market.eg,Office Supplies,1977.0,6,11862.0,Pending
2024-11-26,Omar Farouk,info@market.eg,Home Decor,4396.0,5,21980.0,Shipped
2024-06-05,Ali Hassan,contact@service.org,Clothing,1278.0,7,8946.0,Cancelled
2024-08-05,Ali Hassan,admin@tech.io,Books,3978.0,10,39780.0,Completed
2024-03-01,Ali Hassan,yomna.dev@email.com,Office Supplies,1921.0,1,1921.0,Refunded
2024-11-24,Ali Hassan,info@market.eg,Office Supplies,3345.0,10,33450.0,Completed
2024-12-22,Omar Farouk,info@market.eg,Clothing,1393.0,4,5572.0,Refunded
2024-07-09,Mona Zaki,admin@tech.io,Clothing,1773.0,4,7092.0,Pending
2024-10-20,Huda Mansour,yomna.dev@email.com,Home Decor,4062.0,2,8124.0,Cancelled
2024-06-07,Ahmed Ali,yomna.dev@email.com,Books,2130.0,3,6390.0,Cancelled
2024-11-03,Layla Mohamed,admin@tech.io,Electronics,1079.0,1,1079.0,Pending
2024-09-26,Sara Ahmed,sales@hub.com,Groceries,2367.0,10,23670.0,Pending
2024-08-12,Yomna Soror,info@market.eg,Office Supplies,3503.0,3,10509.0,Pending
2024-05-11,Omar Farouk,yomna.dev@email.com,Books,1344.0,9,12096.0,Shipped
2024-11-06,Sara Ahmed,sales@hub.com,Home Decor,2560.0,9,23040.0,Completed
2024-04-27,Zainab Tarek,m.zaki@mail.com,Office Supplies,1419.0,1,1419.0,Completed
2024-12-03,Huda Mansour,m.zaki@mail.com,Groceries,4817.0,4,19268.0,Completed
2024-05-22,Mona Zaki,contact@service.org,Office Supplies,2818.0,8,22544.0,Completed
2024-03-22,Mona Zaki,yomna.dev@email.com,Electronics,3728.0,9,33552.0,Shipped
2024-12-13,Ali Hassan,test.a@web.net,Groceries,2814.0,2,5628.0,Completed
2024-03-22,Mona Zaki,info@market.eg,Clothing,356.0,5,1780.0,Completed
2024-01-27,Yomna Soror,contact@service.org,Clothing,3578.0,9,32202.0,Pending
2024-06-15,Layla Mohamed,yomna.dev@email.com,Groceries,4867.0,6,29202.0,Refunded
2024-11-04,Ali Hassan,m.zaki@mail.com,Office Supplies,1667.0,1,1667.0,Pending
2024-04-01,Ali Hassan,test.a@web.net,Books,3793.0,8,30344.0,Completed
2024-10-28,Zainab Tarek,admin@tech.io,Office Supplies,4240.0,7,29680.0,Shipped
2024-05-19,Sara Ahmed,yomna.dev@email.com,Office Supplies,204.0,10,2040.0,Completed
2024-10-15,Marwan Khaled,admin@tech.io,Clothing,4729.0,7,33103.0,Completed
2024-02-21,Zainab Tarek,info@market.eg,Clothing,138.0,2,276.0,Completed
2024-02-09,Ahmed Ali,admin@tech.io,Books,3298.0,3,9894.0,Shipped
2024-10-12,Ali Hassan,test.a@web.net,Home Decor,2608.0,6,15648.0,Refunded
2024-07-18,Layla Mohamed,user1@mail.com,Electronics,64.0,8,512.0,Refunded
2024-09-24,Omar Farouk,yomna.dev@email.com,Books,2068.0,3,6204.0,Shipped
2024-03-08,Marwan Khaled,user1@mail.com,Office Supplies,3001.0,6,18006.0,Pending
2024-09-02,Huda Mansour,user1@mail.com,Electronics,982.0,4,3928.0,Completed
2024-01-01,Huda Mansour,admin@tech.io,Groceries,1908.0,6,11448.0,Shipped
2024-08-20,Mona Zaki,m.zaki@mail.com,Books,539.0,9,4851.0,Completed
2024-01-10,Marwan Khaled,sales@hub.com,Books,2424.0,1,2424.0,Completed
2024-09-06,Huda Mansour,m.zaki@mail.com,Home Decor,3697.0,8,29576.0,Pending
2024-04-15,Layla Mohamed,admin@tech.io,Electronics,773.0,7,5411.0,Completed
2024-12-12,Huda Mansour,test.a@web.net,Books,858.0,5,4290.0,Refunded
2024-06-08,Yomna Soror,info@market.eg,Books,1040.0,2,2080.0,Pending
2024-05-17,Ahmed Ali,sales@hub.com,Groceries,2663.0,6,15978.0,Shipped
2024-06-12,Zainab Tarek,test.a@web.net,Electronics,2442.0,4,9768.0,Completed
2024-01-12,Yomna Soror,contact@service.org,Home Decor,815.0,3,2445.0,Completed
2024-02-15,Yomna Soror,sales@hub.com,Groceries,1211.0,10,12110.0,Pending
2024-08-20,Huda Mansour,user1@mail.com,Electronics,148.0,10,1480.0,Completed
2024-08-05,Ahmed Ali,sales@hub.com,Clothing,4514.0,1,4514.0,Refunded
2024-04-12,Ali Hassan,user1@mail.com,Clothing,1250.0,4,5000.0,Cancelled
2024-08-16,Sara Ahmed,user1@mail.com,Home Decor,4305.0,7,30135.0,Cancelled
2024-09-09,Ali Hassan,info@market.eg,Home Decor,363.0,3,1089.0,Cancelled
2024-09-10,Ali Hassan,user1@mail.com,Electronics,191.0,4,764.0,Cancelled
2024-10-22,Ahmed Ali,sales@hub.com,Home Decor,818.0,3,2454.0,Completed
2024-09-14,Ahmed Ali,admin@tech.io,Books,3113.0,8,24904.0,Completed
2024-12-23,Ahmed Ali,contact@service.org,Books,3299.0,10,32990.0,Pending
2024-11-07,Sara Ahmed,sales@hub.com,Books,3172.0,4,12688.0,Shipped
2024-04-28,Omar Farouk,contact@service.org,Electronics,987.0,4,3948.0,Shipped
2024-09-15,Sara Ahmed,contact@service.org,Books,2669.0,2,5338.0,Pending
2024-09-20,Ahmed Ali,m.zaki@mail.com,Clothing,3214.0,3,9642.0,Shipped
2024-07-26,Marwan Khaled,admin@tech.io,Books,4861.0,3,14583.0,Cancelled
2024-06-11,Zainab Tarek,info@market.eg,Electronics,3110.0,8,24880.0,Pending
2024-02-13,Sara Ahmed,test.a@web.net,Groceries,3798.0,6,22788.0,Pending
2024-03-02,Huda Mansour,user1@mail.com,Home Decor,1314.0,3,3942.0,Refunded
2024-05-16,Omar Farouk,contact@service.org,Home Decor,2806.0,6,16836.0,Refunded
2024-06-14,Marwan Khaled,test.a@web.net,Office Supplies,1463.0,3,4389.0,Cancelled
2024-09-04,Yomna Soror,sales@hub.com,Books,1233.0,1,1233.0,Completed
2024-06-14,Ahmed Ali,yomna.dev@email.com,Groceries,2730.0,6,16380.0,Cancelled
2024-08-04,Yomna Soror,test.a@web.net,Office Supplies,2388.0,7,16716.0,Completed
2024-06-25,Ahmed Ali,info@market.eg,Clothing,2939.0,10,29390.0,Refunded
2024-08-23,Ahmed Ali,yomna.dev@email.com,Clothing,1032.0,7,7224.0,Shipped
2024-07-13,Layla Mohamed,admin@tech.io,Groceries,529.0,6,3174.0,Cancelled
2024-10-16,Layla Mohamed,m.zaki@mail.com,Home Decor,1710.0,10,17100.0,Refunded
2024-05-27,Omar Farouk,yomna.dev@email.com,Groceries,99.0,4,396.0,Cancelled
2024-04-16,Ali Hassan,sales@hub.com,Home Decor,4587.0,6,27522.0,Shipped
2024-04-21,Huda Mansour,yomna.dev@email.com,Home Decor,1339.0,8,10712.0,Cancelled
2024-04-18,Zainab Tarek,contact@service.org,Groceries,1614.0,10,16140.0,Shipped
2024-01-23,Sara Ahmed,contact@service.org,Clothing,1557.0,2,3114.0,Completed
2024-05-02,Omar Farouk,admin@tech.io,Home Decor,2184.0,5,10920.0,Shipped
2024-06-26,Marwan Khaled,m.zaki@mail.com,Groceries,1328.0,3,3984.0,Cancelled
2024-06-24,Huda Mansour,test.a@web.net,Clothing,2451.0,10,24510.0,Cancelled
2024-11-27,Ali Hassan,admin@tech.io,Clothing,3967.0,8,31736.0,Cancelled
2024-12-28,Yomna Soror,admin@tech.io,Groceries,3240.0,3,9720.0,Refunded
2024-06-18,Yomna Soror,sales@hub.com,Home Decor,692.0,2,1384.0,Completed
2024-04-06,Marwan Khaled,user1@mail.com,Office Supplies,3195.0,10,31950.0,Shipped
2024-02-10,Mona Zaki,test.a@web.net,Groceries,1750.0,8,14000.0,Pending
2024-11-06,Sara Ahmed,admin@tech.io,Clothing,3816.0,3,11448.0,Pending
2024-03-03,Sara Ahmed,admin@tech.io,Clothing,1458.0,7,10206.0,Pending
2024-12-08,Mona Zaki,sales@hub.com,Home Decor,4375.0,7,30625.0,Completed
2024-05-05,Omar Farouk,info@market.eg,Home Decor,2826.0,1,2826.0,Cancelled
2024-04-08,Omar Farouk,contact@service.org,Office Supplies,1812.0,2,3624.0,Refunded
2024-11-18,Layla Mohamed,sales@hub.com,Electronics,3175.0,10,31750.0,Shipped
2024-11-09,Omar Farouk,test.a@web.net,Office Supplies,2155.0,9,19395.0,Cancelled
2024-04-20,Huda Mansour,info@market.eg,Office Supplies,72.0,6,432.0,Cancelled
2024-11-10,Mona Zaki,user1@mail.com,Office Supplies,4650.0,6,27900.0,Completed
2024-12-27,Ali Hassan,sales@hub.com,Electronics,2179.0,8,17432.0,Completed
2024-01-01,Zainab Tarek,contact@service.org,Home Decor,3090.0,5,15450.0,Completed
2024-07-10,Yomna Soror,test.a@web.net,Office Supplies,510.0,1,510.0,Completed
2024-05-19,Mona Zaki,sales@hub.com,Office Supplies,2725.0,5,13625.0,Completed
2024-12-20,Yomna Soror,info@market.eg,Books,2910.0,6,17460.0,Pending
2024-05-03,Ahmed Ali,info@market.eg,Electronics,1733.0,10,17330.0,Pending
2024-10-08,Huda Mansour,m.zaki@mail.com,Home Decor,939.0,1,939.0,Refunded
2024-03-02,Ali Hassan,admin@tech.io,Groceries,210.0,5,1050.0,Pending
2024-12-10,Layla Mohamed,contact@service.org,Electronics,4031.0,10,40310.0,Shipped
2024-11-07,Sara Ahmed,m.zaki@mail.com,Clothing,3502.0,2,7004.0,Completed
2024-11-07,Ali Hassan,user1@mail.com,Office Supplies,546.0,2,1092.0,Completed
2024-09-05,Yomna Soror,m.zaki@mail.com,Groceries,122.0,5,610.0,Refunded
2024-05-25,Huda Mansour,info@market.eg,Electronics,3786.0,1,3786.0,Refunded
2024-01-01,Ali Hassan,yomna.dev@email.com,Office Supplies,2030.0,1,2030.0,Refunded
2024-04-13,Yomna Soror,test.a@web.net,Home Decor,3168.0,5,15840.0,Refunded
2024-11-18,Ahmed Ali,contact@service.org,Groceries,3818.0,7,26726.0,Refunded
2024-09-10,Sara Ahmed,test.a@web.net,Home Decor,2000.0,2,4000.0,Completed
2024-01-14,Layla Mohamed,m.zaki@mail.com,Groceries,61.0,1,61.0,Pending
2024-12-06,Yomna Soror,test.a@web.net,Electronics,1579.0,9,14211.0,Cancelled
2024-03-14,Layla Mohamed,info@market.eg,Groceries,4608.0,8,36864.0,Cancelled
2024-10-28,Ahmed Ali,sales@hub.com,Electronics,837.0,9,7533.0,Refunded
2024-10-18,Sara Ahmed,m.zaki@mail.com,Electronics,4662.0,9,41958.0,Pending
2024-04-19,Mona Zaki,test.a@web.net,Groceries,4513.0,7,31591.0,Refunded
2024-09-11,Ali Hassan,user1@mail.com,Home Decor,1180.0,9,10620.0,Completed
2024-01-27,Marwan Khaled,test.a@web.net,Books,4832.0,8,38656.0,Pending
2024-11-14,Omar Farouk,yomna.dev@email.com,Home Decor,2880.0,8,23040.0,Cancelled
2024-08-17,Ali Hassan,admin@tech.io,Office Supplies,2209.0,10,22090.0,Shipped
2024-04-02,Yomna Soror,sales@hub.com,Electronics,1292.0,2,2584.0,Shipped
2024-08-24,Mona Zaki,test.a@web.net,Home Decor,1951.0,3,5853.0,Shipped
2024-04-13,Ahmed Ali,sales@hub.com,Electronics,4572.0,1,4572.0,Completed
2024-11-26,Zainab Tarek,admin@tech.io,Clothing,668.0,1,668.0,Shipped
2024-03-23,Marwan Khaled,info@market.eg,Home Decor,671.0,2,1342.0,Completed
2024-11-03,Mona Zaki,user1@mail.com,Home Decor,2616.0,2,5232.0,Refunded
2024-12-03,Omar Farouk,contact@service.org,Home Decor,3151.0,7,22057.0,Pending
2024-03-28,Layla Mohamed,yomna.dev@email.com,Clothing,1084.0,1,1084.0,Cancelled
2024-06-03,Omar Farouk,info@market.eg,Groceries,1227.0,1,1227.0,Pending
2024-11-21,Yomna Soror,info@market.eg,Office Supplies,3995.0,4,15980.0,Cancelled
2024-01-01,Huda Mansour,info@market.eg,Electronics,992.0,3,2976.0,Cancelled
2024-06-13,Omar Farouk,sales@hub.com,Home Decor,1882.0,1,1882.0,Completed
2024-11-13,Ahmed Ali,m.zaki@mail.com,Office Supplies,2205.0,8,17640.0,Shipped
2024-09-20,Ahmed Ali,m.zaki@mail.com,Home Decor,1069.0,9,9621.0,Refunded
2024-07-08,Ali Hassan,admin@tech.io,Books,1591.0,6,9546.0,Refunded
2024-07-07,Ahmed Ali,info@market.eg,Groceries,2514.0,2,5028.0,Refunded
2024-03-26,Huda Mansour,yomna.dev@email.com,Clothing,476.0,4,1904.0,Completed
2024-02-07,Zainab Tarek,m.zaki@mail.com,Books,2351.0,10,23510.0,Cancelled
2024-10-19,Marwan Khaled,user1@mail.com,Groceries,756.0,1,756.0,Refunded
2024-01-05,Sara Ahmed,sales@hub.com,Office Supplies,3877.0,5,19385.0,Shipped
2024-02-17,Ahmed Ali,test.a@web.net,Home Decor,1186.0,8,9488.0,Shipped
2024-12-08,Huda Mansour,contact@service.org,Groceries,4281.0,6,25686.0,Refunded
2024-10-23,Mona Zaki,admin@tech.io,Home Decor,1413.0,3,4239.0,Refunded
2024-09-17,Ahmed Ali,test.a@web.net,Groceries,1921.0,5,9605.0,Pending
2024-01-14,Yomna Soror,yomna.dev@email.com,Office Supplies,1469.0,1,1469.0,Shipped
2024-12-23,Layla Mohamed,admin@tech.io,Clothing,1125.0,8,9000.0,Completed
2024-09-17,Ahmed Ali,test.a@web.net,Clothing,2142.0,2,4284.0,Cancelled
2024-03-06,Sara Ahmed,info@market.eg,Electronics,3683.0,9,33147.0,Shipped
2024-03-26,Zainab Tarek,user1@mail.com,Home Decor,4331.0,5,21655.0,Refunded
2024-07-07,Marwan Khaled,sales@hub.com,Books,2293.0,7,16051.0,Cancelled
2024-09-14,Yomna Soror,m.zaki@mail.com,Books,1575.0,8,12600.0,Refunded
2024-12-04,Huda Mansour,test.a@web.net,Electronics,2220.0,9,19980.0,Cancelled
2024-12-16,Huda Mansour,m.zaki@mail.com,Clothing,956.0,5,4780.0,Pending
2024-02-05,Mona Zaki,admin@tech.io,Groceries,142.0,6,852.0,Completed
2024-05-20,Yomna Soror,contact@service.org,Clothing,4207.0,2,8414.0,Cancelled
2024-12-03,Ahmed Ali,admin@tech.io,Office Supplies,4639.0,10,46390.0,Cancelled
2024-06-14,Sara Ahmed,info@market.eg,Books,3386.0,8,27088.0,Refunded
2024-04-12,Ahmed Ali,test.a@web.net,Home Decor,2984.0,2,5968.0,Cancelled
2024-01-16,Omar Farouk,m.zaki@mail.com,Groceries,4891.0,6,29346.0,Pending
2024-02-14,Mona Zaki,admin@tech.io,Clothing,1584.0,1,1584.0,Refunded
2024-09-28,Mona Zaki,info@market.eg,Groceries,3353.0,6,20118.0,Pending
2024-06-21,Omar Farouk,test.a@web.net,Clothing,3382.0,7,23674.0,Pending
2024-03-03,Marwan Khaled,user1@mail.com,Books,881.0,5,4405.0,Cancelled
2024-10-21,Zainab Tarek,yomna.dev@email.com,Groceries,3390.0,8,27120.0,Cancelled
2024-04-28,Omar Farouk,user1@mail.com,Books,4844.0,1,4844.0,Shipped
2024-01-03,Mona Zaki,admin@tech.io,Clothing,523.0,4,2092.0,Completed
2024-01-01,Ahmed Ali,admin@tech.io,Groceries,2854.0,9,25686.0,Completed
2024-07-02,Ali Hassan,admin@tech.io,Books,4370.0,5,21850.0,Pending
2024-06-15,Layla Mohamed,test.a@web.net,Groceries,4389.0,8,35112.0,Cancelled
2024-09-25,Sara Ahmed,,Office Supplies,530.0,5,2650.0,Shipped
2024-07-12,Ahmed Ali,sales@hub.com,Office Supplies,403.0,5,2015.0,Cancelled
2024-03-12,Huda Mansour,user1@mail.com,Home Decor,3968.0,2,7936.0,Completed
2024-02-06,Ahmed Ali,test.a@web.net,Electronics,423.0,10,4230.0,Shipped
2024-05-11,Layla Mohamed,user1@mail.com,Groceries,3569.0,7,24983.0,Refunded
2024-04-21,Ali Hassan,sales@hub.com,Clothing,3906.0,9,35154.0,Completed
2024-11-11,Yomna Soror,info@market.eg,Home Decor,2487.0,3,7461.0,Refunded
2024-06-07,Sara Ahmed,admin@tech.io,Home Decor,202.0,9,1818.0,Cancelled
2024-09-21,Yomna Soror,info@market.eg,Electronics,2825.0,3,8475.0,Shipped
2024-09-12,Ahmed Ali,contact@service.org,Books,475.0,2,950.0,Completed
2024-10-06,Huda Mansour,test.a@web.net,Office Supplies,1740.0,3,5220.0,Refunded
2024-05-17,Zainab Tarek,info@market.eg,Electronics,2848.0,7,19936.0,Shipped
2024-08-08,Omar Farouk,test.a@web.net,Groceries,4161.0,2,8322.0,Shipped
2024-09-03,Yomna Soror,info@market.eg,Books,4669.0,7,32683.0,Completed
2024-06-09,Huda Mansour,yomna.dev@email.com,Groceries,1597.0,10,15970.0,Shipped
2024-05-28,Ahmed Ali,admin@tech.io,Home Decor,3780.0,4,15120.0,Refunded
2024-10-19,Ahmed Ali,contact@service.org,Books,3189.0,1,3189.0,Cancelled
2024-04-19,Omar Farouk,sales@hub.com,Office Supplies,2068.0,3,6204.0,Cancelled
2024-11-14,Ahmed Ali,admin@tech.io,Clothing,942.0,6,5652.0,Refunded
2024-01-01,Layla Mohamed,user1@mail.com,Electronics,2479.0,4,9916.0,Cancelled
2024-06-18,Zainab Tarek,user1@mail.com,Home Decor,3024.0,7,21168.0,Shipped
2024-04-24,Layla Mohamed,contact@service.org,Home Decor,2163.0,10,21630.0,Pending
2024-03-03,Yomna Soror,,Books,4224.0,8,33792.0,Refunded
2024-04-22,Layla Mohamed,test.a@web.net,Home Decor,4320.0,2,8640.0,Pending
2024-09-06,Huda Mansour,user1@mail.com,Electronics,4583.0,6,27498.0,Pending
2024-04-17,Marwan Khaled,admin@tech.io,Books,4583.0,2,9166.0,Cancelled
2024-08-11,Ahmed Ali,yomna.dev@email.com,Clothing,4881.0,8,39048.0,Cancelled
2024-01-03,Huda Mansour,contact@service.org,Groceries,348.0,8,2784.0,Pending
2024-07-13,Zainab Tarek,admin@tech.io,Groceries,4533.0,10,45330.0,Shipped
2024-06-06,Yomna Soror,yomna.dev@email.com,Clothing,4713.0,7,32991.0,Shipped
2024-07-14,Omar Farouk,m.zaki@mail.com,Books,2710.0,3,8130.0,Pending
2024-05-19,Mona Zaki,info@market.eg,Groceries,1538.0,6,9228.0,Cancelled
2024-10-10,Omar Farouk,user1@mail.com,Clothing,4607.0,3,13821.0,Completed
2024-11-16,Layla Mohamed,yomna.dev@email.com,Office Supplies,2304.0,8,18432.0,Pending
2024-04-14,Omar Farouk,m.zaki@mail.com,Books,1418.0,1,1418.0,Cancelled
2024-09-08,Mona Zaki,user1@mail.com,Office Supplies,2660.0,6,15960.0,Refunded
2024-05-26,Marwan Khaled,contact@service.org,Home Decor,4149.0,3,12447.0,Cancelled
2024-07-26,Ali Hassan,test.a@web.net,Office Supplies,1938.0,3,5814.0,Pending
2024-10-24,Huda Mansour,test.a@web.net,Office Supplies,1298.0,4,5192.0,Pending
2024-04-21,Ahmed Ali,test.a@web.net,Home Decor,3776.0,2,7552.0,Refunded
2024-12-26,Omar Farouk,admin@tech.io,Groceries,3933.0,9,35397.0,Completed
2024-09-20,Ahmed Ali,,Groceries,4446.0,4,17784.0,Pending
2024-03-26,Mona Zaki,user1@mail.com,Office Supplies,4698.0,2,9396.0,Shipped
2024-03-28,Yomna Soror,yomna.dev@email.com,Office Supplies,402.0,8,3216.0,Completed
2024-10-14,Marwan Khaled,admin@tech.io,Home Decor,1647.0,7,11529.0,Refunded
2024-12-07,Sara Ahmed,m.zaki@mail.com,Clothing,3927.0,7,27489.0,Shipped
2024-03-07,Mona Zaki,user1@mail.com,Electronics,1246.0,6,7476.0,Cancelled
2024-11-19,Layla Mohamed,info@market.eg,Books,3494.0,5,17470.0,Pending
2024-06-21,Mona Zaki,,Groceries,2258.0,1,2258.0,Shipped
2024-02-18,Layla Mohamed,yomna.dev@email.com,Groceries,4395.0,2,8790.0,Shipped
2024-01-16,Mona Zaki,yomna.dev@email.com,Books,2976.0,4,11904.0,Cancelled
2024-03-05,Sara Ahmed,user1@mail.com,Books,742.0,10,7420.0,Pending
2024-01-08,Ahmed Ali,sales@hub.com,Clothing,74.0,7,518.0,Cancelled
2024-09-25,Layla Mohamed,admin@tech.io,Electronics,3754.0,7,26278.0,Cancelled
2024-09-10,Layla Mohamed,user1@mail.com,Electronics,1953.0,10,19530.0,Shipped
2024-07-21,Ahmed Ali,sales@hub.com,Books,3583.0,5,17915.0,Completed
2024-06-13,Huda Mansour,user1@mail.com,Electronics,2418.0,5,12090.0,Pending
2024-12-14,Ahmed Ali,user1@mail.com,Books,328.0,8,2624.0,Refunded
2024-07-02,Marwan Khaled,info@market.eg,Groceries,2473.0,4,9892.0,Pending
2024-04-26,Huda Mansour,test.a@web.net,Home Decor,4306.0,1,4306.0,Refunded
2024-03-14,Sara Ahmed,user1@mail.com,Home Decor,2141.0,3,6423.0,Cancelled
2024-12-06,Yomna Soror,m.zaki@mail.com,Clothing,3400.0,8,27200.0,Cancelled
2024-04-25,Zainab Tarek,info@market.eg,Books,3432.0,2,6864.0,Completed
2024-04-21,Yomna Soror,m.zaki@mail.com,Groceries,1042.0,7,7294.0,Refunded
2024-08-07,Layla Mohamed,contact@service.org,Clothing,2935.0,8,23480.0,Refunded
2024-07-22,Mona Zaki,info@market.eg,Clothing,1567.0,1,1567.0,Pending
2024-06-17,Marwan Khaled,info@market.eg,Groceries,2289.0,10,22890.0,Cancelled
2024-07-10,Ali Hassan,admin@tech.io,Electronics,1293.0,4,5172.0,Pending
2024-06-02,Mona Zaki,m.zaki@mail.com,Groceries,2455.0,3,7365.0,Shipped
2024-06-27,Ahmed Ali,admin@tech.io,Books,1585.0,10,15850.0,Completed
2024-01-01,Sara Ahmed,sales@hub.com,Electronics,4367.0,3,13101.0,Cancelled
2024-07-06,Marwan Khaled,m.zaki@mail.com,Groceries,4531.0,4,18124.0,Cancelled
2024-09-02,Ahmed Ali,yomna.dev@email.com,Office Supplies,1767.0,1,1767.0,Completed
2024-10-21,Huda Mansour,m.zaki@mail.com,Home Decor,503.0,7,3521.0,Cancelled
2024-06-11,Mona Zaki,test.a@web.net,Clothing,693.0,3,2079.0,Completed
2024-08-19,Ali Hassan,yomna.dev@email.com,Home Decor,3290.0,6,19740.0,Cancelled
2024-08-17,Layla Mohamed,info@market.eg,Office Supplies,4639.0,9,41751.0,Cancelled
2024-06-08,Layla Mohamed,admin@tech.io,Clothing,2251.0,2,4502.0,Pending
2024-04-27,Layla Mohamed,contact@service.org,Office Supplies,3095.0,8,24760.0,Completed
2024-08-17,Marwan Khaled,admin@tech.io,Home Decor,3441.0,10,34410.0,Pending
2024-12-10,Ahmed Ali,info@market.eg,Groceries,736.0,5,3680.0,Refunded
2024-04-21,Marwan Khaled,info@market.eg,Electronics,4540.0,6,27240.0,Cancelled
2024-04-16,Ahmed Ali,yomna.dev@email.com,Clothing,3341.0,7,23387.0,Completed
2024-07-10,Zainab Tarek,contact@service.org,Groceries,4197.0,6,25182.0,Cancelled
2024-05-19,Omar Farouk,contact@service.org,Home Decor,356.0,2,712.0,Refunded
2024-02-24,Yomna Soror,sales@hub.com,Office Supplies,1232.0,6,7392.0,Cancelled
2024-06-06,Omar Farouk,user1@mail.com,Home Decor,1272.0,4,5088.0,Cancelled
2024-03-06,Mona Zaki,user1@mail.com,Electronics,1685.0,9,15165.0,Completed
2024-11-19,Layla Mohamed,sales@hub.com,Home Decor,4364.0,8,34912.0,Completed
2024-05-22,Ali Hassan,admin@tech.io,Groceries,2483.0,3,7449.0,Shipped
2024-09-11,Ali Hassan,admin@tech.io,Books,808.0,10,8080.0,Refunded
2024-11-11,Ahmed Ali,contact@service.org,Groceries,53.0,5,265.0,Pending
2024-11-16,Ali Hassan,m.zaki@mail.com,Office Supplies,2481.0,3,7443.0,Shipped
2024-07-06,Zainab Tarek,test.a@web.net,Groceries,1999.0,6,11994.0,Refunded
2024-07-15,Mona Zaki,info@market.eg,Books,4883.0,1,4883.0,Pending
2024-08-12,Omar Farouk,sales@hub.com,Books,3412.0,10,34120.0,Refunded
2024-10-18,Yomna Soror,sales@hub.com,Office Supplies,2538.0,4,10152.0,Refunded
2024-01-19,Yomna Soror,info@market.eg,Home Decor,93.0,10,930.0,Shipped
2024-02-13,Huda Mansour,admin@tech.io,Books,609.0,2,1218.0,Pending
2024-05-04,Ali Hassan,m.zaki@mail.com,Electronics,494.0,1,494.0,Refunded
2024-01-11,Huda Mansour,admin@tech.io,Electronics,2845.0,4,11380.0,Completed
2024-11-20,Mona Zaki,test.a@web.net,Electronics,2926.0,1,2926.0,Completed
2024-12-27,Yomna Soror,yomna.dev@email.com,Books,3924.0,6,23544.0,Shipped
2024-02-14,Yomna Soror,sales@hub.com,Electronics,4700.0,6,28200.0,Completed
2024-06-04,Layla Mohamed,m.zaki@mail.com,Electronics,873.0,7,6111.0,Refunded
2024-07-20,Sara Ahmed,admin@tech.io,Electronics,2525.0,5,12625.0,Refunded
2024-03-19,Marwan Khaled,user1@mail.com,Clothing,3766.0,1,3766.0,Refunded
2024-10-22,Layla Mohamed,test.a@web.net,Clothing,1568.0,1,1568.0,Pending
2024-09-28,Ahmed Ali,user1@mail.com,Office Supplies,1266.0,1,1266.0,Cancelled
2024-03-22,Yomna Soror,test.a@web.net,Electronics,4193.0,8,33544.0,Pending
2024-02-10,Yomna Soror,test.a@web.net,Electronics,159.0,3,477.0,Shipped
2024-05-23,Marwan Khaled,m.zaki@mail.com,Electronics,4116.0,4,16464.0,Shipped
2024-10-03,Ahmed Ali,admin@tech.io,Books,107.0,6,642.0,Cancelled
2024-03-12,Huda Mansour,admin@tech.io,Home Decor,3504.0,5,17520.0,Shipped
2024-10-03,Marwan Khaled,m.zaki@mail.com,Home Decor,1385.0,9,12465.0,Cancelled
2024-01-01,Huda Mansour,yomna.dev@email.com,Groceries,205.0,3,615.0,Completed
2024-05-08,Ahmed Ali,contact@service.org,Home Decor,1846.0,5,9230.0,Completed
2024-12-12,Zainab Tarek,sales@hub.com,Electronics,4490.0,5,22450.0,Cancelled
2024-02-13,Ali Hassan,sales@hub.com,Electronics,854.0,1,854.0,Shipped
2024-02-23,Omar Farouk,user1@mail.com,Clothing,1214.0,8,9712.0,Cancelled
2024-01-10,Sara Ahmed,contact@service.org,Home Decor,2735.0,3,8205.0,Completed
2024-10-27,Yomna Soror,yomna.dev@email.com,Books,706.0,2,1412.0,Shipped
2024-10-25,Omar Farouk,test.a@web.net,Home Decor,2314.0,5,11570.0,Refunded
2024-10-04,Huda Mansour,sales@hub.com,Clothing,4634.0,1,4634.0,Completed
2024-05-23,Ali Hassan,user1@mail.com,Electronics,4663.0,9,41967.0,Refunded
2024-04-02,Huda Mansour,sales@hub.com,Clothing,2147.0,8,17176.0,Shipped
2024-04-08,Mona Zaki,m.zaki@mail.com,Clothing,119.0,9,1071.0,Refunded
2024-06-27,Layla Mohamed,m.zaki@mail.com,Home Decor,2183.0,3,6549.0,Cancelled
2024-12-03,Huda Mansour,info@market.eg,Books,1843.0,8,14744.0,Completed
2024-12-09,Yomna Soror,user1@mail.com,Clothing,4903.0,7,34321.0,Pending
2024-10-20,Sara Ahmed,m.zaki@mail.com,Books,1898.0,2,3796.0,Refunded
2024-11-15,Zainab Tarek,info@market.eg,Groceries,3061.0,6,18366.0,Refunded
2024-11-11,Ahmed Ali,info@market.eg,Electronics,2471.0,8,19768.0,Cancelled
2024-03-27,Ali Hassan,info@market.eg,Office Supplies,3987.0,9,35883.0,Completed
2024-12-17,Huda Mansour,sales@hub.com,Groceries,4056.0,10,40560.0,Pending
2024-12-02,Ali Hassan,user1@mail.com,Books,4556.0,6,27336.0,Completed
2024-10-26,Marwan Khaled,contact@service.org,Home Decor,2514.0,6,15084.0,Cancelled
2024-05-11,Ali Hassan,user1@mail.com,Books,2241.0,9,20169.0,Refunded
2024-03-23,Yomna Soror,yomna.dev@email.com,Home Decor,3750.0,5,18750.0,Completed
2024-01-13,Omar Farouk,sales@hub.com,Clothing,871.0,9,7839.0,Completed
2024-04-01,Sara Ahmed,user1@mail.com,Clothing,1702.0,1,1702.0,Shipped
2024-09-16,Yomna Soror,sales@hub.com,Electronics,3655.0,7,25585.0,Pending
2024-08-19,Sara Ahmed,user1@mail.com,Books,897.0,9,8073.0,Pending
2024-04-04,Ali Hassan,test.a@web.net,Groceries,2317.0,10,23170.0,Refunded
2024-06-19,Marwan Khaled,user1@mail.com,Electronics,2797.0,8,22376.0,Completed
2024-03-22,Omar Farouk,test.a@web.net,Clothing,2989.0,2,5978.0,Shipped
2024-03-06,Sara Ahmed,sales@hub.com,Clothing,4008.0,10,40080.0,Refunded
2024-11-06,Omar Farouk,info@market.eg,Clothing,4366.0,7,30562.0,Completed
2024-04-06,Huda Mansour,m.zaki@mail.com,Electronics,2448.0,7,17136.0,Refunded
2024-08-22,Layla Mohamed,user1@mail.com,Office Supplies,1518.0,4,6072.0,Shipped
2024-11-03,Ali Hassan,sales@hub.com,Electronics,1732.0,7,12124.0,Shipped
2024-01-01,Mona Zaki,yomna.dev@email.com,Home Decor,4406.0,1,4406.0,Shipped
2024-12-07,Sara Ahmed,,Clothing,2514.0,4,10056.0,Completed
2024-01-26,Ahmed Ali,info@market.eg,Home Decor,3644.0,10,36440.0,Shipped
2024-01-28,Zainab Tarek,yomna.dev@email.com,Electronics,3744.0,4,14976.0,Cancelled
2024-01-01,Zainab Tarek,test.a@web.net,Electronics,3379.0,8,27032.0,Pending
2024-12-07,Layla Mohamed,m.zaki@mail.com,Books,3232.0,9,29088.0,Refunded
2024-11-16,Ali Hassan,user1@mail.com,Office Supplies,4807.0,9,43263.0,Pending
2024-03-08,Omar Farouk,sales@hub.com,Home Decor,2312.0,9,20808.0,Cancelled
2024-11-18,Yomna Soror,contact@service.org,Books,4491.0,5,22455.0,Cancelled
2024-09-01,Yomna Soror,contact@service.org,Electronics,792.0,7,5544.0,Refunded
2024-07-14,Huda Mansour,admin@tech.io,Office Supplies,3979.0,4,15916.0,Completed
2024-09-24,Mona Zaki,info@market.eg,Books,4413.0,3,13239.0,Pending
2024-06-20,Layla Mohamed,yomna.dev@email.com,Office Supplies,1846.0,6,11076.0,Refunded
2024-10-02,Huda Mansour,user1@mail.com,Groceries,2473.0,1,2473.0,Pending
2024-08-09,Sara Ahmed,test.a@web.net,Electronics,863.0,1,863.0,Refunded
2024-04-11,Layla Mohamed,info@market.eg,Books,1389.0,4,5556.0,Pending
2024-01-14,Omar Farouk,user1@mail.com,Books,2983.0,9,26847.0,Pending
2024-03-14,Marwan Khaled,admin@tech.io,Clothing,2447.0,7,17129.0,Cancelled
2024-05-08,Ahmed Ali,m.zaki@mail.com,Electronics,1687.0,7,11809.0,Refunded
2024-11-14,Omar Farouk,info@market.eg,Electronics,612.0,10,6120.0,Shipped
2024-07-04,Layla Mohamed,test.a@web.net,Clothing,4731.0,10,47310.0,Cancelled
2024-12-04,Yomna Soror,user1@mail.com,Clothing,1505.0,9,13545.0,Completed
2024-09-01,Ali Hassan,user1@mail.com,Groceries,1888.0,2,3776.0,Cancelled
2024-10-24,Sara Ahmed,yomna.dev@email.com,Clothing,432.0,8,3456.0,Refunded
2024-10-01,Sara Ahmed,info@market.eg,Groceries,1229.0,8,9832.0,Shipped
2024-02-07,Omar Farouk,sales@hub.com,Books,304.0,8,2432.0,Completed
2024-05-02,Layla Mohamed,sales@hub.com,Electronics,1731.0,9,15579.0,Shipped
2024-03-16,Ahmed Ali,info@market.eg,Books,1933.0,3,5799.0,Completed
2024-08-18,Marwan Khaled,test.a@web.net,Groceries,2372.0,5,11860.0,Pending
2024-12-09,Zainab Tarek,admin@tech.io,Books,2056.0,1,2056.0,Cancelled
2024-02-12,Zainab Tarek,info@market.eg,Clothing,1400.0,1,1400.0,Refunded
2024-12-22,Ahmed Ali,sales@hub.com,Clothing,1195.0,8,9560.0,Cancelled
2024-02-22,Ali Hassan,m.zaki@mail.com,Groceries,53.0,2,106.0,Completed
2024-04-23,Ahmed Ali,admin@tech.io,Books,990.0,5,4950.0,Pending
2024-02-12,Yomna Soror,sales@hub.com,Groceries,925.0,4,3700.0,Refunded
2024-11-19,Layla Mohamed,admin@tech.io,Groceries,4748.0,2,9496.0,Cancelled
2024-08-02,Huda Mansour,test.a@web.net,Home Decor,2329.0,6,13974.0,Shipped
2024-04-18,Sara Ahmed,sales@hub.com,Electronics,1658.0,2,3316.0,Cancelled
2024-02-15,Ali Hassan,sales@hub.com,Groceries,1673.0,4,6692.0,Shipped
2024-05-20,Huda Mansour,sales@hub.com,Electronics,641.0,4,2564.0,Pending
2024-05-15,Huda Mansour,yomna.dev@email.com,Groceries,3008.0,7,21056.0,Cancelled
2024-12-20,Mona Zaki,admin@tech.io,Books,3486.0,1,3486.0,Completed
2024-05-09,Zainab Tarek,contact@service.org,Office Supplies,829.0,3,2487.0,Shipped
2024-02-27,Mona Zaki,admin@tech.io,Clothing,273.0,5,1365.0,Pending
2024-08-06,Ahmed Ali,info@market.eg,Electronics,3869.0,6,23214.0,Shipped
2024-04-05,Marwan Khaled,info@market.eg,Office Supplies,253.0,2,506.0,Cancelled
2024-01-28,Ahmed Ali,contact@service.org,Clothing,1027.0,5,5135.0,Shipped
2024-04-09,Sara Ahmed,contact@service.org,Electronics,4981.0,10,49810.0,Refunded
2024-02-03,Sara Ahmed,yomna.dev@email.com,Office Supplies,2403.0,4,9612.0,Completed
2024-11-06,Sara Ahmed,info@market.eg,Clothing,2415.0,2,4830.0,Cancelled
2024-03-08,Mona Zaki,user1@mail.com,Home Decor,1680.0,7,11760.0,Pending
2024-11-28,Layla Mohamed,contact@service.org,Home Decor,1411.0,8,11288.0,Completed
2024-10-06,Zainab Tarek,m.zaki@mail.com,Office Supplies,1716.0,10,17160.0,Cancelled
2024-10-24,Layla Mohamed,yomna.dev@email.com,Electronics,3936.0,5,19680.0,Cancelled
2024-06-13,Yomna Soror,user1@mail.com,Books,1413.0,3,4239.0,Refunded
2024-03-03,Huda Mansour,user1@mail.com,Electronics,4547.0,9,40923.0,Pending
2024-09-18,Layla Mohamed,user1@mail.com,Electronics,2565.0,7,17955.0,Completed
2024-11-02,Ahmed Ali,info@market.eg,Groceries,1758.0,4,7032.0,Refunded
2024-12-19,Huda Mansour,info@market.eg,Groceries,1559.0,1,1559.0,Pending
2024-10-03,Layla Mohamed,sales@hub.com,Home Decor,216.0,8,1728.0,Refunded
2024-01-05,Layla Mohamed,yomna.dev@email.com,Clothing,4705.0,9,42345.0,Refunded
2024-06-05,Ahmed Ali,admin@tech.io,Electronics,4871.0,8,38968.0,Cancelled
2024-11-23,Sara Ahmed,sales@hub.com,Groceries,3614.0,6,21684.0,Pending
2024-11-09,Omar Farouk,sales@hub.com,Groceries,3649.0,1,3649.0,Pending
2024-09-25,Omar Farouk,yomna.dev@email.com,Groceries,1521.0,5,7605.0,Refunded
2024-04-02,Marwan Khaled,contact@service.org,Office Supplies,2440.0,1,2440.0,Refunded
2024-03-11,Zainab Tarek,sales@hub.com,Groceries,3698.0,7,25886.0,Refunded
2024-02-21,Omar Farouk,contact@service.org,Books,1461.0,8,11688.0,Completed
2024-01-22,Ahmed Ali,user1@mail.com,Groceries,4318.0,1,4318.0,Pending
2024-11-17,Mona Zaki,yomna.dev@email.com,Books,3932.0,6,23592.0,Shipped
2024-08-07,Huda Mansour,admin@tech.io,Home Decor,4534.0,4,18136.0,Pending
2024-08-12,Mona Zaki,user1@mail.com,Groceries,2219.0,8,17752.0,Cancelled
2024-06-15,Omar Farouk,user1@mail.com,Books,82.0,3,246.0,Pending
2024-12-23,Mona Zaki,sales@hub.com,Office Supplies,1642.0,6,9852.0,Refunded
2024-10-20,Yomna Soror,sales@hub.com,Office Supplies,1334.0,9,12006.0,Pending
2024-05-04,Huda Mansour,user1@mail.com,Groceries,4049.0,2,8098.0,Completed
2024-05-18,Ahmed Ali,user1@mail.com,Home Decor,1951.0,8,15608.0,Pending
2024-08-27,Huda Mansour,user1@mail.com,Clothing,4273.0,10,42730.0,Completed
2024-05-22,Mona Zaki,sales@hub.com,Groceries,1527.0,4,6108.0,Pending
2024-01-17,Sara Ahmed,yomna.dev@email.com,Home Decor,2054.0,10,20540.0,Cancelled
2024-03-11,Ali Hassan,user1@mail.com,Books,4607.0,1,4607.0,Refunded
2024-03-25,Zainab Tarek,admin@tech.io,Clothing,4013.0,7,28091.0,Refunded
2024-03-23,Huda Mansour,yomna.dev@email.com,Electronics,3239.0,1,3239.0,Pending
2024-08-11,Yomna Soror,contact@service.org,Office Supplies,3412.0,4,13648.0,Completed
2024-03-11,Yomna Soror,test.a@web.net,Electronics,149.0,9,1341.0,Completed
2024-10-11,Zainab Tarek,info@market.eg,Office Supplies,2190.0,3,6570.0,Shipped
2024-08-04,Layla Mohamed,yomna.dev@email.com,Books,4694.0,2,9388.0,Cancelled
2024-08-22,Layla Mohamed,admin@tech.io,Books,1114.0,2,2228.0,Refunded
2024-03-20,Omar Farouk,contact@service.org,Groceries,3288.0,3,9864.0,Pending
2024-01-03,Ahmed Ali,contact@service.org,Groceries,1735.0,8,13880.0,Completed
2024-02-25,Huda Mansour,m.zaki@mail.com,Home Decor,2154.0,5,10770.0,Refunded
2024-09-18,Layla Mohamed,m.zaki@mail.com,Office Supplies,4272.0,2,8544.0,Shipped
2024-02-07,Huda Mansour,info@market.eg,Electronics,3712.0,2,7424.0,Pending
2024-03-06,Huda Mansour,info@market.eg,Clothing,4348.0,6,26088.0,Cancelled
2024-08-20,Huda Mansour,admin@tech.io,Books,2933.0,5,14665.0,Refunded
2024-11-05,Huda Mansour,test.a@web.net,Home Decor,1111.0,9,9999.0,Cancelled
2024-03-08,Sara Ahmed,sales@hub.com,Books,1691.0,5,8455.0,Shipped
2024-04-27,Marwan Khaled,sales@hub.com,Groceries,4256.0,9,38304.0,Pending
2024-03-04,Omar Farouk,contact@service.org,Office Supplies,673.0,9,6057.0,Completed
2024-09-09,Omar Farouk,yomna.dev@email.com,Electronics,2399.0,5,11995.0,Shipped
2024-07-24,Ali Hassan,yomna.dev@email.com,Office Supplies,3917.0,4,15668.0,Shipped
2024-03-22,Ali Hassan,info@market.eg,Electronics,996.0,5,4980.0,Refunded
2024-12-05,Yomna Soror,info@market.eg,Groceries,2067.0,3,6201.0,Pending
2024-02-19,Huda Mansour,yomna.dev@email.com,Groceries,1666.0,10,16660.0,Shipped
2024-03-26,Yomna Soror,m.zaki@mail.com,Groceries,3878.0,9,34902.0,Refunded
2024-07-04,Omar Farouk,contact@service.org,Clothing,2401.0,10,24010.0,Completed
2024-02-19,Layla Mohamed,m.zaki@mail.com,Groceries,4922.0,7,34454.0,Shipped
2024-01-24,Ahmed Ali,contact@service.org,Home Decor,59.0,6,354.0,Cancelled
2024-09-21,Marwan Khaled,yomna.dev@email.com,Groceries,2071.0,1,2071.0,Completed
2024-03-15,Yomna Soror,info@market.eg,Electronics,2323.0,4,9292.0,Refunded
2024-04-16,Omar Farouk,contact@service.org,Electronics,989.0,9,8901.0,Refunded
2024-12-28,Huda Mansour,sales@hub.com,Office Supplies,3052.0,1,3052.0,Pending
2024-08-15,Zainab Tarek,sales@hub.com,Books,362.0,5,1810.0,Cancelled
2024-03-07,Sara Ahmed,yomna.dev@email.com,Office Supplies,3479.0,7,24353.0,Shipped
2024-10-22,Layla Mohamed,contact@service.org,Books,3360.0,7,23520.0,Pending
2024-06-23,Yomna Soror,admin@tech.io,Books,697.0,6,4182.0,Shipped
2024-03-05,Mona Zaki,m.zaki@mail.com,Clothing,4853.0,4,19412.0,Refunded
2024-01-10,Zainab Tarek,info@market.eg,Office Supplies,584.0,6,3504.0,Refunded
2024-05-27,Ali Hassan,sales@hub.com,Groceries,4138.0,3,12414.0,Shipped
2024-01-01,Sara Ahmed,sales@hub.com,Home Decor,1989.0,4,7956.0,Pending
2024-05-26,Ahmed Ali,contact@service.org,Electronics,4863.0,2,9726.0,Completed
2024-09-16,Ahmed Ali,m.zaki@mail.com,Clothing,2808.0,4,11232.0,Completed
2024-10-25,Huda Mansour,contact@service.org,Home Decor,2019.0,8,16152.0,Shipped
2024-12-12,Mona Zaki,admin@tech.io,Books,3572.0,7,25004.0,Completed
2024-02-24,Ali Hassan,user1@mail.com,Office Supplies,3425.0,9,30825.0,Refunded
2024-01-11,Marwan Khaled,user1@mail.com,Office Supplies,1634.0,6,9804.0,Shipped
2024-04-13,Zainab Tarek,contact@service.org,Electronics,4582.0,5,22910.0,Refunded
2024-08-27,Marwan Khaled,m.zaki@mail.com,Office Supplies,2577.0,7,18039.0,Refunded
2024-08-26,Yomna Soror,test.a@web.net,Groceries,129.0,10,1290.0,Refunded
2024-11-05,Ahmed Ali,m.zaki@mail.com,Groceries,2308.0,5,11540.0,Pending
2024-01-01,Layla Mohamed,info@market.eg,Groceries,2490.0,4,9960.0,Shipped
2024-06-12,Yomna Soror,user1@mail.com,Home Decor,2722.0,8,21776.0,Shipped
2024-02-01,Omar Farouk,admin@tech.io,Groceries,2402.0,4,9608.0,Pending
2024-09-10,Ali Hassan,test.a@web.net,Groceries,1236.0,2,2472.0,Cancelled
2024-02-05,Huda Mansour,contact@service.org,Books,1445.0,1,1445.0,Shipped
2024-09-24,Mona Zaki,user1@mail.com,Clothing,2449.0,9,22041.0,Shipped
2024-05-24,Mona Zaki,yomna.dev@email.com,Clothing,358.0,8,2864.0,Completed
2024-04-04,Huda Mansour,user1@mail.com,Electronics,3871.0,7,27097.0,Completed
2024-02-06,Ali Hassan,contact@service.org,Books,3651.0,1,3651.0,Refunded
2024-02-21,Ali Hassan,contact@service.org,Clothing,2047.0,7,14329.0,Completed
2024-11-26,Omar Farouk,admin@tech.io,Home Decor,2890.0,8,23120.0,Pending
2024-08-05,Huda Mansour,test.a@web.net,Office Supplies,1466.0,2,2932.0,Shipped
2024-05-25,Ali Hassan,contact@service.org,Clothing,593.0,4,2372.0,Cancelled
2024-12-13,Ali Hassan,info@market.eg,Electronics,912.0,2,1824.0,Completed
2024-07-18,Huda Mansour,test.a@web.net,Office Supplies,562.0,8,4496.0,Cancelled
2024-01-18,Layla Mohamed,test.a@web.net,Home Decor,1832.0,10,18320.0,Refunded
2024-12-25,Mona Zaki,user1@mail.com,Books,3452.0,2,6904.0,Pending
2024-12-26,Ahmed Ali,info@market.eg,Home Decor,3686.0,10,36860.0,Shipped
2024-03-28,Sara Ahmed,m.zaki@mail.com,Office Supplies,3431.0,10,34310.0,Pending
2024-08-21,Yomna Soror,user1@mail.com,Clothing,2514.0,8,20112.0,Completed
2024-01-03,Marwan Khaled,contact@service.org,Home Decor,328.0,2,656.0,Cancelled
2024-12-07,Huda Mansour,yomna.dev@email.com,Groceries,3298.0,6,19788.0,Shipped
2024-01-01,Mona Zaki,info@market.eg,Books,2171.0,10,21710.0,Cancelled
2024-04-20,Ahmed Ali,contact@service.org,Home Decor,860.0,7,6020.0,Pending
2024-04-01,Huda Mansour,m.zaki@mail.com,Groceries,1549.0,4,6196.0,Refunded
2024-12-09,Sara Ahmed,test.a@web.net,Clothing,1227.0,6,7362.0,Shipped
2024-01-01,Zainab Tarek,m.zaki@mail.com,Groceries,2685.0,3,8055.0,Shipped
2024-07-15,Marwan Khaled,m.zaki@mail.com,Groceries,1518.0,4,6072.0,Shipped
2024-01-23,Sara Ahmed,sales@hub.com,Electronics,4142.0,2,8284.0,Cancelled
2024-11-20,Yomna Soror,test.a@web.net,Electronics,3046.0,6,18276.0,Refunded
2024-01-01,Sara Ahmed,sales@hub.com,Home Decor,4015.0,3,12045.0,Cancelled
2024-07-05,Mona Zaki,user1@mail.com,Electronics,1103.0,3,3309.0,Cancelled
2024-01-15,Layla Mohamed,contact@service.org,Electronics,900.0,7,6300.0,Pending
2024-05-27,Yomna Soror,m.zaki@mail.com,Books,4110.0,2,8220.0,Cancelled
2024-11-18,Sara Ahmed,sales@hub.com,Clothing,4250.0,6,25500.0,Cancelled
2024-10-04,Mona Zaki,user1@mail.com,Clothing,527.0,6,3162.0,Pending
2024-08-07,Zainab Tarek,info@market.eg,Electronics,2222.0,3,6666.0,Pending
2024-04-13,Huda Mansour,contact@service.org,Office Supplies,411.0,5,2055.0,Shipped
2024-05-14,Sara Ahmed,user1@mail.com,Clothing,3653.0,7,25571.0,Refunded
2024-05-25,Huda Mansour,contact@service.org,Groceries,2432.0,3,7296.0,Refunded
2024-01-18,Layla Mohamed,info@market.eg,Groceries,2379.0,6,14274.0,Cancelled
2024-10-21,Mona Zaki,sales@hub.com,Office Supplies,4989.0,5,24945.0,Completed
2024-09-10,Ahmed Ali,sales@hub.com,Groceries,316.0,4,1264.0,Shipped
2024-08-24,Ahmed Ali,yomna.dev@email.com,Clothing,1729.0,7,12103.0,Pending
2024-01-02,Ali Hassan,sales@hub.com,Home Decor,3188.0,5,15940.0,Cancelled
2024-01-01,Marwan Khaled,contact@service.org,Groceries,2894.0,5,14470.0,Completed
2024-05-07,Sara Ahmed,info@market.eg,Home Decor,260.0,8,2080.0,Pending
2024-03-18,Sara Ahmed,yomna.dev@email.com,Electronics,1252.0,1,1252.0,Cancelled
2024-11-06,Mona Zaki,admin@tech.io,Home Decor,4125.0,4,16500.0,Refunded
2024-09-17,Zainab Tarek,user1@mail.com,Office Supplies,4428.0,4,17712.0,Cancelled
2024-12-22,Ahmed Ali,admin@tech.io,Home Decor,2203.0,2,4406.0,Pending
2024-11-09,Zainab Tarek,yomna.dev@email.com,Home Decor,3594.0,7,25158.0,Refunded
2024-02-08,Mona Zaki,sales@hub.com,Electronics,2445.0,6,14670.0,Cancelled
2024-01-01,Huda Mansour,contact@service.org,Electronics,4781.0,9,43029.0,Refunded
2024-07-19,Huda Mansour,yomna.dev@email.com,Home Decor,2089.0,10,20890.0,Completed
2024-09-06,Omar Farouk,info@market.eg,Office Supplies,4573.0,8,36584.0,Cancelled
2024-03-01,Ali Hassan,info@market.eg,Electronics,3321.0,1,3321.0,Cancelled
2024-01-27,Sara Ahmed,user1@mail.com,Clothing,4752.0,9,42768.0,Refunded
2024-05-04,Ali Hassan,test.a@web.net,Clothing,1995.0,10,19950.0,Refunded
2024-03-09,Layla Mohamed,admin@tech.io,Home Decor,3897.0,1,3897.0,Shipped
2024-07-13,Mona Zaki,contact@service.org,Groceries,4283.0,1,4283.0,Shipped
2024-03-21,Huda Mansour,sales@hub.com,Home Decor,4262.0,3,12786.0,Pending
2024-05-20,Ahmed Ali,info@market.eg,Home Decor,1990.0,10,19900.0,Shipped
2024-12-04,Yomna Soror,sales@hub.com,Electronics,3714.0,1,3714.0,Shipped
2024-11-15,Omar Farouk,sales@hub.com,Electronics,1253.0,4,5012.0,Completed
2024-09-04,Zainab Tarek,test.a@web.net,Groceries,3764.0,1,3764.0,Cancelled
2024-03-18,Huda Mansour,test.a@web.net,Clothing,1054.0,3,3162.0,Shipped
2024-07-24,Omar Farouk,contact@service.org,Groceries,4031.0,2,8062.0,Completed
2024-02-18,Huda Mansour,info@market.eg,Office Supplies,1219.0,2,2438.0,Pending
2024-05-19,Zainab Tarek,contact@service.org,Groceries,1375.0,4,5500.0,Pending
2024-07-08,Mona Zaki,admin@tech.io,Home Decor,4241.0,4,16964.0,Refunded
2024-08-04,Ahmed Ali,admin@tech.io,Groceries,1341.0,7,9387.0,Pending
2024-04-11,Sara Ahmed,yomna.dev@email.com,Groceries,2074.0,4,8296.0,Pending
2024-04-28,Huda Mansour,m.zaki@mail.com,Office Supplies,3398.0,2,6796.0,Pending
2024-07-15,Ali Hassan,contact@service.org,Books,3745.0,6,22470.0,Completed
2024-12-14,Zainab Tarek,m.zaki@mail.com,Electronics,448.0,8,3584.0,Pending
2024-12-20,Yomna Soror,user1@mail.com,Books,1585.0,4,6340.0,Refunded
2024-07-13,Zainab Tarek,info@market.eg,Clothing,278.0,6,1668.0,Shipped
2024-07-15,Yomna Soror,user1@mail.com,Office Supplies,4126.0,9,37134.0,Completed
2024-08-02,Marwan Khaled,test.a@web.net,Groceries,2753.0,7,19271.0,Pending
2024-10-21,Ahmed Ali,contact@service.org,Books,973.0,6,5838.0,Cancelled
2024-04-06,Layla Mohamed,m.zaki@mail.com,Books,4740.0,10,47400.0,Shipped
2024-09-03,Huda Mansour,admin@tech.io,Office Supplies,1700.0,3,5100.0,Shipped
2024-03-15,Zainab Tarek,sales@hub.com,Office Supplies,3852.0,1,3852.0,Pending
2024-12-25,Ahmed Ali,user1@mail.com,Books,954.0,8,7632.0,Cancelled
2024-11-02,Marwan Khaled,yomna.dev@email.com,Clothing,657.0,4,2628.0,Refunded
2024-08-18,Ahmed Ali,sales@hub.com,Home Decor,1225.0,10,12250.0,Shipped
2024-08-05,Mona Zaki,m.zaki@mail.com,Home Decor,2296.0,4,9184.0,Shipped
2024-05-13,Zainab Tarek,sales@hub.com,Office Supplies,1342.0,2,2684.0,Shipped
2024-07-04,Mona Zaki,sales@hub.com,Clothing,3565.0,8,28520.0,Pending
2024-10-26,Marwan Khaled,admin@tech.io,Groceries,4505.0,6,27030.0,Completed
2024-05-24,Marwan Khaled,admin@tech.io,Home Decor,2475.0,3,7425.0,Pending
2024-10-11,Zainab Tarek,sales@hub.com,Home Decor,3802.0,6,22812.0,Cancelled
2024-04-28,Ali Hassan,contact@service.org,Office Supplies,2136.0,1,2136.0,Shipped
2024-08-05,Ahmed Ali,info@market.eg,Electronics,162.0,10,1620.0,Refunded
2024-04-16,Layla Mohamed,contact@service.org,Books,3348.0,2,6696.0,Shipped
2024-03-14,Zainab Tarek,test.a@web.net,Office Supplies,630.0,10,6300.0,Cancelled
2024-04-19,Yomna Soror,yomna.dev@email.com,Clothing,2872.0,6,17232.0,Shipped
2024-10-17,Marwan Khaled,yomna.dev@email.com,Groceries,1130.0,10,11300.0,Cancelled
2024-07-03,Yomna Soror,info@market.eg,Groceries,753.0,6,4518.0,Pending
2024-06-18,Yomna Soror,info@market.eg,Clothing,2488.0,9,22392.0,Completed
2024-10-13,Marwan Khaled,contact@service.org,Books,4684.0,9,42156.0,Refunded
2024-04-12,Sara Ahmed,test.a@web.net,Groceries,2256.0,5,11280.0,Shipped
2024-10-17,Mona Zaki,sales@hub.com,Home Decor,3883.0,2,7766.0,Completed
2024-04-01,Huda Mansour,info@market.eg,Home Decor,387.0,8,3096.0,Shipped
2024-08-11,Layla Mohamed,user1@mail.com,Home Decor,877.0,3,2631.0,Completed
2024-08-12,Mona Zaki,yomna.dev@email.com,Electronics,2123.0,10,21230.0,Completed
2024-04-21,Zainab Tarek,yomna.dev@email.com,Groceries,522.0,7,3654.0,Shipped
2024-07-24,Yomna Soror,contact@service.org,Home Decor,336.0,8,2688.0,Refunded
2024-03-21,Mona Zaki,user1@mail.com,Groceries,385.0,6,2310.0,Shipped
2024-04-13,Marwan Khaled,m.zaki@mail.com,Office Supplies,2338.0,2,4676.0,Pending
2024-03-10,Ahmed Ali,m.zaki@mail.com,Groceries,4328.0,10,43280.0,Shipped
2024-06-20,Ahmed Ali,test.a@web.net,Clothing,3907.0,3,11721.0,Refunded
2024-08-21,Layla Mohamed,m.zaki@mail.com,Home Decor,1149.0,8,9192.0,Pending
2024-05-09,Layla Mohamed,test.a@web.net,Groceries,3552.0,1,3552.0,Completed
2024-04-01,Layla Mohamed,contact@service.org,Electronics,4847.0,9,43623.0,Cancelled
2024-05-25,Sara Ahmed,contact@service.org,Groceries,151.0,1,151.0,Shipped
2024-02-28,Huda Mansour,user1@mail.com,Groceries,4485.0,9,40365.0,Completed
2024-12-16,Layla Mohamed,,Groceries,365.0,9,3285.0,Cancelled
2024-11-22,Yomna Soror,yomna.dev@email.com,Electronics,3357.0,8,26856.0,Cancelled
2024-08-02,Layla Mohamed,test.a@web.net,Office Supplies,4427.0,9,39843.0,Completed
2024-01-10,Ahmed Ali,admin@tech.io,Clothing,817.0,5,4085.0,Cancelled
2024-04-06,Layla Mohamed,sales@hub.com,Electronics,4167.0,9,37503.0,Shipped
2024-04-24,Marwan Khaled,test.a@web.net,Clothing,3420.0,8,27360.0,Refunded
2024-12-24,Ali Hassan,test.a@web.net,Clothing,3831.0,5,19155.0,Completed
2024-03-11,Huda Mansour,m.zaki@mail.com,Electronics,2454.0,4,9816.0,Shipped
2024-04-20,Ahmed Ali,contact@service.org,Clothing,2799.0,3,8397.0,Cancelled
2024-04-04,Ahmed Ali,info@market.eg,Groceries,2084.0,10,20840.0,Cancelled
2024-09-17,Layla Mohamed,contact@service.org,Groceries,1611.0,5,8055.0,Shipped
2024-03-23,Huda Mansour,yomna.dev@email.com,Groceries,3751.0,7,26257.0,Pending
2024-05-02,Ali Hassan,,Office Supplies,4261.0,9,38349.0,Cancelled
2024-03-10,Ahmed Ali,sales@hub.com,Books,3453.0,1,3453.0,Pending
2024-08-25,Ahmed Ali,contact@service.org,Books,4574.0,8,36592.0,Refunded
2024-04-28,Sara Ahmed,user1@mail.com,Electronics,2514.0,10,25140.0,Shipped
2024-09-15,Sara Ahmed,contact@service.org,Clothing,1939.0,8,15512.0,Refunded
2024-02-21,Mona Zaki,m.zaki@mail.com,Books,2890.0,6,17340.0,Shipped
2024-06-26,Ali Hassan,m.zaki@mail.com,Electronics,395.0,9,3555.0,Cancelled
2024-07-09,Yomna Soror,user1@mail.com,Electronics,4114.0,9,37026.0,Refunded
2024-05-25,Ali Hassan,user1@mail.com,Electronics,3065.0,6,18390.0,Cancelled
2024-05-09,Ahmed Ali,info@market.eg,Clothing,2357.0,4,9428.0,Pending
2024-11-19,Yomna Soror,admin@tech.io,Home Decor,4920.0,9,44280.0,Refunded
2024-06-24,Sara Ahmed,test.a@web.net,Office Supplies,4830.0,4,19320.0,Cancelled
2024-06-12,Marwan Khaled,info@market.eg,Office Supplies,468.0,8,3744.0,Shipped
2024-05-15,Layla Mohamed,m.zaki@mail.com,Electronics,1096.0,1,1096.0,Refunded
2024-07-09,Ali Hassan,contact@service.org,Books,2853.0,9,25677.0,Shipped
2024-02-24,Ahmed Ali,info@market.eg,Books,3163.0,10,31630.0,Cancelled
2024-04-12,Marwan Khaled,user1@mail.com,Books,226.0,10,2260.0,Refunded
2024-05-05,Omar Farouk,admin@tech.io,Home Decor,1036.0,6,6216.0,Refunded
2024-07-28,Sara Ahmed,info@market.eg,Books,2130.0,9,19170.0,Refunded
2024-07-11,Ali Hassan,yomna.dev@email.com,Home Decor,471.0,7,3297.0,Pending
2024-02-20,Yomna Soror,sales@hub.com,Home Decor,3004.0,5,15020.0,Completed
2024-12-07,Ahmed Ali,contact@service.org,Home Decor,1056.0,6,6336.0,Shipped
2024-07-27,Sara Ahmed,test.a@web.net,Office Supplies,2233.0,3,6699.0,Refunded
2024-05-27,Huda Mansour,sales@hub.com,Office Supplies,1783.0,4,7132.0,Pending
2024-04-02,Mona Zaki,m.zaki@mail.com,Electronics,751.0,6,4506.0,Shipped
2024-05-18,Zainab Tarek,sales@hub.com,Books,309.0,2,618.0,Refunded
2024-09-25,Omar Farouk,yomna.dev@email.com,Books,4499.0,5,22495.0,Refunded
2024-03-01,Ahmed Ali,info@market.eg,Electronics,961.0,1,961.0,Pending
2024-05-27,Yomna Soror,contact@service.org,Books,3681.0,5,18405.0,Pending
2024-03-09,Sara Ahmed,test.a@web.net,Clothing,2410.0,4,9640.0,Refunded
2024-08-12,Ali Hassan,yomna.dev@email.com,Groceries,3624.0,2,7248.0,Refunded
2024-01-22,Marwan Khaled,contact@service.org,Office Supplies,2326.0,10,23260.0,Pending
2024-03-12,Omar Farouk,test.a@web.net,Office Supplies,3443.0,3,10329.0,Cancelled
2024-01-23,Mona Zaki,user1@mail.com,Office Supplies,3043.0,5,15215.0,Completed
2024-09-25,Ahmed Ali,info@market.eg,Office Supplies,4890.0,10,48900.0,Shipped
2024-02-10,Mona Zaki,m.zaki@mail.com,Electronics,2679.0,4,10716.0,Refunded
2024-04-03,Huda Mansour,info@market.eg,Electronics,2247.0,8,17976.0,Pending
2024-01-17,Zainab Tarek,m.zaki@mail.com,Books,658.0,5,3290.0,Cancelled
2024-10-24,Mona Zaki,admin@tech.io,Electronics,4762.0,1,4762.0,Shipped
2024-02-03,Layla Mohamed,admin@tech.io,Books,758.0,1,758.0,Cancelled
2024-08-12,Sara Ahmed,info@market.eg,Clothing,2094.0,5,10470.0,Shipped
2024-02-21,Ali Hassan,yomna.dev@email.com,Groceries,1324.0,7,9268.0,Cancelled
2024-12-11,Huda Mansour,info@market.eg,Electronics,4795.0,9,43155.0,Completed
2024-01-12,Marwan Khaled,test.a@web.net,Books,4799.0,6,28794.0,Pending
2024-01-01,Sara Ahmed,yomna.dev@email.com,Clothing,4991.0,10,49910.0,Refunded
2024-05-09,Mona Zaki,m.zaki@mail.com,Clothing,195.0,8,1560.0,Completed
2024-05-01,Omar Farouk,admin@tech.io,Groceries,4122.0,4,16488.0,Pending
2024-08-25,Mona Zaki,yomna.dev@email.com,Office Supplies,3852.0,8,30816.0,Cancelled
2024-10-23,Sara Ahmed,admin@tech.io,Electronics,1017.0,9,9153.0,Pending
2024-11-15,Omar Farouk,user1@mail.com,Groceries,3289.0,5,16445.0,Pending
2024-09-19,Zainab Tarek,sales@hub.com,Electronics,2514.0,2,5028.0,Shipped
2024-05-20,Ali Hassan,sales@hub.com,Books,997.0,9,8973.0,Pending
2024-06-06,Ali Hassan,admin@tech.io,Groceries,3170.0,4,12680.0,Pending
2024-02-01,Huda Mansour,sales@hub.com,Office Supplies,1222.0,2,2444.0,Cancelled
2024-02-19,Yomna Soror,sales@hub.com,Electronics,3510.0,10,35100.0,Cancelled
2024-04-26,Yomna Soror,info@market.eg,Office Supplies,1203.0,10,12030.0,Completed
2024-07-17,Omar Farouk,test.a@web.net,Electronics,1432.0,3,4296.0,Completed
2024-12-23,Ahmed Ali,m.zaki@mail.com,Clothing,691.0,10,6910.0,Completed
2024-09-12,Zainab Tarek,sales@hub.com,Home Decor,2860.0,3,8580.0,Pending
2024-07-11,Zainab Tarek,user1@mail.com,Books,4304.0,8,34432.0,Shipped
2024-01-27,Yomna Soror,user1@mail.com,Books,854.0,6,5124.0,Completed
2024-08-02,Marwan Khaled,m.zaki@mail.com,Books,2462.0,9,22158.0,Pending
2024-08-03,Omar Farouk,yomna.dev@email.com,Home Decor,4151.0,7,29057.0,Pending
2024-12-12,Mona Zaki,contact@service.org,Groceries,3442.0,8,27536.0,Shipped
2024-04-03,Omar Farouk,info@market.eg,Office Supplies,3721.0,6,22326.0,Shipped
2024-08-18,Ahmed Ali,user1@mail.com,Home Decor,1978.0,9,17802.0,Shipped
2024-08-09,Huda Mansour,sales@hub.com,Electronics,1326.0,3,3978.0,Cancelled
2024-09-09,Ahmed Ali,yomna.dev@email.com,Groceries,2059.0,10,20590.0,Shipped
2024-05-02,Layla Mohamed,m.zaki@mail.com,Office Supplies,780.0,1,780.0,Shipped
2024-06-11,Huda Mansour,info@market.eg,Office Supplies,4534.0,10,45340.0,Refunded
2024-03-18,Omar Farouk,contact@service.org,Books,4455.0,7,31185.0,Completed
2024-04-19,Layla Mohamed,info@market.eg,Clothing,3791.0,4,15164.0,Cancelled
2024-03-26,Ahmed Ali,sales@hub.com,Electronics,1349.0,2,2698.0,Refunded
2024-07-26,Zainab Tarek,yomna.dev@email.com,Office Supplies,2880.0,7,20160.0,Completed
2024-06-22,Ali Hassan,sales@hub.com,Home Decor,295.0,3,885.0,Completed
2024-09-06,Yomna Soror,test.a@web.net,Electronics,3550.0,5,17750.0,Refunded
2024-12-17,Yomna Soror,admin@tech.io,Office Supplies,2743.0,10,27430.0,Pending
2024-01-21,Ahmed Ali,sales@hub.com,Office Supplies,2741.0,9,24669.0,Pending
2024-04-04,Sara Ahmed,admin@tech.io,Home Decor,901.0,8,7208.0,Pending
2024-03-25,Yomna Soror,user1@mail.com,Clothing,1711.0,10,17110.0,Shipped
2024-03-12,Yomna Soror,admin@tech.io,Home Decor,2579.0,7,18053.0,Refunded
2024-05-08,Sara Ahmed,admin@tech.io,Groceries,2514.0,10,25140.0,Refunded
2024-09-03,Layla Mohamed,yomna.dev@email.com,Groceries,1242.0,1,1242.0,Refunded
2024-01-21,Mona Zaki,user1@mail.com,Clothing,1467.0,10,14670.0,Cancelled
2024-02-09,Huda Mansour,m.zaki@mail.com,Home Decor,1927.0,4,7708.0,Completed
2024-01-10,Marwan Khaled,sales@hub.com,Office Supplies,1729.0,2,3458.0,Refunded
2024-10-21,Sara Ahmed,admin@tech.io,Home Decor,168.0,8,1344.0,Pending
2024-06-05,Ali Hassan,user1@mail.com,Office Supplies,1480.0,7,10360.0,Refunded
2024-09-02,Zainab Tarek,user1@mail.com,Clothing,4238.0,8,33904.0,Pending
2024-08-25,Layla Mohamed,m.zaki@mail.com,Groceries,261.0,1,261.0,Cancelled
2024-11-22,Ahmed Ali,contact@service.org,Groceries,233.0,5,1165.0,Pending
2024-02-16,Sara Ahmed,info@market.eg,Groceries,322.0,2,644.0,Cancelled
2024-04-19,Layla Mohamed,contact@service.org,Electronics,3245.0,3,9735.0,Pending
2024-04-27,Zainab Tarek,user1@mail.com,Home Decor,1242.0,5,6210.0,Pending
2024-08-22,Layla Mohamed,yomna.dev@email.com,Books,2886.0,1,2886.0,Pending
2024-09-08,Omar Farouk,test.a@web.net,Clothing,132.0,7,924.0,Shipped
2024-03-11,Ali Hassan,m.zaki@mail.com,Electronics,4914.0,9,44226.0,Refunded
2024-04-18,Marwan Khaled,m.zaki@mail.com,Office Supplies,1392.0,7,9744.0,Cancelled
2024-11-19,Ahmed Ali,admin@tech.io,Home Decor,1224.0,5,6120.0,Shipped
2024-08-19,Omar Farouk,m.zaki@mail.com,Books,671.0,10,6710.0,Refunded
2024-05-27,Zainab Tarek,user1@mail.com,Office Supplies,2700.0,8,21600.0,Shipped
2024-09-17,Mona Zaki,test.a@web.net,Electronics,628.0,8,5024.0,Shipped
2024-07-24,Mona Zaki,user1@mail.com,Clothing,2549.0,2,5098.0,Pending
2024-12-25,Ali Hassan,m.zaki@mail.com,Clothing,91.0,5,455.0,Pending
2024-01-28,Layla Mohamed,sales@hub.com,Electronics,792.0,7,5544.0,Cancelled
2024-08-05,Marwan Khaled,user1@mail.com,Home Decor,4671.0,9,42039.0,Cancelled
2024-10-26,Zainab Tarek,user1@mail.com,Electronics,3480.0,9,31320.0,Refunded
2024-11-25,Ahmed Ali,test.a@web.net,Electronics,2015.0,10,20150.0,Shipped
2024-09-09,Zainab Tarek,test.a@web.net,Home Decor,876.0,6,5256.0,Refunded
2024-01-07,Ali Hassan,info@market.eg,Office Supplies,2594.0,4,10376.0,Pending
2024-09-07,Yomna Soror,admin@tech.io,Groceries,108.0,5,540.0,Shipped
2024-05-26,Ahmed Ali,user1@mail.com,Home Decor,2250.0,3,6750.0,Pending
2024-03-20,Zainab Tarek,contact@service.org,Office Supplies,622.0,2,1244.0,Refunded
2024-03-26,Zainab Tarek,test.a@web.net,Electronics,4982.0,8,39856.0,Completed
2024-01-26,Sara Ahmed,yomna.dev@email.com,Groceries,4074.0,2,8148.0,Pending
2024-05-20,Mona Zaki,m.zaki@mail.com,Home Decor,4699.0,1,4699.0,Pending
2024-03-08,Mona Zaki,user1@mail.com,Office Supplies,2553.0,2,5106.0,Cancelled
2024-09-16,Yomna Soror,info@market.eg,Groceries,2514.0,8,20112.0,Pending
2024-04-25,Marwan Khaled,info@market.eg,Office Supplies,3681.0,6,22086.0,Refunded
2024-02-22,Yomna Soror,admin@tech.io,Groceries,4586.0,3,13758.0,Pending
2024-10-27,Huda Mansour,sales@hub.com,Home Decor,1760.0,9,15840.0,Completed
2024-11-05,Huda Mansour,test.a@web.net,Electronics,4422.0,8,35376.0,Completed
2024-02-14,Mona Zaki,,Groceries,3375.0,8,27000.0,Refunded
2024-09-06,Omar Farouk,yomna.dev@email.com,Groceries,3357.0,9,30213.0,Shipped
2024-08-04,Yomna Soror,user1@mail.com,Electronics,2082.0,7,14574.0,Refunded
2024-08-12,Omar Farouk,contact@service.org,Groceries,4326.0,6,25956.0,Completed
2024-05-08,Huda Mansour,yomna.dev@email.com,Home Decor,1045.0,7,7315.0,Completed
2024-09-26,Ali Hassan,user1@mail.com,Office Supplies,271.0,1,271.0,Shipped
2024-07-05,Omar Farouk,contact@service.org,Books,3500.0,7,24500.0,Cancelled
2024-06-11,Sara Ahmed,test.a@web.net,Office Supplies,1509.0,1,1509.0,Completed
2024-01-02,Layla Mohamed,user1@mail.com,Books,2233.0,4,8932.0,Cancelled
2024-04-22,Mona Zaki,contact@service.org,Books,537.0,1,537.0,Completed
2024-02-10,Layla Mohamed,yomna.dev@email.com,Groceries,4893.0,3,14679.0,Pending
2024-11-27,Ahmed Ali,yomna.dev@email.com,Office Supplies,3141.0,10,31410.0,Refunded
2024-07-18,Huda Mansour,contact@service.org,Office Supplies,386.0,5,1930.0,Completed
2024-01-01,Marwan Khaled,contact@service.org,Groceries,2114.0,10,21140.0,Cancelled
2024-09-07,Yomna Soror,info@market.eg,Books,744.0,9,6696.0,Shipped
2024-06-22,Mona Zaki,admin@tech.io,Home Decor,4255.0,4,17020.0,Shipped
2024-08-08,Huda Mansour,admin@tech.io,Electronics,1464.0,9,13176.0,Shipped
2024-10-03,Zainab Tarek,contact@service.org,Books,230.0,1,230.0,Shipped
2024-02-21,Ahmed Ali,admin@tech.io,Books,2483.0,6,14898.0,Refunded
2024-08-11,Ahmed Ali,test.a@web.net,Books,2981.0,3,8943.0,Completed
2024-08-21,Omar Farouk,contact@service.org,Home Decor,1898.0,4,7592.0,Shipped
2024-05-24,Ahmed Ali,sales@hub.com,Electronics,2294.0,1,2294.0,Refunded
2024-09-18,Layla Mohamed,info@market.eg,Home Decor,1807.0,10,18070.0,Shipped
2024-03-15,Omar Farouk,m.zaki@mail.com,Office Supplies,371.0,1,371.0,Cancelled
2024-03-12,Zainab Tarek,m.zaki@mail.com,Clothing,1721.0,5,8605.0,Completed
2024-06-22,Ali Hassan,sales@hub.com,Home Decor,563.0,6,3378.0,Pending
2024-08-06,Ahmed Ali,contact@service.org,Books,2978.0,5,14890.0,Shipped
2024-05-21,Omar Farouk,info@market.eg,Office Supplies,2462.0,5,12310.0,Completed
2024-10-14,Zainab Tarek,sales@hub.com,Home Decor,831.0,7,5817.0,Shipped
2024-11-25,Ali Hassan,m.zaki@mail.com,Clothing,391.0,1,391.0,Pending
2024-01-17,Ali Hassan,sales@hub.com,Home Decor,349.0,8,2792.0,Shipped
2024-10-05,Ali Hassan,test.a@web.net,Office Supplies,2482.0,4,9928.0,Shipped
2024-01-05,Ahmed Ali,sales@hub.com,Books,4000.0,5,20000.0,Cancelled
2024-04-13,Layla Mohamed,info@market.eg,Home Decor,210.0,7,1470.0,Cancelled
2024-03-13,Sara Ahmed,test.a@web.net,Clothing,4294.0,3,12882.0,Completed
2024-10-24,Marwan Khaled,yomna.dev@email.com,Office Supplies,2035.0,4,8140.0,Pending
2024-11-15,Sara Ahmed,sales@hub.com,Electronics,4062.0,10,40620.0,Refunded
2024-02-06,Marwan Khaled,m.zaki@mail.com,Electronics,3601.0,3,10803.0,Cancelled
2024-09-08,Zainab Tarek,info@market.eg,Electronics,369.0,6,2214.0,Cancelled
2024-11-01,Layla Mohamed,admin@tech.io,Home Decor,3651.0,2,7302.0,Completed
2024-07-03,Yomna Soror,contact@service.org,Clothing,4502.0,1,4502.0,Refunded
2024-02-05,Layla Mohamed,contact@service.org,Home Decor,265.0,9,2385.0,Completed
2024-10-15,Ahmed Ali,admin@tech.io,Electronics,2457.0,9,22113.0,Shipped
2024-08-27,Zainab Tarek,user1@mail.com,Home Decor,170.0,3,510.0,Refunded
2024-08-19,Ahmed Ali,yomna.dev@email.com,Home Decor,397.0,3,1191.0,Pending
2024-08-03,Layla Mohamed,admin@tech.io,Home Decor,2288.0,1,2288.0,Cancelled
2024-12-23,Ali Hassan,info@market.eg,Home Decor,133.0,9,1197.0,Refunded
2024-06-08,Mona Zaki,user1@mail.com,Books,2183.0,8,17464.0,Pending
2024-10-23,Ahmed Ali,sales@hub.com,Electronics,2665.0,2,5330.0,Pending
2024-06-19,Omar Farouk,admin@tech.io,Office Supplies,3995.0,3,11985.0,Shipped
2024-04-27,Layla Mohamed,admin@tech.io,Office Supplies,1303.0,4,5212.0,Cancelled
2024-09-20,Sara Ahmed,contact@service.org,Home Decor,2824.0,6,16944.0,Completed
2024-09-09,Marwan Khaled,admin@tech.io,Books,4045.0,2,8090.0,Pending
2024-01-06,Mona Zaki,sales@hub.com,Office Supplies,1918.0,6,11508.0,Cancelled
2024-09-01,Omar Farouk,user1@mail.com,Books,3147.0,5,15735.0,Cancelled
2024-02-07,Huda Mansour,m.zaki@mail.com,Clothing,1181.0,1,1181.0,Cancelled
2024-07-22,Layla Mohamed,contact@service.org,Books,3486.0,9,31374.0,Refunded
2024-01-22,Huda Mansour,test.a@web.net,Office Supplies,2014.0,5,10070.0,Shipped
2024-01-02,Mona Zaki,admin@tech.io,Home Decor,4128.0,10,41280.0,Completed
2024-04-12,Omar Farouk,m.zaki@mail.com,Groceries,3417.0,6,20502.0,Completed
2024-05-23,Omar Farouk,yomna.dev@email.com,Clothing,2755.0,6,16530.0,Refunded
2024-03-27,Yomna Soror,yomna.dev@email.com,Groceries,2727.0,3,8181.0,Refunded
2024-09-09,Sara Ahmed,user1@mail.com,Books,4927.0,10,49270.0,Pending
2024-09-04,Sara Ahmed,yomna.dev@email.com,Clothing,1799.0,4,7196.0,Refunded
2024-12-15,Omar Farouk,contact@service.org,Office Supplies,2456.0,3,7368.0,Shipped
2024-07-17,Ahmed Ali,yomna.dev@email.com,Home Decor,3826.0,8,30608.0,Refunded
2024-05-16,Ahmed Ali,contact@service.org,Electronics,3556.0,3,10668.0,Completed
2024-09-23,Sara Ahmed,sales@hub.com,Office Supplies,2983.0,6,17898.0,Pending
2024-04-09,Zainab Tarek,user1@mail.com,Clothing,125.0,9,1125.0,Completed
2024-01-06,Marwan Khaled,yomna.dev@email.com,Electronics,1905.0,8,15240.0,Pending
2024-10-06,Omar Farouk,test.a@web.net,Groceries,4443.0,7,31101.0,Cancelled
2024-07-12,Omar Farouk,user1@mail.com,Books,3163.0,3,9489.0,Cancelled
2024-11-18,Huda Mansour,,Clothing,3069.0,1,3069.0,Refunded
2024-10-02,Zainab Tarek,yomna.dev@email.com,Home Decor,668.0,6,4008.0,Shipped
2024-05-10,Ali Hassan,contact@service.org,Electronics,1258.0,3,3774.0,Completed
2024-06-08,Layla Mohamed,contact@service.org,Clothing,456.0,7,3192.0,Completed
2024-01-10,Huda Mansour,info@market.eg,Clothing,3202.0,5,16010.0,Shipped
2024-08-19,Huda Mansour,info@market.eg,Groceries,4978.0,8,39824.0,Pending
2024-02-03,Ahmed Ali,user1@mail.com,Groceries,370.0,9,3330.0,Pending
2024-01-05,Zainab Tarek,contact@service.org,Books,274.0,5,1370.0,Completed
2024-08-13,Mona Zaki,sales@hub.com,Electronics,1443.0,9,12987.0,Completed
2024-04-06,Mona Zaki,m.zaki@mail.com,Office Supplies,1089.0,10,10890.0,Refunded
2024-03-14,Mona Zaki,sales@hub.com,Electronics,3923.0,6,23538.0,Pending
2024-08-19,Layla Mohamed,admin@tech.io,Books,2794.0,8,22352.0,Cancelled
2024-03-01,Ali Hassan,test.a@web.net,Office Supplies,3413.0,10,34130.0,Pending
2024-03-13,Mona Zaki,user1@mail.com,Clothing,1089.0,5,5445.0,Pending
2024-10-08,Layla Mohamed,test.a@web.net,Books,1539.0,5,7695.0,Cancelled
2024-06-17,Ahmed Ali,info@market.eg,Books,2324.0,3,6972.0,Cancelled
2024-08-26,Layla Mohamed,test.a@web.net,Groceries,501.0,6,3006.0,Refunded
2024-07-26,Layla Mohamed,admin@tech.io,Home Decor,1451.0,1,1451.0,Completed
2024-06-23,Sara Ahmed,contact@service.org,Home Decor,2764.0,7,19348.0,Refunded
2024-03-21,Layla Mohamed,info@market.eg,Books,256.0,6,1536.0,Refunded
2024-01-24,Marwan Khaled,info@market.eg,Books,4203.0,1,4203.0,Completed
2024-09-03,Sara Ahmed,sales@hub.com,Electronics,1942.0,5,9710.0,Shipped
2024-11-08,Ahmed Ali,contact@service.org,Groceries,2514.0,1,2514.0,Cancelled
2024-01-20,Omar Farouk,yomna.dev@email.com,Books,2347.0,5,11735.0,Refunded
2024-04-21,Huda Mansour,yomna.dev@email.com,Electronics,1251.0,1,1251.0,Cancelled
2024-04-25,Layla Mohamed,info@market.eg,Electronics,63.0,3,189.0,Completed
2024-01-10,Ali Hassan,user1@mail.com,Clothing,2518.0,9,22662.0,Completed
2024-06-24,Zainab Tarek,m.zaki@mail.com,Electronics,4643.0,2,9286.0,Pending
2024-03-18,Ahmed Ali,yomna.dev@email.com,Home Decor,3152.0,4,12608.0,Pending
2024-11-03,Yomna Soror,test.a@web.net,Groceries,4523.0,2,9046.0,Refunded
2024-03-22,Huda Mansour,test.a@web.net,Clothing,2808.0,9,25272.0,Shipped
2024-12-25,Sara Ahmed,yomna.dev@email.com,Home Decor,3568.0,7,24976.0,Completed
2024-02-20,Omar Farouk,admin@tech.io,Groceries,3193.0,7,22351.0,Cancelled
2024-09-28,Sara Ahmed,info@market.eg,Clothing,2901.0,3,8703.0,Completed
2024-08-28,Yomna Soror,admin@tech.io,Home Decor,471.0,10,4710.0,Refunded
2024-09-19,Yomna Soror,info@market.eg,Clothing,4910.0,3,14730.0,Pending
2024-08-05,Omar Farouk,contact@service.org,Books,2136.0,8,17088.0,Pending
2024-06-10,Yomna Soror,admin@tech.io,Clothing,1446.0,9,13014.0,Shipped
2024-03-07,Sara Ahmed,yomna.dev@email.com,Books,1773.0,10,17730.0,Shipped
2024-11-18,Omar Farouk,info@market.eg,Books,3801.0,9,34209.0,Shipped
2024-05-04,Sara Ahmed,admin@tech.io,Home Decor,4267.0,1,4267.0,Pending
2024-04-09,Mona Zaki,contact@service.org,Clothing,3442.0,2,6884.0,Pending
2024-01-22,Omar Farouk,m.zaki@mail.com,Books,4665.0,4,18660.0,Cancelled
2024-12-21,Omar Farouk,test.a@web.net,Office Supplies,3260.0,1,3260.0,Pending
2024-05-05,Zainab Tarek,sales@hub.com,Home Decor,4298.0,5,21490.0,Pending
2024-04-18,Yomna Soror,info@market.eg,Clothing,3767.0,5,18835.0,Completed
2024-12-22,Omar Farouk,m.zaki@mail.com,Books,4527.0,7,31689.0,Shipped
2024-12-28,Zainab Tarek,sales@hub.com,Books,4003.0,7,28021.0,Completed
2024-05-27,Marwan Khaled,m.zaki@mail.com,Office Supplies,1300.0,1,1300.0,Completed
2024-09-15,Sara Ahmed,yomna.dev@email.com,Books,4091.0,1,4091.0,Pending
2024-02-28,Zainab Tarek,yomna.dev@email.com,Clothing,2644.0,5,13220.0,Refunded
2024-08-06,Yomna Soror,yomna.dev@email.com,Clothing,4911.0,4,19644.0,Shipped
2024-12-09,Sara Ahmed,m.zaki@mail.com,Books,1325.0,7,9275.0,Pending
2024-03-04,Zainab Tarek,user1@mail.com,Books,3476.0,4,13904.0,Shipped
2024-10-05,Ali Hassan,sales@hub.com,Groceries,3747.0,8,29976.0,Pending
2024-10-24,Omar Farouk,yomna.dev@email.com,Books,4356.0,4,17424.0,Cancelled
2024-07-04,Sara Ahmed,user1@mail.com,Clothing,3591.0,2,7182.0,Cancelled
2024-08-04,Marwan Khaled,sales@hub.com,Office Supplies,4357.0,4,17428.0,Completed
2024-07-08,Sara Ahmed,m.zaki@mail.com,Clothing,983.0,4,3932.0,Refunded
2024-08-28,Ali Hassan,info@market.eg,Electronics,4920.0,5,24600.0,Completed
2024-07-03,Mona Zaki,info@market.eg,Clothing,2767.0,9,24903.0,Pending
2024-01-12,Omar Farouk,yomna.dev@email.com,Groceries,4028.0,7,28196.0,Shipped
2024-05-04,Layla Mohamed,contact@service.org,Home Decor,1130.0,2,2260.0,Cancelled
2024-09-23,Ali Hassan,m.zaki@mail.com,Clothing,4768.0,6,28608.0,Refunded
2024-02-23,Huda Mansour,m.zaki@mail.com,Electronics,2373.0,5,11865.0,Refunded
2024-10-08,Ali Hassan,sales@hub.com,Clothing,83.0,6,498.0,Refunded
2024-01-14,Sara Ahmed,sales@hub.com,Electronics,4761.0,8,38088.0,Refunded
2024-09-16,Huda Mansour,sales@hub.com,Home Decor,2371.0,5,11855.0,Completed
2024-12-01,Layla Mohamed,user1@mail.com,Clothing,1173.0,8,9384.0,Refunded
2024-05-05,Zainab Tarek,info@market.eg,Books,3075.0,8,24600.0,Completed
2024-11-26,Yomna Soror,admin@tech.io,Home Decor,4012.0,6,24072.0,Cancelled
2024-02-07,Ali Hassan,info@market.eg,Clothing,903.0,3,2709.0,Pending
2024-11-24,Ali Hassan,user1@mail.com,Books,1975.0,4,7900.0,Cancelled
2024-05-13,Zainab Tarek,sales@hub.com,Electronics,3227.0,7,22589.0,Shipped
2024-03-08,Ahmed Ali,info@market.eg,Groceries,487.0,4,1948.0,Shipped
2024-10-19,Omar Farouk,m.zaki@mail.com,Home Decor,2745.0,7,19215.0,Completed
2024-04-17,Mona Zaki,test.a@web.net,Clothing,692.0,4,2768.0,Pending
2024-03-16,Zainab Tarek,admin@tech.io,Electronics,1349.0,9,12141.0,Pending
2024-12-25,Zainab Tarek,user1@mail.com,Office Supplies,1232.0,8,9856.0,Shipped
2024-04-21,Layla Mohamed,info@market.eg,Office Supplies,968.0,7,6776.0,Completed
2024-06-16,Ahmed Ali,admin@tech.io,Books,4492.0,2,8984.0,Pending
2024-11-11,Ali Hassan,info@market.eg,Clothing,2099.0,2,4198.0,Shipped
2024-05-15,Yomna Soror,sales@hub.com,Office Supplies,4610.0,9,41490.0,Completed
2024-11-25,Zainab Tarek,user1@mail.com,Home Decor,3205.0,2,6410.0,Refunded
2024-03-17,Huda Mansour,m.zaki@mail.com,Office Supplies,451.0,6,2706.0,Refunded
2024-07-07,Sara Ahmed,m.zaki@mail.com,Groceries,2885.0,10,28850.0,Refunded
2024-01-08,Zainab Tarek,admin@tech.io,Books,3544.0,5,17720.0,Shipped
2024-02-28,Zainab Tarek,yomna.dev@email.com,Home Decor,1333.0,5,6665.0,Completed
2024-02-07,Omar Farouk,yomna.dev@email.com,Books,555.0,5,2775.0,Refunded
2024-10-11,Sara Ahmed,info@market.eg,Groceries,1948.0,10,19480.0,Refunded
2024-12-17,Ahmed Ali,user1@mail.com,Books,3385.0,3,10155.0,Shipped
2024-04-02,Yomna Soror,user1@mail.com,Books,3412.0,9,30708.0,Completed
2024-06-11,Mona Zaki,sales@hub.com,Home Decor,943.0,5,4715.0,Pending
2024-12-01,Sara Ahmed,test.a@web.net,Electronics,2846.0,10,28460.0,Completed
2024-12-12,Sara Ahmed,info@market.eg,Home Decor,454.0,1,454.0,Completed
2024-03-08,Mona Zaki,sales@hub.com,Groceries,2781.0,7,19467.0,Pending
2024-02-01,Ahmed Ali,m.zaki@mail.com,Electronics,4165.0,3,12495.0,Completed
2024-01-24,Sara Ahmed,info@market.eg,Groceries,658.0,4,2632.0,Cancelled
2024-01-04,Ali Hassan,info@market.eg,Home Decor,3775.0,6,22650.0,Pending
2024-02-27,Huda Mansour,contact@service.org,Groceries,4850.0,3,14550.0,Refunded
2024-02-06,Layla Mohamed,info@market.eg,Electronics,4557.0,5,22785.0,Shipped
2024-12-09,Layla Mohamed,yomna.dev@email.com,Office Supplies,1149.0,7,8043.0,Refunded
2024-09-28,Ahmed Ali,yomna.dev@email.com,Books,3677.0,3,11031.0,Cancelled
2024-09-24,Ali Hassan,yomna.dev@email.com,Clothing,1964.0,1,1964.0,Shipped
2024-07-04,Yomna Soror,sales@hub.com,Clothing,4762.0,2,9524.0,Cancelled
2024-02-26,Ahmed Ali,user1@mail.com,Electronics,3891.0,5,19455.0,Pending
2024-06-18,Zainab Tarek,info@market.eg,Office Supplies,1153.0,4,4612.0,Completed
2024-06-01,Layla Mohamed,sales@hub.com,Electronics,2455.0,10,24550.0,Shipped
2024-02-03,Sara Ahmed,sales@hub.com,Groceries,1565.0,1,1565.0,Completed
2024-12-07,Ali Hassan,test.a@web.net,Home Decor,1458.0,10,14580.0,Cancelled
2024-09-05,Huda Mansour,user1@mail.com,Clothing,3036.0,10,30360.0,Cancelled
2024-01-17,Ahmed Ali,sales@hub.com,Books,4879.0,4,19516.0,Completed
2024-02-08,Yomna Soror,user1@mail.com,Office Supplies,4117.0,1,4117.0,Pending
2024-01-13,Mona Zaki,m.zaki@mail.com,Home Decor,2968.0,2,5936.0,Shipped
2024-05-19,Yomna Soror,admin@tech.io,Clothing,2401.0,4,9604.0,Shipped
2024-01-02,Layla Mohamed,admin@tech.io,Electronics,623.0,9,5607.0,Shipped
2024-09-16,Omar Farouk,contact@service.org,Office Supplies,1108.0,2,2216.0,Shipped
2024-10-15,Yomna Soror,contact@service.org,Clothing,3568.0,5,17840.0,Pending
2024-12-03,Mona Zaki,user1@mail.com,Office Supplies,1645.0,6,9870.0,Refunded
2024-09-01,Sara Ahmed,m.zaki@mail.com,Home Decor,3338.0,7,23366.0,Cancelled
2024-07-03,Marwan Khaled,info@market.eg,Home Decor,3301.0,7,23107.0,Shipped
2024-02-07,Layla Mohamed,user1@mail.com,Groceries,1187.0,1,1187.0,Cancelled
2024-02-08,Layla Mohamed,yomna.dev@email.com,Office Supplies,2148.0,8,17184.0,Refunded
2024-04-14,Ahmed Ali,user1@mail.com,Groceries,98.0,10,980.0,Pending
2024-09-18,Marwan Khaled,test.a@web.net,Electronics,4395.0,8,35160.0,Pending
2024-06-11,Yomna Soror,sales@hub.com,Clothing,379.0,5,1895.0,Pending
2024-04-28,Yomna Soror,info@market.eg,Clothing,4285.0,4,17140.0,Pending
2024-04-19,Ali Hassan,user1@mail.com,Electronics,3457.0,1,3457.0,Refunded
2024-03-13,Layla Mohamed,sales@hub.com,Office Supplies,1522.0,10,15220.0,Completed
2024-08-20,Mona Zaki,user1@mail.com,Home Decor,3318.0,4,13272.0,Cancelled
2024-04-01,Ahmed Ali,user1@mail.com,Home Decor,1248.0,4,4992.0,Shipped
2024-09-26,Huda Mansour,,Electronics,2447.0,6,14682.0,Shipped
2024-09-15,Sara Ahmed,contact@service.org,Home Decor,3378.0,4,13512.0,Refunded
2024-04-21,Yomna Soror,user1@mail.com,Electronics,3356.0,2,6712.0,Refunded
2024-08-02,Ahmed Ali,contact@service.org,Books,3019.0,10,30190.0,Shipped
2024-02-23,Ali Hassan,m.zaki@mail.com,Office Supplies,155.0,4,620.0,Completed
2024-09-28,Layla Mohamed,contact@service.org,Groceries,2088.0,6,12528.0,Cancelled
2024-04-05,Layla Mohamed,user1@mail.com,Clothing,2291.0,4,9164.0,Pending
2024-10-04,Sara Ahmed,contact@service.org,Office Supplies,4876.0,7,34132.0,Shipped
2024-04-02,Layla Mohamed,test.a@web.net,Clothing,3806.0,2,7612.0,Pending
2024-11-01,Mona Zaki,user1@mail.com,Groceries,2858.0,1,2858.0,Cancelled
2024-01-18,Yomna Soror,contact@service.org,Clothing,3165.0,1,3165.0,Cancelled
2024-05-03,Ali Hassan,user1@mail.com,Office Supplies,4502.0,8,36016.0,Cancelled
2024-10-18,Sara Ahmed,sales@hub.com,Home Decor,1426.0,10,14260.0,Shipped
2024-01-21,Yomna Soror,m.zaki@mail.com,Electronics,1203.0,2,2406.0,Shipped
2024-06-26,Yomna Soror,info@market.eg,Electronics,3397.0,1,3397.0,Completed
2024-07-27,Huda Mansour,user1@mail.com,Electronics,609.0,8,4872.0,Pending
2024-02-11,Ali Hassan,user1@mail.com,Office Supplies,1079.0,6,6474.0,Shipped
2024-08-16,Marwan Khaled,contact@service.org,Clothing,4591.0,2,9182.0,Shipped
2024-07-04,Sara Ahmed,user1@mail.com,Groceries,2050.0,3,6150.0,Cancelled
2024-06-22,Ali Hassan,test.a@web.net,Clothing,1354.0,7,9478.0,Completed
2024-03-06,Omar Farouk,contact@service.org,Groceries,1612.0,7,11284.0,Refunded
2024-08-20,Marwan Khaled,m.zaki@mail.com,Groceries,4522.0,9,40698.0,Cancelled
2024-11-06,Yomna Soror,user1@mail.com,Home Decor,1123.0,3,3369.0,Cancelled
2024-12-01,Ali Hassan,user1@mail.com,Groceries,4003.0,1,4003.0,Completed
2024-01-01,Huda Mansour,contact@service.org,Home Decor,787.0,3,2361.0,Refunded
2024-10-19,Huda Mansour,,Books,1992.0,4,7968.0,Completed
2024-10-20,Ali Hassan,sales@hub.com,Groceries,4480.0,10,44800.0,Refunded
2024-09-25,Yomna Soror,m.zaki@mail.com,Office Supplies,326.0,6,1956.0,Completed
2024-10-09,Ali Hassan,admin@tech.io,Clothing,391.0,10,3910.0,Cancelled
2024-09-28,Layla Mohamed,user1@mail.com,Office Supplies,1857.0,2,3714.0,Cancelled
2024-07-07,Omar Farouk,yomna.dev@email.com,Clothing,2663.0,9,23967.0,Shipped
2024-01-20,Huda Mansour,user1@mail.com,Office Supplies,2065.0,8,16520.0,Completed
2024-02-09,Ahmed Ali,sales@hub.com,Home Decor,4577.0,1,4577.0,Refunded
2024-03-05,Huda Mansour,admin@tech.io,Electronics,4652.0,10,46520.0,Completed
2024-07-09,Ahmed Ali,,Office Supplies,4647.0,4,18588.0,Pending
2024-02-01,Marwan Khaled,m.zaki@mail.com,Office Supplies,4453.0,2,8906.0,Pending
2024-04-28,Sara Ahmed,info@market.eg,Books,1829.0,3,5487.0,Shipped
2024-06-20,Yomna Soror,admin@tech.io,Books,4225.0,8,33800.0,Completed
2024-10-12,Yomna Soror,test.a@web.net,Electronics,4137.0,1,4137.0,Refunded
2024-12-19,Zainab Tarek,user1@mail.com,Clothing,2134.0,1,2134.0,Shipped
2024-09-27,Sara Ahmed,yomna.dev@email.com,Groceries,2066.0,5,10330.0,Shipped
2024-08-18,Sara Ahmed,sales@hub.com,Home Decor,1527.0,6,9162.0,Completed
2024-09-13,Mona Zaki,admin@tech.io,Home Decor,149.0,7,1043.0,Pending
2024-07-14,Ali Hassan,m.zaki@mail.com,Home Decor,2721.0,1,2721.0,Pending
2024-06-28,Zainab Tarek,yomna.dev@email.com,Electronics,4127.0,9,37143.0,Completed
2024-11-16,Ali Hassan,info@market.eg,Groceries,1158.0,9,10422.0,Refunded
2024-10-11,Ahmed Ali,contact@service.org,Home Decor,4414.0,3,13242.0,Refunded
2024-10-07,Marwan Khaled,test.a@web.net,Books,4184.0,6,25104.0,Refunded
2024-02-22,Layla Mohamed,test.a@web.net,Electronics,1420.0,6,8520.0,Completed
2024-01-13,Yomna Soror,test.a@web.net,Books,3056.0,1,3056.0,Shipped
2024-11-22,Marwan Khaled,sales@hub.com,Books,1114.0,3,3342.0,Cancelled
2024-12-11,Yomna Soror,admin@tech.io,Home Decor,4448.0,3,13344.0,Refunded
2024-06-01,Omar Farouk,m.zaki@mail.com,Clothing,89.0,7,623.0,Cancelled
2024-04-04,Yomna Soror,contact@service.org,Clothing,514.0,10,5140.0,Completed
2024-03-21,Layla Mohamed,user1@mail.com,Groceries,610.0,2,1220.0,Pending
2024-06-10,Layla Mohamed,info@market.eg,Books,2022.0,6,12132.0,Shipped
2024-05-12,Huda Mansour,yomna.dev@email.com,Groceries,4969.0,9,44721.0,Shipped
2024-12-21,Mona Zaki,sales@hub.com,Home Decor,3695.0,9,33255.0,Shipped
2024-01-19,Ahmed Ali,contact@service.org,Electronics,1471.0,2,2942.0,Completed
2024-06-02,Huda Mansour,contact@service.org,Books,2229.0,10,22290.0,Pending
2024-04-23,Layla Mohamed,sales@hub.com,Electronics,1285.0,4,5140.0,Shipped
2024-12-03,Mona Zaki,sales@hub.com,Groceries,2634.0,10,26340.0,Pending
2024-08-09,Ali Hassan,yomna.dev@email.com,Clothing,334.0,3,1002.0,Cancelled
2024-12-25,Omar Farouk,info@market.eg,Clothing,2612.0,1,2612.0,Pending
2024-03-17,Mona Zaki,contact@service.org,Electronics,4376.0,9,39384.0,Pending
2024-03-13,Huda Mansour,sales@hub.com,Office Supplies,4681.0,3,14043.0,Completed
2024-11-25,Omar Farouk,admin@tech.io,Groceries,4431.0,5,22155.0,Refunded
2024-04-16,Ali Hassan,admin@tech.io,Home Decor,697.0,2,1394.0,Shipped
2024-04-01,Huda Mansour,info@market.eg,Electronics,2975.0,2,5950.0,Completed
2024-06-11,Ahmed Ali,sales@hub.com,Office Supplies,4704.0,8,37632.0,Completed
2024-02-26,Ali Hassan,yomna.dev@email.com,Books,2514.0,2,5028.0,Completed
2024-04-17,Sara Ahmed,sales@hub.com,Clothing,3696.0,7,25872.0,Pending
2024-06-07,Marwan Khaled,contact@service.org,Books,2627.0,6,15762.0,Pending
2024-09-12,Layla Mohamed,user1@mail.com,Home Decor,3540.0,3,10620.0,Pending
2024-02-27,Ahmed Ali,contact@service.org,Electronics,2739.0,6,16434.0,Pending
2024-06-07,Mona Zaki,m.zaki@mail.com,Electronics,2590.0,3,7770.0,Pending
2024-08-18,Layla Mohamed,user1@mail.com,Electronics,2483.0,7,17381.0,Refunded
2024-04-25,Mona Zaki,yomna.dev@email.com,Clothing,1973.0,7,13811.0,Refunded
2024-10-26,Marwan Khaled,sales@hub.com,Office Supplies,3778.0,6,22668.0,Pending
2024-03-20,Ahmed Ali,admin@tech.io,Home Decor,326.0,4,1304.0,Cancelled
2024-08-13,Ali Hassan,admin@tech.io,Home Decor,1349.0,6,8094.0,Shipped
2024-04-10,Sara Ahmed,sales@hub.com,Office Supplies,2262.0,7,15834.0,Completed
2024-10-25,Mona Zaki,sales@hub.com,Groceries,4869.0,6,29214.0,Completed
2024-02-14,Layla Mohamed,test.a@web.net,Clothing,3563.0,8,28504.0,Shipped
2024-12-07,Zainab Tarek,info@market.eg,Electronics,3705.0,6,22230.0,Completed
2024-12-28,Sara Ahmed,test.a@web.net,Home Decor,2143.0,8,17144.0,Completed
2024-06-07,Ali Hassan,m.zaki@mail.com,Groceries,1851.0,1,1851.0,Completed
2024-03-04,Yomna Soror,admin@tech.io,Groceries,4232.0,8,33856.0,Cancelled
2024-07-07,Layla Mohamed,yomna.dev@email.com,Electronics,4012.0,6,24072.0,Pending
2024-07-23,Marwan Khaled,yomna.dev@email.com,Clothing,4889.0,2,9778.0,Shipped
2024-08-24,Layla Mohamed,info@market.eg,Office Supplies,203.0,9,1827.0,Completed
2024-04-10,Layla Mohamed,sales@hub.com,Clothing,4791.0,5,23955.0,Refunded
2024-05-20,Huda Mansour,user1@mail.com,Clothing,4828.0,1,4828.0,Refunded
2024-01-13,Huda Mansour,contact@service.org,Clothing,386.0,2,772.0,Refunded
2024-04-21,Ahmed Ali,sales@hub.com,Office Supplies,3782.0,5,18910.0,Pending
2024-12-03,Yomna Soror,user1@mail.com,Home Decor,1310.0,10,13100.0,Refunded
2024-12-27,Yomna Soror,admin@tech.io,Books,2012.0,10,20120.0,Pending
2024-09-03,Ahmed Ali,m.zaki@mail.com,Home Decor,4856.0,6,29136.0,Shipped
2024-08-26,Layla Mohamed,yomna.dev@email.com,Electronics,4739.0,2,9478.0,Completed
2024-10-20,Zainab Tarek,user1@mail.com,Home Decor,3179.0,7,22253.0,Cancelled
2024-02-07,Huda Mansour,test.a@web.net,Office Supplies,4929.0,4,19716.0,Refunded
2024-01-16,Marwan Khaled,info@market.eg,Electronics,2514.0,7,17598.0,Shipped
2024-10-03,Layla Mohamed,info@market.eg,Books,3792.0,9,34128.0,Cancelled
2024-12-27,Omar Farouk,sales@hub.com,Clothing,917.0,9,8253.0,Pending
2024-07-07,Ahmed Ali,yomna.dev@email.com,Books,4618.0,6,27708.0,Cancelled
2024-08-03,Zainab Tarek,info@market.eg,Books,3631.0,6,21786.0,Refunded
2024-02-05,Yomna Soror,contact@service.org,Clothing,1005.0,8,8040.0,Shipped
2024-12-22,Ahmed Ali,contact@service.org,Office Supplies,1794.0,1,1794.0,Pending
2024-06-06,Omar Farouk,info@market.eg,Office Supplies,1282.0,6,7692.0,Pending
2024-08-22,Zainab Tarek,admin@tech.io,Books,825.0,6,4950.0,Cancelled
2024-08-26,Ali Hassan,m.zaki@mail.com,Books,1827.0,6,10962.0,Shipped
2024-12-16,Sara Ahmed,,Clothing,1754.0,8,14032.0,Completed
2024-12-03,Sara Ahmed,m.zaki@mail.com,Office Supplies,4910.0,3,14730.0,Completed
2024-01-07,Ahmed Ali,contact@service.org,Home Decor,3209.0,2,6418.0,Shipped
2024-10-10,Marwan Khaled,user1@mail.com,Electronics,2834.0,8,22672.0,Shipped
2024-10-01,Ahmed Ali,admin@tech.io,Office Supplies,4153.0,10,41530.0,Pending
2024-01-22,Zainab Tarek,admin@tech.io,Books,4386.0,8,35088.0,Pending
2024-06-14,Omar Farouk,info@market.eg,Clothing,388.0,9,3492.0,Refunded
2024-03-02,Mona Zaki,m.zaki@mail.com,Home Decor,3088.0,6,18528.0,Shipped
2024-04-14,Ali Hassan,m.zaki@mail.com,Electronics,2514.0,2,5028.0,Pending
2024-12-15,Sara Ahmed,sales@hub.com,Office Supplies,971.0,4,3884.0,Pending
2024-09-28,Marwan Khaled,contact@service.org,Groceries,140.0,10,1400.0,Completed
2024-07-27,Sara Ahmed,sales@hub.com,Office Supplies,2847.0,10,28470.0,Shipped
2024-05-01,Ahmed Ali,contact@service.org,Home Decor,2929.0,9,26361.0,Completed
2024-12-27,Yomna Soror,contact@service.org,Home Decor,671.0,8,5368.0,Shipped
2024-06-08,Marwan Khaled,yomna.dev@email.com,Clothing,3283.0,6,19698.0,Cancelled
2024-08-25,Marwan Khaled,user1@mail.com,Home Decor,4869.0,8,38952.0,Pending
2024-08-28,Marwan Khaled,contact@service.org,Electronics,3274.0,6,19644.0,Pending
2024-11-17,Mona Zaki,,Groceries,2235.0,5,11175.0,Refunded
2024-08-24,Mona Zaki,test.a@web.net,Groceries,4250.0,8,34000.0,Cancelled
2024-11-24,Ahmed Ali,info@market.eg,Electronics,301.0,9,2709.0,Shipped
2024-10-26,Ahmed Ali,m.zaki@mail.com,Groceries,3946.0,4,15784.0,Completed
2024-11-09,Ahmed Ali,contact@service.org,Home Decor,646.0,8,5168.0,Completed
2024-04-07,Ali Hassan,m.zaki@mail.com,Groceries,4430.0,3,13290.0,Refunded
2024-11-14,Yomna Soror,test.a@web.net,Groceries,121.0,10,1210.0,Shipped
2024-06-04,Sara Ahmed,test.a@web.net,Books,4440.0,2,8880.0,Refunded
2024-09-05,Huda Mansour,admin@tech.io,Electronics,4058.0,1,4058.0,Shipped
2024-02-08,Marwan Khaled,user1@mail.com,Books,2676.0,3,8028.0,Shipped
2024-12-27,Huda Mansour,info@market.eg,Clothing,2316.0,6,13896.0,Refunded
2024-04-24,Yomna Soror,test.a@web.net,Office Supplies,2743.0,8,21944.0,Refunded
2024-10-14,Yomna Soror,sales@hub.com,Electronics,105.0,9,945.0,Shipped
2024-03-03,Huda Mansour,test.a@web.net,Groceries,4479.0,5,22395.0,Cancelled
2024-06-21,Omar Farouk,sales@hub.com,Office Supplies,4604.0,5,23020.0,Shipped
2024-12-24,Omar Farouk,yomna.dev@email.com,Books,578.0,5,2890.0,Cancelled
2024-07-13,Omar Farouk,admin@tech.io,Clothing,244.0,8,1952.0,Pending
2024-11-23,Huda Mansour,user1@mail.com,Books,3999.0,9,35991.0,Shipped
2024-03-04,Huda Mansour,test.a@web.net,Clothing,768.0,3,2304.0,Shipped
2024-06-08,Ali Hassan,test.a@web.net,Books,1169.0,6,7014.0,Pending
2024-12-14,Omar Farouk,admin@tech.io,Electronics,2239.0,2,4478.0,Pending
2024-06-02,Yomna Soror,admin@tech.io,Groceries,1076.0,7,7532.0,Pending
2024-07-07,Sara Ahmed,user1@mail.com,Home Decor,4071.0,2,8142.0,Pending
2024-03-14,Marwan Khaled,,Electronics,2514.0,2,5028.0,Pending
2024-12-20,Yomna Soror,contact@service.org,Home Decor,3090.0,4,12360.0,Cancelled
2024-10-17,Layla Mohamed,admin@tech.io,Home Decor,3194.0,8,25552.0,Shipped
2024-01-12,Ahmed Ali,test.a@web.net,Books,3206.0,9,28854.0,Cancelled
2024-02-21,Sara Ahmed,m.zaki@mail.com,Home Decor,4147.0,1,4147.0,Refunded
2024-07-06,Huda Mansour,test.a@web.net,Home Decor,839.0,4,3356.0,Pending
2024-06-16,Mona Zaki,contact@service.org,Office Supplies,3159.0,2,6318.0,Refunded
2024-04-17,Ahmed Ali,contact@service.org,Office Supplies,4302.0,2,8604.0,Completed
2024-04-03,Ahmed Ali,user1@mail.com,Electronics,384.0,1,384.0,Shipped
2024-10-21,Omar Farouk,yomna.dev@email.com,Home Decor,2077.0,5,10385.0,Cancelled
2024-02-15,Mona Zaki,user1@mail.com,Groceries,4589.0,9,41301.0,Pending
2024-01-25,Layla Mohamed,user1@mail.com,Home Decor,2162.0,8,17296.0,Shipped
2024-12-06,Yomna Soror,user1@mail.com,Groceries,768.0,2,1536.0,Pending
2024-11-09,Layla Mohamed,user1@mail.com,Books,1130.0,3,3390.0,Completed
2024-12-14,Mona Zaki,user1@mail.com,Office Supplies,3133.0,7,21931.0,Pending
2024-07-04,Sara Ahmed,m.zaki@mail.com,Electronics,3114.0,5,15570.0,Cancelled
2024-07-13,Yomna Soror,user1@mail.com,Electronics,2791.0,1,2791.0,Completed
2024-04-05,Marwan Khaled,yomna.dev@email.com,Clothing,2514.0,3,7542.0,Shipped
2024-05-24,Mona Zaki,test.a@web.net,Office Supplies,3806.0,6,22836.0,Completed
2024-05-02,Ali Hassan,test.a@web.net,Electronics,2503.0,4,10012.0,Pending
2024-05-22,Layla Mohamed,admin@tech.io,Groceries,2662.0,5,13310.0,Shipped
2024-12-27,Zainab Tarek,info@market.eg,Office Supplies,1433.0,7,10031.0,Completed
2024-11-18,Huda Mansour,test.a@web.net,Electronics,1300.0,3,3900.0,Completed
2024-12-22,Huda Mansour,admin@tech.io,Books,119.0,4,476.0,Pending
2024-10-28,Layla Mohamed,test.a@web.net,Groceries,4422.0,3,13266.0,Completed
2024-07-08,Omar Farouk,test.a@web.net,Books,3901.0,5,19505.0,Pending
2024-08-21,Layla Mohamed,user1@mail.com,Clothing,944.0,6,5664.0,Refunded
2024-02-08,Ali Hassan,info@market.eg,Home Decor,4194.0,1,4194.0,Shipped
2024-04-02,Yomna Soror,info@market.eg,Electronics,2316.0,8,18528.0,Completed
2024-02-07,Omar Farouk,m.zaki@mail.com,Clothing,2578.0,10,25780.0,Pending
2024-03-02,Yomna Soror,m.zaki@mail.com,Electronics,1512.0,10,15120.0,Completed
2024-04-12,Mona Zaki,user1@mail.com,Electronics,4131.0,1,4131.0,Refunded
2024-05-27,Sara Ahmed,user1@mail.com,Books,2009.0,1,2009.0,Cancelled
2024-09-21,Ahmed Ali,admin@tech.io,Books,4583.0,2,9166.0,Cancelled
2024-05-06,Ali Hassan,user1@mail.com,Clothing,4402.0,7,30814.0,Cancelled
2024-05-15,Ahmed Ali,info@market.eg,Office Supplies,4854.0,2,9708.0,Completed
2024-10-04,Omar Farouk,test.a@web.net,Clothing,1606.0,9,14454.0,Cancelled
2024-10-10,Mona Zaki,user1@mail.com,Groceries,2928.0,5,14640.0,Cancelled
2024-04-10,Marwan Khaled,info@market.eg,Clothing,4664.0,2,9328.0,Shipped
2024-01-01,Ahmed Ali,sales@hub.com,Books,2251.0,7,15757.0,Cancelled
2024-08-21,Omar Farouk,info@market.eg,Office Supplies,2670.0,2,5340.0,Refunded
2024-02-10,Ali Hassan,sales@hub.com,Home Decor,1536.0,9,13824.0,Completed
2024-11-20,Marwan Khaled,admin@tech.io,Office Supplies,3221.0,4,12884.0,Refunded
2024-03-19,Zainab Tarek,contact@service.org,Groceries,756.0,4,3024.0,Shipped
2024-10-01,Zainab Tarek,sales@hub.com,Books,2739.0,8,21912.0,Pending
2024-04-23,Marwan Khaled,test.a@web.net,Office Supplies,3083.0,10,30830.0,Completed
2024-01-27,Marwan Khaled,info@market.eg,Books,999.0,7,6993.0,Shipped
2024-12-05,Marwan Khaled,info@market.eg,Clothing,2261.0,8,18088.0,Refunded
2024-04-11,Sara Ahmed,user1@mail.com,Groceries,1606.0,7,11242.0,Cancelled
2024-11-15,Zainab Tarek,yomna.dev@email.com,Electronics,2514.0,1,2514.0,Shipped
2024-08-28,Yomna Soror,admin@tech.io,Electronics,4208.0,6,25248.0,Pending
2024-01-27,Ahmed Ali,sales@hub.com,Office Supplies,981.0,7,6867.0,Refunded
2024-03-24,Zainab Tarek,user1@mail.com,Clothing,71.0,6,426.0,Cancelled
2024-01-26,Yomna Soror,yomna.dev@email.com,Home Decor,3738.0,9,33642.0,Completed
2024-03-24,Ali Hassan,yomna.dev@email.com,Books,552.0,1,552.0,Cancelled
2024-03-23,Omar Farouk,contact@service.org,Books,2597.0,3,7791.0,Completed
2024-11-24,Ahmed Ali,sales@hub.com,Office Supplies,4300.0,6,25800.0,Pending
2024-09-03,Huda Mansour,info@market.eg,Books,2140.0,5,10700.0,Pending
2024-09-03,Ali Hassan,sales@hub.com,Books,1321.0,3,3963.0,Cancelled
2024-01-14,Huda Mansour,yomna.dev@email.com,Electronics,867.0,1,867.0,Completed
2024-12-10,Huda Mansour,sales@hub.com,Groceries,2549.0,8,20392.0,Completed
2024-12-11,Layla Mohamed,admin@tech.io,Home Decor,4386.0,6,26316.0,Pending
2024-04-09,Zainab Tarek,test.a@web.net,Books,1045.0,4,4180.0,Pending
2024-08-26,Layla Mohamed,m.zaki@mail.com,Books,1687.0,2,3374.0,Completed
2024-10-25,Yomna Soror,sales@hub.com,Groceries,1325.0,4,5300.0,Refunded
2024-03-20,Ahmed Ali,m.zaki@mail.com,Groceries,4211.0,5,21055.0,Pending
2024-02-13,Yomna Soror,sales@hub.com,Books,2097.0,6,12582.0,Shipped
2024-11-17,Marwan Khaled,test.a@web.net,Electronics,372.0,1,372.0,Shipped
2024-05-22,Zainab Tarek,sales@hub.com,Office Supplies,2547.0,9,22923.0,Pending
2024-09-06,Omar Farouk,admin@tech.io,Clothing,875.0,6,5250.0,Cancelled
2024-11-22,Layla Mohamed,admin@tech.io,Home Decor,4624.0,1,4624.0,Cancelled
2024-09-15,Huda Mansour,info@market.eg,Home Decor,2225.0,7,15575.0,Completed
2024-12-14,Zainab Tarek,contact@service.org,Groceries,2926.0,6,17556.0,Pending
2024-08-20,Mona Zaki,m.zaki@mail.com,Home Decor,4789.0,1,4789.0,Completed
2024-01-15,Huda Mansour,sales@hub.com,Books,1113.0,6,6678.0,Cancelled
2024-03-04,Ahmed Ali,m.zaki@mail.com,Office Supplies,3815.0,10,38150.0,Cancelled
2024-09-28,Sara Ahmed,admin@tech.io,Clothing,1358.0,1,1358.0,Pending
2024-05-19,Layla Mohamed,yomna.dev@email.com,Clothing,3222.0,6,19332.0,Shipped
2024-12-23,Marwan Khaled,admin@tech.io,Books,2376.0,8,19008.0,Completed
2024-09-17,Sara Ahmed,yomna.dev@email.com,Books,4720.0,5,23600.0,Pending
2024-06-04,Huda Mansour,yomna.dev@email.com,Electronics,1092.0,4,4368.0,Pending
2024-05-08,Omar Farouk,sales@hub.com,Groceries,1706.0,4,6824.0,Pending
2024-09-04,Huda Mansour,yomna.dev@email.com,Groceries,4731.0,6,28386.0,Pending
2024-04-21,Zainab Tarek,contact@service.org,Clothing,1535.0,4,6140.0,Refunded
2024-07-18,Omar Farouk,sales@hub.com,Electronics,2125.0,4,8500.0,Refunded
2024-10-13,Omar Farouk,contact@service.org,Electronics,1035.0,7,7245.0,Refunded
2024-03-05,Marwan Khaled,user1@mail.com,Home Decor,248.0,10,2480.0,Completed
2024-07-23,Marwan Khaled,yomna.dev@email.com,Electronics,650.0,5,3250.0,Shipped
2024-12-19,Ali Hassan,m.zaki@mail.com,Electronics,1138.0,9,10242.0,Shipped
2024-02-09,Ali Hassan,yomna.dev@email.com,Home Decor,1500.0,6,9000.0,Pending
2024-09-22,Mona Zaki,yomna.dev@email.com,Home Decor,3432.0,10,34320.0,Pending
2024-07-21,Marwan Khaled,user1@mail.com,Home Decor,766.0,6,4596.0,Completed
2024-05-08,Omar Farouk,m.zaki@mail.com,Electronics,125.0,4,500.0,Pending
2024-03-18,Ali Hassan,info@market.eg,Electronics,1008.0,5,5040.0,Pending
2024-11-24,Sara Ahmed,info@market.eg,Clothing,2804.0,8,22432.0,Completed
2024-11-10,Omar Farouk,contact@service.org,Clothing,237.0,3,711.0,Cancelled
2024-12-25,Sara Ahmed,m.zaki@mail.com,Clothing,804.0,5,4020.0,Cancelled
2024-05-02,Huda Mansour,test.a@web.net,Home Decor,495.0,2,990.0,Cancelled
2024-10-21,Mona Zaki,admin@tech.io,Home Decor,3333.0,6,19998.0,Refunded
2024-06-22,Ali Hassan,contact@service.org,Office Supplies,1981.0,9,17829.0,Cancelled
2024-08-16,Ahmed Ali,test.a@web.net,Books,3415.0,5,17075.0,Cancelled
2024-11-24,Mona Zaki,yomna.dev@email.com,Office Supplies,3448.0,5,17240.0,Shipped
2024-02-17,Ali Hassan,yomna.dev@email.com,Books,3269.0,8,26152.0,Cancelled
2024-07-08,Layla Mohamed,contact@service.org,Electronics,1018.0,2,2036.0,Cancelled
2024-05-26,Marwan Khaled,yomna.dev@email.com,Office Supplies,3685.0,1,3685.0,Completed
2024-12-18,Omar Farouk,user1@mail.com,Home Decor,1881.0,3,5643.0,Completed
2024-04-19,Huda Mansour,user1@mail.com,Electronics,701.0,9,6309.0,Pending
2024-10-11,Huda Mansour,user1@mail.com,Clothing,2574.0,7,18018.0,Cancelled
2024-02-14,Ahmed Ali,m.zaki@mail.com,Clothing,1536.0,7,10752.0,Completed
2024-02-09,Huda Mansour,info@market.eg,Groceries,3953.0,2,7906.0,Refunded
2024-07-04,Ali Hassan,yomna.dev@email.com,Home Decor,347.0,2,694.0,Completed
2024-07-13,Ali Hassan,yomna.dev@email.com,Office Supplies,2053.0,10,20530.0,Shipped
2024-06-17,Mona Zaki,m.zaki@mail.com,Home Decor,2943.0,4,11772.0,Completed
2024-07-22,Layla Mohamed,contact@service.org,Electronics,4814.0,2,9628.0,Shipped
2024-04-13,Yomna Soror,yomna.dev@email.com,Groceries,347.0,3,1041.0,Cancelled
2024-08-15,Layla Mohamed,m.zaki@mail.com,Books,2474.0,7,17318.0,Shipped
2024-06-01,Huda Mansour,info@market.eg,Books,1307.0,3,3921.0,Pending
2024-03-05,Layla Mohamed,info@market.eg,Books,1861.0,9,16749.0,Refunded
2024-10-22,Huda Mansour,m.zaki@mail.com,Groceries,2538.0,2,5076.0,Refunded
2024-12-27,Sara Ahmed,user1@mail.com,Clothing,926.0,8,7408.0,Pending
2024-03-17,Ali Hassan,contact@service.org,Clothing,3731.0,1,3731.0,Shipped
2024-11-17,Layla Mohamed,m.zaki@mail.com,Books,1912.0,5,9560.0,Shipped
2024-12-22,Mona Zaki,contact@service.org,Clothing,1696.0,8,13568.0,Shipped
2024-03-09,Sara Ahmed,admin@tech.io,Groceries,2205.0,8,17640.0,Pending
2024-04-19,Ahmed Ali,admin@tech.io,Clothing,1885.0,3,5655.0,Pending
2024-05-08,Mona Zaki,sales@hub.com,Books,3882.0,10,38820.0,Shipped
2024-09-15,Omar Farouk,sales@hub.com,Home Decor,3703.0,4,14812.0,Shipped
2024-06-07,Yomna Soror,info@market.eg,Electronics,2850.0,7,19950.0,Pending
2024-05-18,Marwan Khaled,m.zaki@mail.com,Office Supplies,1020.0,6,6120.0,Pending
2024-12-19,Sara Ahmed,admin@tech.io,Clothing,3249.0,8,25992.0,Pending
2024-01-09,Huda Mansour,contact@service.org,Groceries,2801.0,5,14005.0,Completed
2024-12-14,Huda Mansour,yomna.dev@email.com,Home Decor,1394.0,8,11152.0,Completed
2024-11-05,Ahmed Ali,user1@mail.com,Electronics,1167.0,4,4668.0,Pending
2024-11-18,Marwan Khaled,m.zaki@mail.com,Groceries,3241.0,8,25928.0,Refunded
2024-11-09,Sara Ahmed,user1@mail.com,Home Decor,1989.0,1,1989.0,Shipped
2024-05-18,Marwan Khaled,info@market.eg,Office Supplies,4772.0,8,38176.0,Pending
2024-05-13,Mona Zaki,yomna.dev@email.com,Books,669.0,7,4683.0,Shipped
2024-10-10,Mona Zaki,admin@tech.io,Clothing,1050.0,1,1050.0,Pending
2024-11-11,Yomna Soror,yomna.dev@email.com,Office Supplies,1908.0,2,3816.0,Shipped
2024-12-21,Sara Ahmed,test.a@web.net,Groceries,3145.0,6,18870.0,Completed
2024-07-27,Marwan Khaled,contact@service.org,Books,1462.0,2,2924.0,Shipped
2024-06-05,Omar Farouk,info@market.eg,Office Supplies,1510.0,5,7550.0,Shipped
2024-01-01,Ahmed Ali,user1@mail.com,Clothing,2843.0,2,5686.0,Pending
2024-10-26,Zainab Tarek,user1@mail.com,Books,2816.0,10,28160.0,Shipped
2024-09-07,Sara Ahmed,yomna.dev@email.com,Books,328.0,10,3280.0,Cancelled
2024-01-13,Layla Mohamed,sales@hub.com,Books,949.0,5,4745.0,Shipped
2024-11-25,Zainab Tarek,user1@mail.com,Office Supplies,4157.0,4,16628.0,Completed
2024-02-22,Omar Farouk,info@market.eg,Books,3614.0,2,7228.0,Completed
2024-11-01,Layla Mohamed,yomna.dev@email.com,Office Supplies,888.0,4,3552.0,Completed
2024-03-07,Omar Farouk,m.zaki@mail.com,Clothing,2421.0,6,14526.0,Cancelled
2024-07-02,Layla Mohamed,user1@mail.com,Electronics,1653.0,9,14877.0,Pending
2024-09-19,Ali Hassan,admin@tech.io,Clothing,947.0,9,8523.0,Shipped
2024-11-12,Sara Ahmed,test.a@web.net,Clothing,2358.0,3,7074.0,Pending
2024-02-04,Ahmed Ali,yomna.dev@email.com,Home Decor,3815.0,4,15260.0,Refunded
2024-05-09,Sara Ahmed,admin@tech.io,Home Decor,1600.0,2,3200.0,Refunded
2024-12-13,Mona Zaki,admin@tech.io,Home Decor,1278.0,2,2556.0,Shipped
2024-11-06,Ali Hassan,m.zaki@mail.com,Office Supplies,4738.0,2,9476.0,Completed
2024-08-04,Huda Mansour,test.a@web.net,Groceries,4425.0,3,13275.0,Completed
2024-01-25,Omar Farouk,sales@hub.com,Electronics,2854.0,4,11416.0,Shipped
2024-04-03,Omar Farouk,yomna.dev@email.com,Office Supplies,3221.0,6,19326.0,Completed
2024-04-20,Sara Ahmed,user1@mail.com,Groceries,1050.0,3,3150.0,Completed
2024-12-04,Layla Mohamed,test.a@web.net,Groceries,1071.0,2,2142.0,Completed
2024-04-26,Layla Mohamed,sales@hub.com,Office Supplies,4989.0,9,44901.0,Completed
2024-08-15,Zainab Tarek,admin@tech.io,Office Supplies,3107.0,8,24856.0,Refunded
2024-01-07,Zainab Tarek,user1@mail.com,Groceries,3014.0,3,9042.0,Cancelled
2024-11-17,Ali Hassan,user1@mail.com,Electronics,2157.0,5,10785.0,Cancelled
2024-11-19,Sara Ahmed,admin@tech.io,Home Decor,3813.0,3,11439.0,Pending
2024-04-19,Mona Zaki,m.zaki@mail.com,Electronics,2059.0,4,8236.0,Pending
2024-10-01,Zainab Tarek,test.a@web.net,Groceries,3506.0,8,28048.0,Cancelled
2024-10-18,Marwan Khaled,yomna.dev@email.com,Home Decor,2094.0,1,2094.0,Completed
2024-01-07,Ali Hassan,contact@service.org,Clothing,1036.0,4,4144.0,Refunded
2024-12-21,Mona Zaki,contact@service.org,Electronics,4931.0,6,29586.0,Pending
2024-10-08,Ahmed Ali,info@market.eg,Electronics,2159.0,8,17272.0,Refunded
2024-11-23,Ali Hassan,test.a@web.net,Books,1728.0,8,13824.0,Cancelled
2024-03-27,Layla Mohamed,sales@hub.com,Books,1465.0,2,2930.0,Refunded
2024-05-10,Yomna Soror,test.a@web.net,Groceries,1163.0,9,10467.0,Cancelled
2024-02-15,Layla Mohamed,m.zaki@mail.com,Clothing,237.0,8,1896.0,Shipped
2024-04-18,Ali Hassan,test.a@web.net,Groceries,503.0,2,1006.0,Shipped
2024-07-23,Sara Ahmed,info@market.eg,Groceries,328.0,3,984.0,Cancelled
2024-03-12,Yomna Soror,test.a@web.net,Groceries,4998.0,4,19992.0,Cancelled
2024-06-06,Zainab Tarek,m.zaki@mail.com,Office Supplies,1379.0,9,12411.0,Refunded
2024-04-24,Omar Farouk,user1@mail.com,Office Supplies,1982.0,4,7928.0,Cancelled
2024-02-22,Layla Mohamed,m.zaki@mail.com,Electronics,4895.0,8,39160.0,Pending
2024-11-12,Sara Ahmed,sales@hub.com,Groceries,3581.0,4,14324.0,Cancelled
2024-06-05,Marwan Khaled,yomna.dev@email.com,Books,4940.0,9,44460.0,Shipped
2024-06-13,Yomna Soror,sales@hub.com,Electronics,2139.0,8,17112.0,Completed
2024-11-19,Layla Mohamed,m.zaki@mail.com,Clothing,1994.0,8,15952.0,Refunded
2024-12-20,Marwan Khaled,test.a@web.net,Books,2447.0,5,12235.0,Refunded
2024-05-11,Ahmed Ali,info@market.eg,Office Supplies,3987.0,10,39870.0,Shipped
2024-02-24,Ali Hassan,yomna.dev@email.com,Books,1195.0,4,4780.0,Pending
2024-09-22,Layla Mohamed,contact@service.org,Electronics,3851.0,8,30808.0,Pending
2024-11-01,Mona Zaki,admin@tech.io,Home Decor,3185.0,7,22295.0,Refunded
2024-11-02,Yomna Soror,admin@tech.io,Home Decor,554.0,9,4986.0,Completed
2024-10-22,Ahmed Ali,user1@mail.com,Clothing,3899.0,2,7798.0,Cancelled
2024-11-03,Ahmed Ali,contact@service.org,Office Supplies,493.0,10,4930.0,Shipped
2024-01-15,Layla Mohamed,info@market.eg,Office Supplies,261.0,7,1827.0,Pending
2024-07-17,Yomna Soror,sales@hub.com,Clothing,1472.0,10,14720.0,Pending
2024-11-01,Ahmed Ali,contact@service.org,Groceries,3641.0,6,21846.0,Cancelled
2024-09-16,Huda Mansour,info@market.eg,Office Supplies,326.0,10,3260.0,Cancelled
2024-02-28,Ali Hassan,admin@tech.io,Groceries,4584.0,7,32088.0,Refunded
2024-03-04,Zainab Tarek,info@market.eg,Office Supplies,2278.0,4,9112.0,Shipped
2024-07-03,Ahmed Ali,contact@service.org,Groceries,2465.0,9,22185.0,Shipped
2024-05-27,Layla Mohamed,info@market.eg,Electronics,2585.0,10,25850.0,Cancelled
2024-06-16,Marwan Khaled,user1@mail.com,Home Decor,2568.0,3,7704.0,Completed
2024-01-05,Huda Mansour,yomna.dev@email.com,Clothing,2645.0,8,21160.0,Pending
2024-06-14,Ahmed Ali,m.zaki@mail.com,Books,227.0,7,1589.0,Refunded
2024-07-19,Yomna Soror,yomna.dev@email.com,Home Decor,2624.0,5,13120.0,Completed
2024-01-07,Layla Mohamed,user1@mail.com,Clothing,3219.0,9,28971.0,Refunded
2024-07-11,Omar Farouk,admin@tech.io,Books,4020.0,5,20100.0,Cancelled
2024-11-07,Layla Mohamed,sales@hub.com,Office Supplies,1377.0,5,6885.0,Shipped
2024-07-23,Zainab Tarek,user1@mail.com,Groceries,4019.0,8,32152.0,Shipped
2024-10-26,Huda Mansour,m.zaki@mail.com,Office Supplies,2741.0,9,24669.0,Completed
2024-10-15,Marwan Khaled,sales@hub.com,Groceries,705.0,9,6345.0,Cancelled
2024-04-11,Zainab Tarek,m.zaki@mail.com,Office Supplies,4041.0,7,28287.0,Completed
2024-06-08,Yomna Soror,test.a@web.net,Office Supplies,265.0,4,1060.0,Pending
2024-09-05,Yomna Soror,user1@mail.com,Books,4415.0,7,30905.0,Completed
2024-03-16,Ali Hassan,info@market.eg,Books,3277.0,7,22939.0,Cancelled
2024-04-05,Layla Mohamed,contact@service.org,Electronics,4484.0,10,44840.0,Refunded
2024-08-27,Ali Hassan,user1@mail.com,Home Decor,1098.0,6,6588.0,Refunded
2024-12-27,Zainab Tarek,contact@service.org,Home Decor,1239.0,7,8673.0,Refunded
2024-06-18,Yomna Soror,sales@hub.com,Clothing,4962.0,10,49620.0,Completed
2024-12-13,Mona Zaki,admin@tech.io,Groceries,1089.0,5,5445.0,Refunded
2024-07-04,Zainab Tarek,user1@mail.com,Office Supplies,1738.0,10,17380.0,Refunded
2024-02-25,Ali Hassan,info@market.eg,Groceries,4530.0,1,4530.0,Pending
2024-10-14,Yomna Soror,contact@service.org,Books,3264.0,10,32640.0,Completed
2024-09-09,Huda Mansour,test.a@web.net,Books,918.0,10,9180.0,Shipped
2024-11-18,Marwan Khaled,test.a@web.net,Books,3174.0,8,25392.0,Refunded
2024-10-22,Huda Mansour,sales@hub.com,Office Supplies,832.0,5,4160.0,Cancelled
2024-04-23,Layla Mohamed,user1@mail.com,Clothing,4285.0,3,12855.0,Cancelled
2024-04-11,Omar Farouk,m.zaki@mail.com,Books,3318.0,8,26544.0,Refunded
2024-03-12,Omar Farouk,test.a@web.net,Clothing,1548.0,10,15480.0,Pending
2024-12-10,Huda Mansour,test.a@web.net,Books,4115.0,1,4115.0,Pending
2024-10-09,Omar Farouk,user1@mail.com,Books,3725.0,9,33525.0,Pending
2024-05-23,Layla Mohamed,contact@service.org,Home Decor,140.0,1,140.0,Cancelled
2024-06-01,Sara Ahmed,test.a@web.net,Office Supplies,2152.0,4,8608.0,Cancelled
2024-08-09,Ali Hassan,m.zaki@mail.com,Home Decor,457.0,7,3199.0,Completed
2024-03-01,Huda Mansour,,Office Supplies,3749.0,1,3749.0,Pending
2024-09-12,Huda Mansour,info@market.eg,Groceries,728.0,5,3640.0,Pending
2024-09-09,Ali Hassan,info@market.eg,Office Supplies,157.0,8,1256.0,Completed
2024-10-15,Mona Zaki,sales@hub.com,Groceries,1851.0,1,1851.0,Completed
2024-02-15,Marwan Khaled,info@market.eg,Books,1493.0,1,1493.0,Cancelled
2024-03-03,Yomna Soror,info@market.eg,Electronics,3943.0,8,31544.0,Completed
2024-09-18,Huda Mansour,yomna.dev@email.com,Office Supplies,3477.0,3,10431.0,Shipped
2024-07-23,Omar Farouk,test.a@web.net,Electronics,4216.0,4,16864.0,Pending
2024-08-26,Zainab Tarek,admin@tech.io,Groceries,3869.0,7,27083.0,Completed
2024-06-10,Sara Ahmed,sales@hub.com,Books,2426.0,9,21834.0,Pending
2024-08-15,Ahmed Ali,m.zaki@mail.com,Groceries,1399.0,10,13990.0,Shipped
2024-03-18,Huda Mansour,sales@hub.com,Office Supplies,4896.0,6,29376.0,Shipped
2024-02-05,Omar Farouk,test.a@web.net,Books,3191.0,9,28719.0,Shipped
2024-05-05,Zainab Tarek,admin@tech.io,Home Decor,3647.0,2,7294.0,Refunded
2024-11-08,Sara Ahmed,m.zaki@mail.com,Books,1945.0,3,5835.0,Shipped
2024-08-20,Mona Zaki,contact@service.org,Electronics,237.0,3,711.0,Cancelled
2024-03-04,Zainab Tarek,yomna.dev@email.com,Books,1252.0,10,12520.0,Shipped
2024-05-22,Zainab Tarek,contact@service.org,Groceries,2940.0,1,2940.0,Pending
2024-01-26,Layla Mohamed,,Books,4822.0,1,4822.0,Completed
2024-06-11,Zainab Tarek,admin@tech.io,Electronics,1785.0,2,3570.0,Refunded
2024-12-01,Marwan Khaled,yomna.dev@email.com,Books,3143.0,1,3143.0,Completed
2024-12-16,Marwan Khaled,sales@hub.com,Electronics,4378.0,4,17512.0,Cancelled
2024-11-18,Zainab Tarek,user1@mail.com,Groceries,2517.0,9,22653.0,Shipped
2024-02-03,Huda Mansour,sales@hub.com,Office Supplies,1768.0,1,1768.0,Pending
2024-02-11,Yomna Soror,info@market.eg,Electronics,2765.0,3,8295.0,Shipped
2024-08-08,Ahmed Ali,info@market.eg,Electronics,919.0,8,7352.0,Pending
2024-01-01,Marwan Khaled,m.zaki@mail.com,Home Decor,2169.0,4,8676.0,Refunded
2024-07-25,Marwan Khaled,info@market.eg,Home Decor,3994.0,10,39940.0,Pending
2024-10-24,Zainab Tarek,test.a@web.net,Home Decor,4565.0,6,27390.0,Cancelled
2024-02-10,Zainab Tarek,user1@mail.com,Clothing,769.0,3,2307.0,Refunded
2024-07-18,Ahmed Ali,contact@service.org,Office Supplies,2949.0,10,29490.0,Refunded
2024-05-27,Mona Zaki,info@market.eg,Electronics,1635.0,3,4905.0,Pending
2024-01-02,Omar Farouk,admin@tech.io,Home Decor,3307.0,3,9921.0,Shipped
2024-11-17,Zainab Tarek,user1@mail.com,Books,195.0,4,780.0,Pending
2024-02-17,Sara Ahmed,info@market.eg,Electronics,1357.0,8,10856.0,Cancelled
2024-03-01,Mona Zaki,info@market.eg,Groceries,1961.0,4,7844.0,Cancelled
2024-09-01,Mona Zaki,sales@hub.com,Clothing,4597.0,8,36776.0,Shipped
2024-09-26,Mona Zaki,info@market.eg,Home Decor,4781.0,1,4781.0,Pending
2024-05-06,Sara Ahmed,m.zaki@mail.com,Office Supplies,4638.0,4,18552.0,Shipped
2024-02-15,Huda Mansour,m.zaki@mail.com,Groceries,1326.0,5,6630.0,Pending
2024-05-13,Ali Hassan,admin@tech.io,Groceries,1863.0,5,9315.0,Refunded
2024-03-05,Yomna Soror,m.zaki@mail.com,Clothing,2739.0,8,21912.0,Refunded
2024-12-05,Layla Mohamed,user1@mail.com,Electronics,356.0,3,1068.0,Refunded
2024-10-28,Huda Mansour,user1@mail.com,Office Supplies,4656.0,3,13968.0,Completed
2024-11-24,Huda Mansour,user1@mail.com,Books,4713.0,5,23565.0,Refunded
2024-01-18,Ali Hassan,contact@service.org,Groceries,2008.0,8,16064.0,Pending
2024-11-03,Ali Hassan,m.zaki@mail.com,Groceries,1241.0,1,1241.0,Pending
2024-04-11,Omar Farouk,sales@hub.com,Clothing,4325.0,6,25950.0,Pending
2024-08-21,Sara Ahmed,contact@service.org,Home Decor,368.0,6,2208.0,Pending
2024-06-06,Sara Ahmed,user1@mail.com,Books,1477.0,2,2954.0,Pending
2024-09-04,Huda Mansour,test.a@web.net,Electronics,1496.0,6,8976.0,Completed
2024-07-13,Zainab Tarek,sales@hub.com,Office Supplies,2699.0,9,24291.0,Completed
2024-08-14,Huda Mansour,sales@hub.com,Clothing,2236.0,3,6708.0,Shipped
2024-09-21,Sara Ahmed,sales@hub.com,Home Decor,3105.0,3,9315.0,Completed
2024-01-06,Ahmed Ali,contact@service.org,Groceries,4035.0,9,36315.0,Cancelled
2024-01-25,Zainab Tarek,sales@hub.com,Books,4539.0,8,36312.0,Shipped
2024-01-03,Omar Farouk,admin@tech.io,Books,1377.0,3,4131.0,Shipped
2024-02-12,Mona Zaki,user1@mail.com,Office Supplies,2525.0,4,10100.0,Refunded
2024-07-24,Omar Farouk,test.a@web.net,Electronics,1710.0,4,6840.0,Completed
2024-12-22,Ali Hassan,info@market.eg,Home Decor,4417.0,5,22085.0,Cancelled
2024-05-18,Ali Hassan,info@market.eg,Electronics,1101.0,5,5505.0,Pending
2024-07-18,Mona Zaki,m.zaki@mail.com,Electronics,4560.0,9,41040.0,Completed
2024-12-22,Huda Mansour,info@market.eg,Groceries,1431.0,8,11448.0,Shipped
2024-02-02,Marwan Khaled,test.a@web.net,Office Supplies,279.0,6,1674.0,Shipped
2024-07-07,Marwan Khaled,contact@service.org,Office Supplies,3429.0,3,10287.0,Refunded
2024-03-09,Ahmed Ali,admin@tech.io,Home Decor,1493.0,6,8958.0,Cancelled
2024-11-13,Yomna Soror,yomna.dev@email.com,Clothing,2716.0,10,27160.0,Completed
2024-02-24,Mona Zaki,m.zaki@mail.com,Office Supplies,2357.0,2,4714.0,Refunded
2024-02-22,Layla Mohamed,yomna.dev@email.com,Electronics,3777.0,3,11331.0,Completed
2024-11-24,Layla Mohamed,yomna.dev@email.com,Clothing,3918.0,5,19590.0,Cancelled
2024-05-24,Layla Mohamed,contact@service.org,Office Supplies,4823.0,1,4823.0,Pending
2024-03-22,Huda Mansour,info@market.eg,Books,3926.0,3,11778.0,Cancelled
2024-04-21,Mona Zaki,contact@service.org,Electronics,2987.0,8,23896.0,Shipped
2024-04-14,Sara Ahmed,contact@service.org,Clothing,2191.0,8,17528.0,Shipped
2024-09-24,Sara Ahmed,m.zaki@mail.com,Electronics,681.0,8,5448.0,Cancelled
2024-04-27,Zainab Tarek,yomna.dev@email.com,Groceries,4611.0,5,23055.0,Cancelled
2024-11-08,Yomna Soror,user1@mail.com,Clothing,414.0,8,3312.0,Cancelled
2024-09-03,Mona Zaki,yomna.dev@email.com,Books,1429.0,3,4287.0,Shipped
2024-08-14,Zainab Tarek,m.zaki@mail.com,Clothing,3834.0,4,15336.0,Refunded
2024-03-19,Layla Mohamed,test.a@web.net,Office Supplies,293.0,7,2051.0,Completed
2024-09-27,Zainab Tarek,yomna.dev@email.com,Office Supplies,2468.0,5,12340.0,Completed
2024-04-24,Huda Mansour,info@market.eg,Groceries,4326.0,2,8652.0,Refunded
2024-01-01,Huda Mansour,info@market.eg,Office Supplies,254.0,2,508.0,Completed
2024-01-22,Zainab Tarek,user1@mail.com,Electronics,2027.0,10,20270.0,Shipped
2024-04-05,Mona Zaki,contact@service.org,Books,3735.0,2,7470.0,Pending
2024-02-18,Layla Mohamed,user1@mail.com,Groceries,2520.0,7,17640.0,Pending
2024-07-28,Mona Zaki,contact@service.org,Home Decor,2044.0,9,18396.0,Refunded
2024-07-21,Marwan Khaled,test.a@web.net,Office Supplies,1737.0,7,12159.0,Pending
2024-08-02,Omar Farouk,test.a@web.net,Clothing,3481.0,8,27848.0,Pending
2024-11-01,Omar Farouk,admin@tech.io,Home Decor,3412.0,5,17060.0,Shipped
2024-01-01,Yomna Soror,test.a@web.net,Home Decor,112.0,2,224.0,Refunded
2024-08-05,Ahmed Ali,m.zaki@mail.com,Electronics,1724.0,6,10344.0,Completed
2024-01-15,Marwan Khaled,m.zaki@mail.com,Clothing,1385.0,10,13850.0,Shipped
2024-09-12,Layla Mohamed,info@market.eg,Office Supplies,311.0,1,311.0,Cancelled
2024-08-18,Yomna Soror,test.a@web.net,Office Supplies,4043.0,8,32344.0,Shipped
2024-04-03,Mona Zaki,admin@tech.io,Office Supplies,2802.0,4,11208.0,Refunded
2024-06-07,Layla Mohamed,yomna.dev@email.com,Clothing,3089.0,3,9267.0,Pending
2024-07-24,Mona Zaki,admin@tech.io,Clothing,333.0,5,1665.0,Cancelled
2024-12-14,Ahmed Ali,sales@hub.com,Office Supplies,3516.0,3,10548.0,Refunded
2024-04-21,Huda Mansour,yomna.dev@email.com,Office Supplies,2367.0,10,23670.0,Cancelled
2024-09-02,Sara Ahmed,info@market.eg,Office Supplies,860.0,1,860.0,Shipped
2024-10-13,Marwan Khaled,yomna.dev@email.com,Home Decor,1605.0,2,3210.0,Completed
2024-11-28,Omar Farouk,admin@tech.io,Home Decor,1824.0,2,3648.0,Shipped
2024-12-16,Zainab Tarek,contact@service.org,Clothing,4338.0,2,8676.0,Cancelled
2024-03-02,Huda Mansour,test.a@web.net,Groceries,2296.0,8,18368.0,Refunded
2024-09-18,Layla Mohamed,sales@hub.com,Books,2732.0,9,24588.0,Completed
2024-05-18,Yomna Soror,test.a@web.net,Office Supplies,738.0,8,5904.0,Cancelled
2024-08-04,Huda Mansour,user1@mail.com,Books,2258.0,7,15806.0,Cancelled
2024-04-12,Huda Mansour,sales@hub.com,Electronics,2510.0,6,15060.0,Pending
2024-02-11,Omar Farouk,admin@tech.io,Electronics,4919.0,10,49190.0,Refunded
2024-04-06,Sara Ahmed,sales@hub.com,Books,1854.0,9,16686.0,Refunded
2024-11-15,Ahmed Ali,contact@service.org,Office Supplies,2091.0,5,10455.0,Pending
2024-06-01,Sara Ahmed,user1@mail.com,Books,3969.0,1,3969.0,Completed
2024-05-14,Ahmed Ali,user1@mail.com,Office Supplies,1078.0,4,4312.0,Shipped
2024-10-21,Sara Ahmed,yomna.dev@email.com,Electronics,2616.0,10,26160.0,Cancelled
2024-02-15,Marwan Khaled,info@market.eg,Office Supplies,1479.0,7,10353.0,Shipped
2024-02-02,Sara Ahmed,admin@tech.io,Electronics,3089.0,3,9267.0,Shipped
2024-09-20,Layla Mohamed,yomna.dev@email.com,Home Decor,4801.0,3,14403.0,Refunded
2024-07-16,Sara Ahmed,info@market.eg,Clothing,849.0,8,6792.0,Completed
2024-02-27,Layla Mohamed,yomna.dev@email.com,Groceries,886.0,1,886.0,Completed
2024-09-06,Layla Mohamed,test.a@web.net,Groceries,4379.0,2,8758.0,Refunded
2024-10-17,Huda Mansour,test.a@web.net,Clothing,1182.0,8,9456.0,Cancelled
2024-03-10,Marwan Khaled,info@market.eg,Books,4918.0,9,44262.0,Pending
2024-06-18,Layla Mohamed,m.zaki@mail.com,Electronics,3531.0,4,14124.0,Shipped
2024-11-02,Zainab Tarek,sales@hub.com,Home Decor,3037.0,6,18222.0,Cancelled
2024-08-14,Zainab Tarek,test.a@web.net,Office Supplies,327.0,10,3270.0,Pending
2024-12-15,Huda Mansour,m.zaki@mail.com,Books,4568.0,7,31976.0,Refunded
2024-05-10,Zainab Tarek,sales@hub.com,Groceries,2752.0,8,22016.0,Cancelled
2024-11-03,Huda Mansour,yomna.dev@email.com,Electronics,1145.0,1,1145.0,Refunded
2024-07-02,Marwan Khaled,test.a@web.net,Electronics,415.0,8,3320.0,Pending
2024-12-01,Yomna Soror,test.a@web.net,Office Supplies,2229.0,7,15603.0,Refunded
2024-12-14,Ahmed Ali,test.a@web.net,Office Supplies,1651.0,6,9906.0,Pending
2024-04-09,Ahmed Ali,info@market.eg,Office Supplies,2913.0,1,2913.0,Shipped
2024-05-12,Zainab Tarek,yomna.dev@email.com,Groceries,2605.0,10,26050.0,Cancelled
2024-07-28,Layla Mohamed,info@market.eg,Home Decor,4928.0,4,19712.0,Completed
2024-05-02,Ali Hassan,user1@mail.com,Office Supplies,2580.0,7,18060.0,Refunded
2024-07-12,Ahmed Ali,admin@tech.io,Clothing,4555.0,7,31885.0,Pending
2024-11-17,Ali Hassan,user1@mail.com,Clothing,1159.0,10,11590.0,Shipped
2024-09-22,Sara Ahmed,user1@mail.com,Groceries,2414.0,1,2414.0,Cancelled
2024-01-05,Marwan Khaled,admin@tech.io,Groceries,1628.0,4,6512.0,Completed
2024-04-16,Ali Hassan,user1@mail.com,Home Decor,3239.0,6,19434.0,Cancelled
2024-07-14,Ahmed Ali,contact@service.org,Clothing,4514.0,7,31598.0,Shipped
2024-12-06,Yomna Soror,admin@tech.io,Books,125.0,7,875.0,Completed
2024-03-07,Layla Mohamed,admin@tech.io,Books,4141.0,10,41410.0,Pending
2024-06-25,Ali Hassan,yomna.dev@email.com,Groceries,1957.0,7,13699.0,Pending
2024-10-13,Sara Ahmed,yomna.dev@email.com,Office Supplies,3610.0,9,32490.0,Pending
2024-11-01,Huda Mansour,sales@hub.com,Books,302.0,1,302.0,Pending
2024-05-25,Mona Zaki,test.a@web.net,Home Decor,4484.0,1,4484.0,Pending
2024-12-14,Layla Mohamed,sales@hub.com,Home Decor,4733.0,7,33131.0,Refunded
2024-05-23,Zainab Tarek,test.a@web.net,Home Decor,2386.0,10,23860.0,Pending
2024-10-04,Huda Mansour,test.a@web.net,Groceries,3778.0,5,18890.0,Cancelled
2024-02-11,Huda Mansour,user1@mail.com,Groceries,911.0,10,9110.0,Refunded
2024-09-10,Ali Hassan,yomna.dev@email.com,Home Decor,176.0,3,528.0,Shipped
2024-01-28,Ahmed Ali,admin@tech.io,Home Decor,364.0,10,3640.0,Pending
2024-01-01,Omar Farouk,info@market.eg,Groceries,2725.0,5,13625.0,Pending
2024-07-10,Zainab Tarek,admin@tech.io,Clothing,3800.0,2,7600.0,Refunded
2024-09-16,Omar Farouk,test.a@web.net,Groceries,1123.0,4,4492.0,Pending
2024-06-08,Mona Zaki,sales@hub.com,Clothing,3930.0,4,15720.0,Pending
2024-09-24,Yomna Soror,info@market.eg,Home Decor,4359.0,1,4359.0,Pending
2024-09-08,Sara Ahmed,test.a@web.net,Clothing,2113.0,6,12678.0,Refunded
2024-04-14,Huda Mansour,admin@tech.io,Electronics,4978.0,1,4978.0,Cancelled
2024-07-14,Marwan Khaled,sales@hub.com,Groceries,4755.0,10,47550.0,Cancelled
2024-02-02,Omar Farouk,yomna.dev@email.com,Clothing,2274.0,6,13644.0,Shipped
2024-04-23,Marwan Khaled,info@market.eg,Groceries,1412.0,1,1412.0,Pending
2024-02-07,Yomna Soror,yomna.dev@email.com,Electronics,929.0,2,1858.0,Cancelled
2024-11-05,Zainab Tarek,sales@hub.com,Office Supplies,3724.0,1,3724.0,Shipped
2024-07-12,Ali Hassan,sales@hub.com,Home Decor,1693.0,5,8465.0,Cancelled
2024-04-09,Sara Ahmed,m.zaki@mail.com,Electronics,55.0,7,385.0,Refunded
2024-08-28,Marwan Khaled,m.zaki@mail.com,Books,3298.0,1,3298.0,Refunded
2024-01-04,Ahmed Ali,yomna.dev@email.com,Home Decor,1391.0,5,6955.0,Shipped
2024-09-19,Yomna Soror,contact@service.org,Electronics,168.0,7,1176.0,Refunded
2024-03-19,Mona Zaki,sales@hub.com,Groceries,3046.0,2,6092.0,Pending
2024-06-19,Ahmed Ali,m.zaki@mail.com,Office Supplies,3425.0,7,23975.0,Completed
2024-05-23,Omar Farouk,test.a@web.net,Home Decor,2783.0,6,16698.0,Completed
2024-04-05,Ahmed Ali,test.a@web.net,Groceries,2734.0,8,21872.0,Refunded
2024-10-11,Layla Mohamed,yomna.dev@email.com,Home Decor,287.0,9,2583.0,Cancelled
2024-09-23,Zainab Tarek,contact@service.org,Groceries,4243.0,10,42430.0,Shipped
2024-05-01,Ali Hassan,m.zaki@mail.com,Clothing,2942.0,4,11768.0,Pending
2024-06-01,Huda Mansour,user1@mail.com,Electronics,3902.0,1,3902.0,Completed
2024-02-01,Layla Mohamed,yomna.dev@email.com,Clothing,1336.0,10,13360.0,Cancelled
2024-05-04,Mona Zaki,sales@hub.com,Groceries,4498.0,8,35984.0,Completed
2024-12-16,Yomna Soror,m.zaki@mail.com,Office Supplies,2397.0,4,9588.0,Shipped
2024-12-09,Omar Farouk,info@market.eg,Electronics,4148.0,5,20740.0,Refunded
2024-07-04,Ali Hassan,admin@tech.io,Home Decor,1861.0,5,9305.0,Refunded
2024-07-05,Zainab Tarek,info@market.eg,Home Decor,855.0,3,2565.0,Refunded
2024-04-27,Marwan Khaled,info@market.eg,Electronics,2283.0,3,6849.0,Cancelled
2024-11-16,Mona Zaki,test.a@web.net,Office Supplies,479.0,4,1916.0,Cancelled
2024-07-16,Sara Ahmed,yomna.dev@email.com,Clothing,2737.0,6,16422.0,Completed
2024-11-21,Layla Mohamed,contact@service.org,Home Decor,4856.0,10,48560.0,Completed
2024-03-01,Layla Mohamed,m.zaki@mail.com,Clothing,639.0,2,1278.0,Completed
2024-12-05,Huda Mansour,info@market.eg,Groceries,2555.0,6,15330.0,Cancelled
2024-05-08,Ali Hassan,m.zaki@mail.com,Office Supplies,1209.0,3,3627.0,Refunded
2024-11-09,Zainab Tarek,contact@service.org,Groceries,1773.0,8,14184.0,Completed
2024-09-06,Ali Hassan,test.a@web.net,Home Decor,803.0,4,3212.0,Pending
2024-04-09,Zainab Tarek,yomna.dev@email.com,Books,2778.0,5,13890.0,Pending
2024-04-10,Ali Hassan,yomna.dev@email.com,Office Supplies,2519.0,3,7557.0,Pending
2024-06-16,Omar Farouk,test.a@web.net,Books,1392.0,2,2784.0,Pending
2024-11-28,Sara Ahmed,m.zaki@mail.com,Home Decor,3096.0,1,3096.0,Shipped
2024-03-05,Ahmed Ali,contact@service.org,Clothing,1714.0,1,1714.0,Pending
2024-01-20,Ahmed Ali,info@market.eg,Clothing,4730.0,9,42570.0,Shipped
2024-02-23,Yomna Soror,info@market.eg,Groceries,3359.0,2,6718.0,Shipped
2024-04-16,Omar Farouk,contact@service.org,Electronics,2900.0,10,29000.0,Cancelled
2024-01-02,Zainab Tarek,user1@mail.com,Clothing,3834.0,5,19170.0,Completed
2024-05-26,Ali Hassan,sales@hub.com,Clothing,3618.0,10,36180.0,Refunded
2024-11-05,Layla Mohamed,sales@hub.com,Groceries,4288.0,5,21440.0,Refunded
2024-10-27,Layla Mohamed,m.zaki@mail.com,Books,4798.0,3,14394.0,Pending
2024-04-08,Layla Mohamed,yomna.dev@email.com,Clothing,2107.0,8,16856.0,Refunded
2024-04-21,Ali Hassan,yomna.dev@email.com,Home Decor,4218.0,3,12654.0,Refunded
2024-05-20,Mona Zaki,contact@service.org,Electronics,2848.0,6,17088.0,Cancelled
2024-10-11,Ali Hassan,info@market.eg,Clothing,1591.0,7,11137.0,Refunded
2024-02-25,Ahmed Ali,yomna.dev@email.com,Electronics,307.0,9,2763.0,Pending
2024-09-10,Marwan Khaled,sales@hub.com,Home Decor,4932.0,3,14796.0,Shipped
2024-09-13,Omar Farouk,user1@mail.com,Electronics,60.0,10,600.0,Cancelled
2024-11-24,Mona Zaki,user1@mail.com,Books,4666.0,5,23330.0,Refunded
2024-08-23,Huda Mansour,contact@service.org,Clothing,2402.0,8,19216.0,Completed
2024-03-19,Layla Mohamed,yomna.dev@email.com,Home Decor,92.0,10,920.0,Cancelled
2024-04-25,Omar Farouk,sales@hub.com,Office Supplies,674.0,1,674.0,Pending
2024-04-21,Sara Ahmed,yomna.dev@email.com,Clothing,3308.0,5,16540.0,Cancelled
2024-01-06,Marwan Khaled,m.zaki@mail.com,Electronics,3613.0,2,7226.0,Refunded
2024-08-19,Marwan Khaled,m.zaki@mail.com,Groceries,4924.0,6,29544.0,Refunded
2024-11-25,Layla Mohamed,user1@mail.com,Home Decor,1295.0,8,10360.0,Completed
2024-04-25,Omar Farouk,admin@tech.io,Electronics,746.0,10,7460.0,Refunded
2024-11-24,Sara Ahmed,yomna.dev@email.com,Books,2325.0,5,11625.0,Cancelled
2024-10-03,Mona Zaki,m.zaki@mail.com,Groceries,1021.0,4,4084.0,Refunded
2024-05-06,Omar Farouk,test.a@web.net,Books,684.0,9,6156.0,Shipped
2024-04-07,Layla Mohamed,yomna.dev@email.com,Groceries,2293.0,7,16051.0,Pending
2024-12-11,Yomna Soror,contact@service.org,Clothing,4721.0,1,4721.0,Pending
2024-09-23,Zainab Tarek,admin@tech.io,Home Decor,2998.0,4,11992.0,Cancelled
2024-12-21,Huda Mansour,contact@service.org,Clothing,3912.0,1,3912.0,Completed
2024-07-16,Zainab Tarek,test.a@web.net,Office Supplies,840.0,10,8400.0,Refunded
2024-02-26,Ali Hassan,yomna.dev@email.com,Home Decor,3287.0,1,3287.0,Shipped
2024-03-06,Layla Mohamed,contact@service.org,Electronics,374.0,7,2618.0,Pending
2024-01-21,Layla Mohamed,m.zaki@mail.com,Clothing,4905.0,4,19620.0,Shipped
2024-07-20,Yomna Soror,m.zaki@mail.com,Electronics,1907.0,1,1907.0,Cancelled
2024-01-09,Omar Farouk,yomna.dev@email.com,Office Supplies,1312.0,9,11808.0,Pending
2024-07-06,Marwan Khaled,test.a@web.net,Books,4951.0,4,19804.0,Cancelled
2024-10-11,Ahmed Ali,test.a@web.net,Groceries,2705.0,3,8115.0,Refunded
2024-01-12,Layla Mohamed,m.zaki@mail.com,Books,1280.0,3,3840.0,Cancelled
2024-06-22,Ahmed Ali,sales@hub.com,Electronics,675.0,2,1350.0,Completed
2024-02-06,Layla Mohamed,m.zaki@mail.com,Groceries,3947.0,1,3947.0,Completed
2024-09-11,Sara Ahmed,info@market.eg,Office Supplies,1805.0,9,16245.0,Cancelled
2024-09-16,Mona Zaki,info@market.eg,Home Decor,901.0,2,1802.0,Cancelled
2024-07-16,Omar Farouk,user1@mail.com,Electronics,1655.0,5,8275.0,Refunded
2024-02-04,Huda Mansour,info@market.eg,Office Supplies,1177.0,7,8239.0,Cancelled
2024-02-25,Ahmed Ali,user1@mail.com,Books,3714.0,2,7428.0,Shipped
2024-12-19,Ahmed Ali,test.a@web.net,Books,3537.0,7,24759.0,Refunded
2024-08-27,Marwan Khaled,contact@service.org,Electronics,3002.0,10,30020.0,Pending
2024-07-20,Ali Hassan,yomna.dev@email.com,Office Supplies,1632.0,1,1632.0,Shipped
2024-04-10,Mona Zaki,user1@mail.com,Books,4535.0,8,36280.0,Pending
2024-07-26,Mona Zaki,test.a@web.net,Home Decor,2423.0,9,21807.0,Cancelled
2024-09-06,Omar Farouk,yomna.dev@email.com,Office Supplies,4179.0,7,29253.0,Refunded
2024-08-05,Yomna Soror,user1@mail.com,Electronics,4837.0,9,43533.0,Pending
2024-04-17,Marwan Khaled,yomna.dev@email.com,Electronics,1579.0,3,4737.0,Completed
2024-01-08,Ali Hassan,user1@mail.com,Groceries,1000.0,3,3000.0,Refunded
2024-02-11,Zainab Tarek,contact@service.org,Groceries,4621.0,1,4621.0,Completed
2024-06-20,Zainab Tarek,yomna.dev@email.com,Clothing,1741.0,3,5223.0,Shipped
2024-07-10,Mona Zaki,user1@mail.com,Home Decor,2712.0,8,21696.0,Shipped
2024-02-27,Marwan Khaled,contact@service.org,Home Decor,4160.0,4,16640.0,Cancelled
2024-07-14,Omar Farouk,contact@service.org,Groceries,4240.0,1,4240.0,Shipped
2024-03-22,Ahmed Ali,yomna.dev@email.com,Home Decor,2091.0,8,16728.0,Refunded
2024-08-28,Ali Hassan,yomna.dev@email.com,Books,2394.0,5,11970.0,Shipped
2024-05-08,Layla Mohamed,yomna.dev@email.com,Clothing,2275.0,5,11375.0,Completed
2024-04-13,Zainab Tarek,user1@mail.com,Groceries,4268.0,4,17072.0,Completed
2024-06-24,Sara Ahmed,info@market.eg,Books,2340.0,4,9360.0,Cancelled
2024-07-21,Ahmed Ali,yomna.dev@email.com,Electronics,4559.0,8,36472.0,Completed
2024-12-27,Yomna Soror,user1@mail.com,Books,3352.0,1,3352.0,Shipped
2024-12-05,Yomna Soror,test.a@web.net,Home Decor,1061.0,9,9549.0,Completed
2024-12-18,Layla Mohamed,sales@hub.com,Electronics,3410.0,1,3410.0,Pending
2024-11-20,Omar Farouk,contact@service.org,Groceries,4133.0,4,16532.0,Pending
2024-10-18,Ahmed Ali,info@market.eg,Home Decor,1453.0,6,8718.0,Cancelled
2024-06-02,Yomna Soror,admin@tech.io,Books,1880.0,3,5640.0,Shipped
2024-11-11,Marwan Khaled,sales@hub.com,Home Decor,4951.0,8,39608.0,Pending
2024-03-17,Layla Mohamed,info@market.eg,Office Supplies,2942.0,7,20594.0,Pending
2024-04-17,Zainab Tarek,user1@mail.com,Electronics,123.0,5,615.0,Shipped
2024-11-27,Layla Mohamed,contact@service.org,Clothing,3437.0,1,3437.0,Cancelled
2024-08-28,Yomna Soror,m.zaki@mail.com,Electronics,495.0,5,2475.0,Cancelled
2024-09-04,Layla Mohamed,test.a@web.net,Electronics,2732.0,2,5464.0,Refunded
2024-10-27,Ali Hassan,m.zaki@mail.com,Office Supplies,975.0,2,1950.0,Pending
2024-02-14,Mona Zaki,admin@tech.io,Electronics,1405.0,5,7025.0,Cancelled
2024-07-23,Yomna Soror,user1@mail.com,Clothing,4874.0,8,38992.0,Pending
2024-08-18,Sara Ahmed,admin@tech.io,Groceries,1694.0,7,11858.0,Shipped
2024-11-23,Sara Ahmed,test.a@web.net,Electronics,4949.0,6,29694.0,Cancelled
2024-01-17,Ahmed Ali,m.zaki@mail.com,Electronics,3908.0,8,31264.0,Refunded
2024-02-15,Marwan Khaled,admin@tech.io,Clothing,3513.0,6,21078.0,Completed
2024-05-27,Huda Mansour,m.zaki@mail.com,Home Decor,1789.0,9,16101.0,Cancelled
2024-01-12,Ali Hassan,sales@hub.com,Books,2817.0,8,22536.0,Shipped
2024-11-11,Layla Mohamed,contact@service.org,Home Decor,355.0,4,1420.0,Cancelled
2024-03-10,Mona Zaki,admin@tech.io,Electronics,881.0,2,1762.0,Shipped
2024-05-19,Yomna Soror,admin@tech.io,Clothing,3852.0,9,34668.0,Pending
2024-10-04,Layla Mohamed,user1@mail.com,Groceries,4558.0,7,31906.0,Pending
2024-01-23,Zainab Tarek,m.zaki@mail.com,Office Supplies,2405.0,3,7215.0,Refunded
2024-03-08,Ali Hassan,user1@mail.com,Clothing,4203.0,6,25218.0,Shipped
2024-04-01,Layla Mohamed,,Home Decor,4602.0,1,4602.0,Refunded
2024-05-02,Zainab Tarek,contact@service.org,Home Decor,4253.0,1,4253.0,Refunded
2024-02-06,Zainab Tarek,sales@hub.com,Office Supplies,4086.0,5,20430.0,Shipped
2024-07-09,Mona Zaki,sales@hub.com,Electronics,2304.0,8,18432.0,Cancelled
2024-04-15,Sara Ahmed,yomna.dev@email.com,Books,1911.0,5,9555.0,Completed
2024-03-28,Huda Mansour,yomna.dev@email.com,Electronics,3155.0,5,15775.0,Shipped
2024-04-04,Mona Zaki,m.zaki@mail.com,Books,59.0,8,472.0,Refunded
2024-10-16,Omar Farouk,info@market.eg,Clothing,4716.0,9,42444.0,Completed
2024-07-10,Layla Mohamed,test.a@web.net,Clothing,369.0,2,738.0,Pending
2024-07-07,Zainab Tarek,admin@tech.io,Books,3224.0,5,16120.0,Cancelled
2024-03-10,Marwan Khaled,m.zaki@mail.com,Books,2796.0,1,2796.0,Pending
2024-12-02,Sara Ahmed,yomna.dev@email.com,Electronics,976.0,6,5856.0,Completed
2024-05-11,Sara Ahmed,sales@hub.com,Books,1866.0,4,7464.0,Shipped
2024-06-17,Huda Mansour,m.zaki@mail.com,Office Supplies,4374.0,6,26244.0,Cancelled
2024-10-09,Yomna Soror,yomna.dev@email.com,Groceries,3614.0,6,21684.0,Refunded
2024-07-21,Marwan Khaled,user1@mail.com,Clothing,4310.0,8,34480.0,Shipped
2024-05-28,Layla Mohamed,sales@hub.com,Electronics,2949.0,1,2949.0,Completed
2024-07-07,Omar Farouk,admin@tech.io,Groceries,1516.0,7,10612.0,Shipped
2024-08-27,Layla Mohamed,test.a@web.net,Clothing,3619.0,10,36190.0,Shipped
2024-07-25,Layla Mohamed,contact@service.org,Home Decor,2247.0,8,17976.0,Cancelled
2024-11-24,Ahmed Ali,admin@tech.io,Electronics,4442.0,10,44420.0,Shipped
2024-06-16,Sara Ahmed,user1@mail.com,Groceries,3439.0,8,27512.0,Refunded
2024-10-23,Yomna Soror,sales@hub.com,Books,2130.0,7,14910.0,Cancelled
2024-06-28,Omar Farouk,sales@hub.com,Groceries,3599.0,1,3599.0,Cancelled
2024-12-11,Huda Mansour,contact@service.org,Clothing,1647.0,5,8235.0,Completed
2024-06-05,Omar Farouk,m.zaki@mail.com,Groceries,2939.0,1,2939.0,Cancelled
2024-04-12,Marwan Khaled,user1@mail.com,Clothing,4766.0,10,47660.0,Completed
2024-09-11,Marwan Khaled,test.a@web.net,Books,3130.0,8,25040.0,Cancelled
2024-02-13,Mona Zaki,info@market.eg,Home Decor,1381.0,7,9667.0,Shipped
2024-12-19,Ali Hassan,contact@service.org,Groceries,4380.0,8,35040.0,Shipped
2024-09-12,Layla Mohamed,sales@hub.com,Home Decor,4049.0,1,4049.0,Completed
2024-03-03,Mona Zaki,m.zaki@mail.com,Clothing,1978.0,10,19780.0,Refunded
2024-06-16,Huda Mansour,admin@tech.io,Home Decor,3676.0,1,3676.0,Completed
2024-08-02,Marwan Khaled,yomna.dev@email.com,Clothing,4689.0,7,32823.0,Cancelled
2024-11-26,Zainab Tarek,yomna.dev@email.com,Groceries,4533.0,2,9066.0,Cancelled
2024-12-03,Omar Farouk,test.a@web.net,Electronics,3837.0,3,11511.0,Cancelled
2024-07-18,Ali Hassan,admin@tech.io,Electronics,2168.0,5,10840.0,Pending
2024-03-21,Ali Hassan,info@market.eg,Groceries,4387.0,3,13161.0,Cancelled
2024-11-24,Layla Mohamed,yomna.dev@email.com,Books,4830.0,8,38640.0,Cancelled
2024-02-08,Layla Mohamed,user1@mail.com,Home Decor,3715.0,9,33435.0,Pending
2024-07-11,Zainab Tarek,admin@tech.io,Electronics,4242.0,3,12726.0,Pending
2024-06-07,Marwan Khaled,m.zaki@mail.com,Home Decor,2991.0,5,14955.0,Pending
2024-07-25,Huda Mansour,admin@tech.io,Office Supplies,586.0,9,5274.0,Shipped
2024-03-25,Ahmed Ali,m.zaki@mail.com,Books,2703.0,6,16218.0,Pending
2024-09-12,Ali Hassan,test.a@web.net,Home Decor,4883.0,2,9766.0,Refunded
2024-02-20,Zainab Tarek,info@market.eg,Clothing,2280.0,6,13680.0,Refunded
2024-05-26,Marwan Khaled,admin@tech.io,Clothing,473.0,9,4257.0,Shipped
2024-05-06,Mona Zaki,admin@tech.io,Office Supplies,285.0,1,285.0,Pending
2024-08-11,Sara Ahmed,test.a@web.net,Groceries,1959.0,2,3918.0,Shipped
2024-02-22,Ahmed Ali,admin@tech.io,Clothing,295.0,1,295.0,Completed
2024-10-06,Mona Zaki,yomna.dev@email.com,Groceries,2898.0,2,5796.0,Completed
2024-02-16,Huda Mansour,test.a@web.net,Groceries,442.0,1,442.0,Completed
2024-01-21,Ali Hassan,m.zaki@mail.com,Home Decor,3934.0,4,15736.0,Pending
2024-07-15,Yomna Soror,user1@mail.com,Books,1129.0,7,7903.0,Completed
2024-04-25,Layla Mohamed,yomna.dev@email.com,Groceries,1807.0,7,12649.0,Completed
2024-10-22,Ahmed Ali,sales@hub.com,Books,2592.0,3,7776.0,Cancelled
2024-03-06,Ali Hassan,sales@hub.com,Clothing,2675.0,2,5350.0,Refunded
2024-01-15,Zainab Tarek,info@market.eg,Groceries,3921.0,9,35289.0,Pending
2024-03-14,Ahmed Ali,yomna.dev@email.com,Clothing,2595.0,8,20760.0,Refunded
2024-01-07,Omar Farouk,m.zaki@mail.com,Groceries,4988.0,3,14964.0,Refunded
2024-01-01,Ahmed Ali,m.zaki@mail.com,Home Decor,3654.0,7,25578.0,Shipped
2024-11-25,Ali Hassan,contact@service.org,Clothing,3405.0,1,3405.0,Refunded
2024-10-19,Omar Farouk,admin@tech.io,Electronics,1856.0,4,7424.0,Pending
2024-10-19,Ali Hassan,test.a@web.net,Books,3408.0,4,13632.0,Refunded
2024-06-27,Ali Hassan,sales@hub.com,Electronics,410.0,6,2460.0,Cancelled
2024-02-16,Omar Farouk,yomna.dev@email.com,Books,1923.0,4,7692.0,Pending
2024-04-24,Yomna Soror,admin@tech.io,Home Decor,2140.0,6,12840.0,Cancelled
2024-06-07,Omar Farouk,m.zaki@mail.com,Groceries,1293.0,6,7758.0,Completed
2024-07-05,Sara Ahmed,yomna.dev@email.com,Clothing,3102.0,5,15510.0,Refunded
2024-06-08,Zainab Tarek,admin@tech.io,Home Decor,406.0,2,812.0,Shipped
2024-02-14,Marwan Khaled,info@market.eg,Books,4934.0,3,14802.0,Shipped
2024-08-16,Ahmed Ali,admin@tech.io,Office Supplies,1564.0,1,1564.0,Pending
2024-02-04,Yomna Soror,info@market.eg,Groceries,4348.0,9,39132.0,Pending
2024-01-05,Ali Hassan,contact@service.org,Groceries,2740.0,6,16440.0,Completed
2024-06-04,Layla Mohamed,sales@hub.com,Electronics,3228.0,3,9684.0,Shipped
2024-06-25,Ahmed Ali,sales@hub.com,Groceries,2509.0,3,7527.0,Pending
2024-12-18,Zainab Tarek,contact@service.org,Home Decor,4243.0,3,12729.0,Cancelled
2024-05-21,Ali Hassan,sales@hub.com,Books,4953.0,10,49530.0,Shipped
2024-01-12,Ahmed Ali,m.zaki@mail.com,Home Decor,411.0,1,411.0,Refunded
2024-11-05,Mona Zaki,sales@hub.com,Books,4752.0,4,19008.0,Pending
2024-05-04,Ahmed Ali,info@market.eg,Home Decor,878.0,9,7902.0,Completed
2024-05-17,Ahmed Ali,test.a@web.net,Books,4988.0,3,14964.0,Completed
2024-02-01,Mona Zaki,user1@mail.com,Groceries,407.0,5,2035.0,Shipped
2024-05-03,Ali Hassan,info@market.eg,Home Decor,1172.0,8,9376.0,Refunded
2024-04-28,Mona Zaki,test.a@web.net,Clothing,4437.0,1,4437.0,Refunded
2024-10-22,Sara Ahmed,admin@tech.io,Clothing,4882.0,8,39056.0,Refunded
2024-01-17,Mona Zaki,yomna.dev@email.com,Books,4330.0,7,30310.0,Cancelled
2024-12-19,Layla Mohamed,contact@service.org,Office Supplies,216.0,5,1080.0,Completed
2024-03-01,Huda Mansour,test.a@web.net,Books,3705.0,1,3705.0,Pending
2024-07-06,Ali Hassan,m.zaki@mail.com,Books,3582.0,1,3582.0,Shipped
2024-07-15,Layla Mohamed,yomna.dev@email.com,Clothing,4054.0,6,24324.0,Shipped
2024-02-28,Yomna Soror,m.zaki@mail.com,Office Supplies,4145.0,2,8290.0,Pending
2024-07-28,Sara Ahmed,admin@tech.io,Office Supplies,945.0,8,7560.0,Completed
2024-12-16,Sara Ahmed,contact@service.org,Clothing,3455.0,7,24185.0,Pending
2024-10-14,Zainab Tarek,user1@mail.com,Groceries,1027.0,10,10270.0,Shipped
2024-05-24,Sara Ahmed,contact@service.org,Clothing,2869.0,2,5738.0,Refunded
2024-03-09,Mona Zaki,user1@mail.com,Clothing,4839.0,6,29034.0,Completed
2024-02-24,Zainab Tarek,user1@mail.com,Clothing,3449.0,4,13796.0,Pending
2024-11-03,Omar Farouk,sales@hub.com,Books,744.0,9,6696.0,Completed
2024-01-11,Mona Zaki,info@market.eg,Groceries,4003.0,5,20015.0,Refunded
2024-01-23,Huda Mansour,m.zaki@mail.com,Electronics,1109.0,8,8872.0,Cancelled
2024-04-07,Mona Zaki,m.zaki@mail.com,Groceries,3650.0,2,7300.0,Cancelled
2024-04-11,Marwan Khaled,contact@service.org,Home Decor,4031.0,7,28217.0,Shipped
2024-01-09,Ali Hassan,user1@mail.com,Clothing,4543.0,8,36344.0,Refunded
2024-09-10,Sara Ahmed,m.zaki@mail.com,Home Decor,4935.0,10,49350.0,Refunded
2024-10-17,Huda Mansour,admin@tech.io,Clothing,2136.0,8,17088.0,Refunded
2024-07-15,Ali Hassan,admin@tech.io,Electronics,2514.0,10,25140.0,Refunded
2024-06-23,Layla Mohamed,sales@hub.com,Office Supplies,602.0,1,602.0,Pending
2024-05-14,Marwan Khaled,user1@mail.com,Electronics,4542.0,6,27252.0,Shipped
2024-01-12,Mona Zaki,admin@tech.io,Home Decor,2989.0,7,20923.0,Cancelled
2024-10-25,Mona Zaki,contact@service.org,Clothing,3455.0,3,10365.0,Cancelled
2024-10-19,Yomna Soror,admin@tech.io,Home Decor,2580.0,3,7740.0,Refunded
2024-08-16,Layla Mohamed,contact@service.org,Books,397.0,2,794.0,Cancelled
2024-06-23,Ahmed Ali,contact@service.org,Clothing,2380.0,4,9520.0,Completed
2024-05-04,Ali Hassan,contact@service.org,Clothing,4403.0,7,30821.0,Refunded
2024-10-06,Omar Farouk,admin@tech.io,Office Supplies,2119.0,6,12714.0,Pending
2024-01-01,Sara Ahmed,user1@mail.com,Office Supplies,383.0,8,3064.0,Shipped
2024-05-14,Ahmed Ali,user1@mail.com,Clothing,440.0,7,3080.0,Completed
2024-06-17,Zainab Tarek,admin@tech.io,Office Supplies,3984.0,1,3984.0,Shipped
2024-07-10,Marwan Khaled,admin@tech.io,Electronics,3912.0,7,27384.0,Refunded
2024-01-21,Sara Ahmed,sales@hub.com,Clothing,3628.0,2,7256.0,Refunded
2024-12-16,Huda Mansour,yomna.dev@email.com,Electronics,4654.0,4,18616.0,Cancelled
2024-02-24,Mona Zaki,user1@mail.com,Office Supplies,3091.0,5,15455.0,Cancelled
2024-06-15,Ahmed Ali,contact@service.org,Office Supplies,4029.0,10,40290.0,Pending
2024-11-08,Yomna Soror,sales@hub.com,Electronics,4425.0,10,44250.0,Refunded
2024-05-02,Zainab Tarek,contact@service.org,Groceries,1136.0,3,3408.0,Shipped
2024-06-04,Marwan Khaled,test.a@web.net,Electronics,4637.0,5,23185.0,Shipped
2024-12-16,Sara Ahmed,user1@mail.com,Electronics,472.0,5,2360.0,Completed
2024-10-22,Ahmed Ali,user1@mail.com,Home Decor,2731.0,4,10924.0,Shipped
2024-04-04,Zainab Tarek,test.a@web.net,Groceries,4917.0,7,34419.0,Cancelled
2024-05-25,Ahmed Ali,sales@hub.com,Books,2439.0,1,2439.0,Cancelled
2024-07-14,Zainab Tarek,info@market.eg,Office Supplies,1337.0,3,4011.0,Shipped
2024-07-12,Huda Mansour,yomna.dev@email.com,Home Decor,1947.0,6,11682.0,Pending
2024-06-02,Layla Mohamed,info@market.eg,Groceries,3066.0,9,27594.0,Shipped
2024-06-14,Ahmed Ali,m.zaki@mail.com,Groceries,872.0,8,6976.0,Pending
2024-05-10,Sara Ahmed,sales@hub.com,Home Decor,881.0,7,6167.0,Pending
2024-09-07,Ali Hassan,test.a@web.net,Clothing,1039.0,8,8312.0,Refunded
2024-03-28,Sara Ahmed,sales@hub.com,Clothing,504.0,10,5040.0,Refunded
2024-12-03,Zainab Tarek,info@market.eg,Books,2168.0,6,13008.0,Cancelled
2024-07-02,Sara Ahmed,m.zaki@mail.com,Groceries,3338.0,1,3338.0,Pending
2024-05-21,Sara Ahmed,sales@hub.com,Clothing,2717.0,5,13585.0,Completed
2024-02-23,Huda Mansour,m.zaki@mail.com,Clothing,3556.0,5,17780.0,Cancelled
2024-08-09,Yomna Soror,yomna.dev@email.com,Home Decor,1881.0,10,18810.0,Completed
2024-06-03,Ali Hassan,info@market.eg,Clothing,1329.0,10,13290.0,Refunded
2024-07-20,Ali Hassan,test.a@web.net,Office Supplies,2822.0,1,2822.0,Refunded
2024-12-07,Zainab Tarek,sales@hub.com,Electronics,3715.0,6,22290.0,Refunded
2024-04-07,Marwan Khaled,m.zaki@mail.com,Home Decor,2528.0,7,17696.0,Cancelled
2024-11-07,Yomna Soror,yomna.dev@email.com,Electronics,2883.0,2,5766.0,Pending
2024-01-27,Ali Hassan,info@market.eg,Home Decor,2454.0,2,4908.0,Pending
2024-10-25,Omar Farouk,contact@service.org,Books,2548.0,4,10192.0,Completed
2024-10-25,Marwan Khaled,sales@hub.com,Books,4593.0,9,41337.0,Refunded
2024-04-09,Huda Mansour,user1@mail.com,Electronics,4502.0,2,9004.0,Pending
2024-07-27,Marwan Khaled,admin@tech.io,Books,3815.0,2,7630.0,Cancelled
2024-01-09,Omar Farouk,admin@tech.io,Books,2164.0,1,2164.0,Refunded
2024-03-15,Ali Hassan,test.a@web.net,Office Supplies,2514.0,5,12570.0,Completed
2024-10-17,Omar Farouk,user1@mail.com,Office Supplies,201.0,4,804.0,Shipped
2024-10-18,Marwan Khaled,m.zaki@mail.com,Groceries,2285.0,9,20565.0,Cancelled
2024-12-06,Huda Mansour,test.a@web.net,Electronics,1956.0,10,19560.0,Shipped
2024-07-15,Sara Ahmed,sales@hub.com,Office Supplies,4641.0,9,41769.0,Pending
2024-11-15,Mona Zaki,test.a@web.net,Clothing,3284.0,2,6568.0,Refunded
2024-06-07,Ali Hassan,test.a@web.net,Office Supplies,4565.0,2,9130.0,Shipped
2024-12-09,Huda Mansour,m.zaki@mail.com,Books,1243.0,9,11187.0,Refunded
2024-05-09,Zainab Tarek,yomna.dev@email.com,Office Supplies,1505.0,1,1505.0,Shipped
2024-02-20,Marwan Khaled,user1@mail.com,Electronics,4087.0,3,12261.0,Shipped
2024-01-13,Sara Ahmed,yomna.dev@email.com,Groceries,484.0,8,3872.0,Completed
2024-12-26,Layla Mohamed,yomna.dev@email.com,Electronics,2656.0,4,10624.0,Cancelled
2024-02-16,Zainab Tarek,test.a@web.net,Home Decor,3649.0,7,25543.0,Shipped
2024-08-24,Sara Ahmed,info@market.eg,Electronics,1070.0,7,7490.0,Pending
2024-06-27,Sara Ahmed,m.zaki@mail.com,Books,1997.0,8,15976.0,Cancelled
2024-02-14,Layla Mohamed,user1@mail.com,Office Supplies,701.0,6,4206.0,Refunded
2024-07-09,Mona Zaki,sales@hub.com,Groceries,4207.0,10,42070.0,Shipped
2024-06-02,Yomna Soror,admin@tech.io,Office Supplies,249.0,6,1494.0,Cancelled
2024-02-01,Ahmed Ali,admin@tech.io,Electronics,297.0,1,297.0,Completed
2024-02-18,Ali Hassan,user1@mail.com,Office Supplies,1920.0,2,3840.0,Cancelled
2024-07-09,Sara Ahmed,sales@hub.com,Office Supplies,386.0,5,1930.0,Shipped
2024-11-04,Huda Mansour,info@market.eg,Groceries,3986.0,10,39860.0,Shipped
2024-12-04,Huda Mansour,contact@service.org,Clothing,3248.0,8,25984.0,Cancelled
2024-03-02,Sara Ahmed,info@market.eg,Books,1589.0,7,11123.0,Pending
2024-06-03,Mona Zaki,test.a@web.net,Groceries,4593.0,1,4593.0,Refunded
2024-05-11,Ali Hassan,admin@tech.io,Home Decor,1647.0,4,6588.0,Pending
2024-03-25,Yomna Soror,admin@tech.io,Books,782.0,6,4692.0,Cancelled
2024-07-23,Sara Ahmed,m.zaki@mail.com,Books,2592.0,4,10368.0,Shipped
2024-01-14,Layla Mohamed,contact@service.org,Groceries,792.0,8,6336.0,Completed
2024-02-16,Zainab Tarek,m.zaki@mail.com,Clothing,4190.0,3,12570.0,Pending
2024-07-22,Layla Mohamed,contact@service.org,Groceries,565.0,3,1695.0,Cancelled
2024-07-26,Layla Mohamed,yomna.dev@email.com,Books,2942.0,1,2942.0,Completed
2024-09-14,Huda Mansour,admin@tech.io,Groceries,526.0,10,5260.0,Refunded
2024-07-08,Sara Ahmed,user1@mail.com,Home Decor,2925.0,1,2925.0,Shipped
2024-10-23,Ahmed Ali,,Office Supplies,4388.0,4,17552.0,Shipped
2024-07-01,Sara Ahmed,admin@tech.io,Office Supplies,2292.0,3,6876.0,Shipped
2024-12-01,Mona Zaki,info@market.eg,Home Decor,3127.0,6,18762.0,Completed
2024-03-18,Layla Mohamed,contact@service.org,Groceries,530.0,7,3710.0,Shipped
2024-01-18,Ali Hassan,contact@service.org,Electronics,349.0,1,349.0,Shipped
2024-02-14,Omar Farouk,contact@service.org,Office Supplies,799.0,4,3196.0,Pending
2024-02-01,Ahmed Ali,test.a@web.net,Electronics,4134.0,6,24804.0,Pending
2024-05-01,Yomna Soror,user1@mail.com,Groceries,2186.0,10,21860.0,Completed
2024-10-08,Ahmed Ali,contact@service.org,Home Decor,2514.0,2,5028.0,Refunded
2024-05-24,Zainab Tarek,contact@service.org,Office Supplies,2353.0,6,14118.0,Completed
2024-01-17,Mona Zaki,user1@mail.com,Groceries,589.0,7,4123.0,Pending
2024-12-25,Zainab Tarek,admin@tech.io,Clothing,4110.0,7,28770.0,Refunded
2024-01-02,Ali Hassan,admin@tech.io,Groceries,1458.0,2,2916.0,Pending
2024-07-03,Marwan Khaled,user1@mail.com,Electronics,2830.0,4,11320.0,Refunded
2024-09-23,Mona Zaki,yomna.dev@email.com,Home Decor,4588.0,7,32116.0,Refunded
2024-10-02,Layla Mohamed,info@market.eg,Office Supplies,527.0,9,4743.0,Pending
2024-09-08,Ali Hassan,m.zaki@mail.com,Electronics,1324.0,7,9268.0,Cancelled
2024-07-13,Huda Mansour,sales@hub.com,Electronics,3481.0,1,3481.0,Refunded
2024-12-19,Sara Ahmed,yomna.dev@email.com,Electronics,1492.0,4,5968.0,Cancelled
2024-08-08,Marwan Khaled,yomna.dev@email.com,Home Decor,2769.0,3,8307.0,Shipped
2024-11-17,Mona Zaki,contact@service.org,Electronics,814.0,5,4070.0,Refunded
2024-05-03,Mona Zaki,info@market.eg,Groceries,903.0,6,5418.0,Refunded
2024-08-20,Layla Mohamed,info@market.eg,Clothing,479.0,3,1437.0,Cancelled
2024-06-09,Yomna Soror,m.zaki@mail.com,Home Decor,3143.0,6,18858.0,Completed
2024-12-06,Marwan Khaled,info@market.eg,Groceries,3012.0,1,3012.0,Pending
2024-07-02,Sara Ahmed,user1@mail.com,Electronics,520.0,7,3640.0,Shipped
2024-06-12,Huda Mansour,info@market.eg,Books,4440.0,8,35520.0,Refunded
2024-05-18,Sara Ahmed,user1@mail.com,Books,1615.0,3,4845.0,Completed
2024-04-25,Huda Mansour,contact@service.org,Electronics,4150.0,1,4150.0,Cancelled
2024-04-09,Ali Hassan,contact@service.org,Electronics,3336.0,1,3336.0,Shipped
2024-01-25,Omar Farouk,contact@service.org,Office Supplies,2673.0,5,13365.0,Refunded
2024-03-03,Huda Mansour,m.zaki@mail.com,Electronics,776.0,10,7760.0,Refunded
2024-11-12,Huda Mansour,yomna.dev@email.com,Electronics,363.0,6,2178.0,Completed
2024-04-11,Sara Ahmed,yomna.dev@email.com,Books,1730.0,1,1730.0,Refunded
2024-09-24,Mona Zaki,info@market.eg,Books,4742.0,5,23710.0,Completed
2024-10-16,Layla Mohamed,m.zaki@mail.com,Electronics,1982.0,1,1982.0,Refunded
2024-08-19,Mona Zaki,contact@service.org,Books,3895.0,1,3895.0,Completed
2024-12-13,Omar Farouk,contact@service.org,Groceries,1437.0,6,8622.0,Pending
2024-07-09,Sara Ahmed,yomna.dev@email.com,Electronics,2357.0,5,11785.0,Cancelled
2024-04-13,Ahmed Ali,sales@hub.com,Office Supplies,4838.0,10,48380.0,Completed
2024-01-01,Marwan Khaled,contact@service.org,Office Supplies,3877.0,4,15508.0,Pending
2024-09-12,Yomna Soror,user1@mail.com,Office Supplies,4190.0,7,29330.0,Shipped
2024-06-20,Mona Zaki,user1@mail.com,Home Decor,502.0,10,5020.0,Refunded
2024-10-12,Layla Mohamed,user1@mail.com,Electronics,2254.0,5,11270.0,Completed
2024-03-27,Yomna Soror,contact@service.org,Home Decor,2039.0,10,20390.0,Cancelled
2024-03-21,Yomna Soror,contact@service.org,Electronics,2009.0,9,18081.0,Cancelled
2024-01-01,Ahmed Ali,yomna.dev@email.com,Office Supplies,1825.0,2,3650.0,Shipped
2024-10-18,Mona Zaki,user1@mail.com,Electronics,254.0,7,1778.0,Pending
2024-05-09,Ali Hassan,sales@hub.com,Groceries,3763.0,2,7526.0,Pending
2024-06-21,Omar Farouk,test.a@web.net,Home Decor,3967.0,4,15868.0,Pending
2024-09-15,Marwan Khaled,test.a@web.net,Books,2302.0,10,23020.0,Shipped
2024-07-13,Ali Hassan,sales@hub.com,Home Decor,469.0,7,3283.0,Completed
2024-01-01,Sara Ahmed,sales@hub.com,Groceries,4979.0,3,14937.0,Pending
2024-04-07,Mona Zaki,m.zaki@mail.com,Clothing,2283.0,8,18264.0,Completed
2024-03-08,Ali Hassan,contact@service.org,Books,4281.0,2,8562.0,Refunded
2024-05-15,Mona Zaki,user1@mail.com,Home Decor,1379.0,3,4137.0,Cancelled
2024-02-21,Mona Zaki,contact@service.org,Books,2349.0,10,23490.0,Refunded
2024-05-26,Marwan Khaled,test.a@web.net,Home Decor,4714.0,10,47140.0,Refunded
2024-04-25,Marwan Khaled,info@market.eg,Groceries,1329.0,9,11961.0,Refunded
2024-09-10,Layla Mohamed,admin@tech.io,Clothing,2832.0,7,19824.0,Completed
2024-07-27,Ahmed Ali,contact@service.org,Electronics,2514.0,7,17598.0,Cancelled
2024-10-27,Yomna Soror,m.zaki@mail.com,Books,4773.0,1,4773.0,Completed
2024-05-14,Omar Farouk,contact@service.org,Electronics,3627.0,4,14508.0,Completed
2024-05-12,Mona Zaki,info@market.eg,Office Supplies,4145.0,5,20725.0,Shipped
2024-07-06,Yomna Soror,test.a@web.net,Office Supplies,3288.0,4,13152.0,Refunded
2024-07-25,Huda Mansour,contact@service.org,Home Decor,4601.0,7,32207.0,Cancelled
2024-02-26,Marwan Khaled,sales@hub.com,Office Supplies,599.0,10,5990.0,Cancelled
2024-12-04,Marwan Khaled,user1@mail.com,Clothing,1880.0,10,18800.0,Pending
2024-10-10,Marwan Khaled,yomna.dev@email.com,Groceries,2960.0,10,29600.0,Completed
2024-06-16,Zainab Tarek,test.a@web.net,Electronics,3765.0,10,37650.0,Pending
2024-12-03,Sara Ahmed,info@market.eg,Home Decor,893.0,3,2679.0,Refunded
2024-03-21,Mona Zaki,info@market.eg,Home Decor,265.0,7,1855.0,Cancelled
2024-12-01,Huda Mansour,admin@tech.io,Home Decor,209.0,4,836.0,Cancelled
2024-01-07,Yomna Soror,m.zaki@mail.com,Office Supplies,3762.0,6,22572.0,Pending
2024-12-01,Marwan Khaled,yomna.dev@email.com,Home Decor,1452.0,3,4356.0,Refunded
2024-04-26,Ahmed Ali,contact@service.org,Books,3994.0,10,39940.0,Pending
2024-10-06,Omar Farouk,contact@service.org,Home Decor,4192.0,2,8384.0,Shipped
2024-09-12,Huda Mansour,contact@service.org,Office Supplies,3515.0,8,28120.0,Pending
2024-12-26,Sara Ahmed,info@market.eg,Books,2216.0,8,17728.0,Cancelled
2024-01-01,Omar Farouk,m.zaki@mail.com,Electronics,258.0,7,1806.0,Shipped
2024-05-11,Yomna Soror,info@market.eg,Groceries,1646.0,8,13168.0,Pending
2024-10-06,Ahmed Ali,contact@service.org,Books,4252.0,3,12756.0,Completed
2024-12-16,Yomna Soror,admin@tech.io,Clothing,4704.0,7,32928.0,Refunded
2024-11-23,Yomna Soror,user1@mail.com,Office Supplies,3125.0,2,6250.0,Pending
2024-08-17,Yomna Soror,user1@mail.com,Office Supplies,2851.0,4,11404.0,Pending
2024-10-14,Huda Mansour,user1@mail.com,Groceries,3276.0,6,19656.0,Cancelled
2024-09-20,Zainab Tarek,user1@mail.com,Clothing,1341.0,6,8046.0,Cancelled
2024-06-25,Omar Farouk,test.a@web.net,Office Supplies,1509.0,2,3018.0,Cancelled
2024-07-23,Sara Ahmed,,Books,3594.0,6,21564.0,Completed
2024-11-19,Ali Hassan,sales@hub.com,Home Decor,821.0,8,6568.0,Cancelled
2024-06-16,Marwan Khaled,test.a@web.net,Groceries,1868.0,6,11208.0,Refunded
2024-05-22,Huda Mansour,yomna.dev@email.com,Books,4294.0,3,12882.0,Refunded
2024-10-16,Omar Farouk,yomna.dev@email.com,Office Supplies,804.0,2,1608.0,Pending
2024-01-01,Ali Hassan,test.a@web.net,Home Decor,433.0,7,3031.0,Shipped
2024-09-07,Zainab Tarek,admin@tech.io,Electronics,2009.0,7,14063.0,Refunded
2024-10-12,Ali Hassan,info@market.eg,Groceries,1849.0,2,3698.0,Shipped
2024-02-14,Huda Mansour,contact@service.org,Electronics,2287.0,6,13722.0,Shipped
2024-08-20,Huda Mansour,yomna.dev@email.com,Office Supplies,72.0,4,288.0,Cancelled
2024-05-02,Ali Hassan,yomna.dev@email.com,Electronics,1845.0,1,1845.0,Cancelled
2024-10-07,Huda Mansour,sales@hub.com,Office Supplies,4925.0,9,44325.0,Completed
2024-06-08,Layla Mohamed,test.a@web.net,Clothing,2540.0,1,2540.0,Pending
2024-07-15,Ali Hassan,contact@service.org,Office Supplies,1041.0,1,1041.0,Pending
2024-09-06,Sara Ahmed,test.a@web.net,Home Decor,1551.0,8,12408.0,Cancelled
2024-10-12,Huda Mansour,test.a@web.net,Home Decor,2703.0,10,27030.0,Completed
2024-10-17,Zainab Tarek,info@market.eg,Home Decor,1232.0,8,9856.0,Refunded
2024-12-26,Marwan Khaled,contact@service.org,Home Decor,2966.0,6,17796.0,Completed
2024-12-04,Marwan Khaled,contact@service.org,Home Decor,3801.0,8,30408.0,Shipped
2024-06-03,Ahmed Ali,sales@hub.com,Books,1203.0,10,12030.0,Pending
2024-03-04,Mona Zaki,sales@hub.com,Electronics,1277.0,7,8939.0,Pending
2024-08-12,Marwan Khaled,admin@tech.io,Groceries,2075.0,6,12450.0,Pending
2024-10-10,Mona Zaki,info@market.eg,Books,4664.0,6,27984.0,Pending
2024-12-09,Ahmed Ali,yomna.dev@email.com,Home Decor,3475.0,1,3475.0,Pending
2024-01-12,Sara Ahmed,m.zaki@mail.com,Groceries,2403.0,9,21627.0,Shipped
2024-05-07,Yomna Soror,yomna.dev@email.com,Office Supplies,1429.0,9,12861.0,Shipped
2024-05-08,Zainab Tarek,user1@mail.com,Clothing,3161.0,6,18966.0,Cancelled
2024-01-28,Layla Mohamed,admin@tech.io,Groceries,1753.0,2,3506.0,Cancelled
2024-04-15,Omar Farouk,test.a@web.net,Home Decor,1051.0,9,9459.0,Cancelled
2024-12-17,Ali Hassan,contact@service.org,Home Decor,1915.0,2,3830.0,Cancelled
2024-04-24,Mona Zaki,user1@mail.com,Books,1913.0,10,19130.0,Completed
2024-04-23,Mona Zaki,info@market.eg,Office Supplies,430.0,5,2150.0,Pending
2024-01-28,Omar Farouk,sales@hub.com,Office Supplies,1252.0,10,12520.0,Shipped
2024-08-05,Sara Ahmed,info@market.eg,Electronics,119.0,10,1190.0,Completed
2024-12-28,Huda Mansour,yomna.dev@email.com,Office Supplies,79.0,2,158.0,Cancelled
2024-02-07,Huda Mansour,user1@mail.com,Groceries,468.0,10,4680.0,Shipped
2024-07-16,Huda Mansour,admin@tech.io,Clothing,4278.0,8,34224.0,Pending
2024-10-26,Omar Farouk,info@market.eg,Office Supplies,2701.0,6,16206.0,Pending
2024-01-22,Omar Farouk,admin@tech.io,Office Supplies,2278.0,7,15946.0,Pending
2024-02-25,Zainab Tarek,sales@hub.com,Books,2250.0,8,18000.0,Completed
2024-04-13,Zainab Tarek,admin@tech.io,Groceries,1791.0,5,8955.0,Shipped
2024-08-21,Huda Mansour,,Groceries,1721.0,5,8605.0,Pending
2024-02-13,Ahmed Ali,m.zaki@mail.com,Home Decor,4218.0,2,8436.0,Shipped
2024-01-02,Sara Ahmed,user1@mail.com,Books,3050.0,6,18300.0,Shipped
2024-04-12,Yomna Soror,info@market.eg,Groceries,3843.0,10,38430.0,Shipped
2024-11-27,Sara Ahmed,test.a@web.net,Groceries,2068.0,7,14476.0,Shipped
2024-07-12,Ali Hassan,info@market.eg,Books,1329.0,1,1329.0,Pending
2024-11-01,Layla Mohamed,info@market.eg,Home Decor,1904.0,4,7616.0,Cancelled
2024-01-14,Sara Ahmed,yomna.dev@email.com,Clothing,2592.0,3,7776.0,Completed
2024-05-15,Mona Zaki,admin@tech.io,Groceries,785.0,6,4710.0,Shipped
2024-11-19,Yomna Soror,yomna.dev@email.com,Office Supplies,4362.0,6,26172.0,Completed
2024-10-23,Ali Hassan,sales@hub.com,Books,3011.0,10,30110.0,Refunded
2024-10-09,Huda Mansour,admin@tech.io,Books,2213.0,6,13278.0,Pending
2024-07-15,Sara Ahmed,admin@tech.io,Home Decor,1493.0,9,13437.0,Refunded
2024-11-28,Sara Ahmed,user1@mail.com,Home Decor,1310.0,2,2620.0,Pending
2024-05-28,Ali Hassan,yomna.dev@email.com,Groceries,1735.0,1,1735.0,Cancelled
2024-01-01,Sara Ahmed,yomna.dev@email.com,Books,2190.0,3,6570.0,Refunded
2024-08-22,Ali Hassan,info@market.eg,Books,769.0,3,2307.0,Cancelled
2024-08-13,Layla Mohamed,m.zaki@mail.com,Books,4747.0,5,23735.0,Refunded
2024-11-23,Zainab Tarek,admin@tech.io,Office Supplies,2142.0,10,21420.0,Cancelled
2024-05-07,Layla Mohamed,admin@tech.io,Clothing,3129.0,6,18774.0,Pending
2024-10-10,Ali Hassan,contact@service.org,Office Supplies,3446.0,1,3446.0,Completed
2024-12-11,Zainab Tarek,m.zaki@mail.com,Clothing,69.0,7,483.0,Cancelled
2024-02-27,Marwan Khaled,yomna.dev@email.com,Home Decor,1716.0,8,13728.0,Refunded
2024-04-12,Omar Farouk,yomna.dev@email.com,Electronics,2998.0,9,26982.0,Completed
2024-03-15,Omar Farouk,info@market.eg,Books,699.0,4,2796.0,Shipped
2024-04-07,Zainab Tarek,info@market.eg,Office Supplies,2514.0,1,2514.0,Pending
2024-06-26,Marwan Khaled,sales@hub.com,Electronics,4757.0,1,4757.0,Pending
2024-06-07,Layla Mohamed,m.zaki@mail.com,Groceries,559.0,6,3354.0,Pending
2024-01-01,Yomna Soror,user1@mail.com,Office Supplies,2068.0,6,12408.0,Completed
2024-02-02,Zainab Tarek,user1@mail.com,Books,3018.0,5,15090.0,Refunded
2024-12-19,Layla Mohamed,contact@service.org,Clothing,4024.0,5,20120.0,Pending
2024-05-20,Huda Mansour,info@market.eg,Home Decor,2430.0,9,21870.0,Completed
2024-07-06,Omar Farouk,m.zaki@mail.com,Home Decor,1600.0,7,11200.0,Cancelled
2024-07-15,Mona Zaki,admin@tech.io,Books,2119.0,8,16952.0,Pending
2024-02-21,Mona Zaki,yomna.dev@email.com,Home Decor,1952.0,10,19520.0,Pending
2024-03-12,Ali Hassan,sales@hub.com,Office Supplies,542.0,1,542.0,Pending
2024-02-13,Ahmed Ali,info@market.eg,Clothing,3402.0,1,3402.0,Completed
2024-01-16,Huda Mansour,admin@tech.io,Home Decor,4959.0,4,19836.0,Completed
2024-04-22,Layla Mohamed,m.zaki@mail.com,Electronics,555.0,7,3885.0,Shipped
2024-12-15,Omar Farouk,info@market.eg,Electronics,4029.0,2,8058.0,Cancelled
2024-11-14,Omar Farouk,yomna.dev@email.com,Books,1090.0,6,6540.0,Pending
2024-05-23,Omar Farouk,test.a@web.net,Clothing,1848.0,6,11088.0,Cancelled
2024-06-28,Sara Ahmed,info@market.eg,Clothing,3204.0,8,25632.0,Refunded
2024-12-04,Yomna Soror,sales@hub.com,Home Decor,3195.0,9,28755.0,Cancelled
2024-10-07,Yomna Soror,test.a@web.net,Clothing,1503.0,1,1503.0,Cancelled
2024-09-16,Zainab Tarek,yomna.dev@email.com,Books,530.0,1,530.0,Pending
2024-04-03,Marwan Khaled,test.a@web.net,Clothing,2814.0,6,16884.0,Pending
2024-09-03,Huda Mansour,contact@service.org,Office Supplies,3922.0,3,11766.0,Shipped
2024-04-06,Sara Ahmed,user1@mail.com,Office Supplies,3533.0,10,35330.0,Pending
2024-06-01,Marwan Khaled,info@market.eg,Home Decor,957.0,4,3828.0,Completed
2024-01-13,Layla Mohamed,admin@tech.io,Electronics,3132.0,6,18792.0,Cancelled
2024-02-15,Ali Hassan,test.a@web.net,Electronics,4687.0,3,14061.0,Completed
2024-01-24,Sara Ahmed,yomna.dev@email.com,Books,3686.0,8,29488.0,Pending
2024-07-02,Sara Ahmed,m.zaki@mail.com,Office Supplies,2867.0,6,17202.0,Pending
2024-11-20,Sara Ahmed,m.zaki@mail.com,Office Supplies,691.0,3,2073.0,Shipped
2024-04-13,Omar Farouk,info@market.eg,Clothing,1051.0,2,2102.0,Cancelled
2024-02-26,Ali Hassan,m.zaki@mail.com,Clothing,4963.0,5,24815.0,Pending
2024-10-27,Ahmed Ali,m.zaki@mail.com,Office Supplies,2713.0,4,10852.0,Shipped
2024-01-21,Zainab Tarek,test.a@web.net,Groceries,4623.0,7,32361.0,Cancelled
2024-09-23,Huda Mansour,m.zaki@mail.com,Office Supplies,1112.0,1,1112.0,Cancelled
2024-10-19,Zainab Tarek,m.zaki@mail.com,Books,2883.0,6,17298.0,Refunded
2024-05-27,Sara Ahmed,test.a@web.net,Office Supplies,2258.0,7,15806.0,Shipped
2024-06-06,Marwan Khaled,m.zaki@mail.com,Books,746.0,6,4476.0,Completed
2024-06-09,Huda Mansour,m.zaki@mail.com,Clothing,1418.0,6,8508.0,Cancelled
2024-10-04,Yomna Soror,user1@mail.com,Electronics,3605.0,4,14420.0,Completed
2024-07-16,Zainab Tarek,test.a@web.net,Home Decor,2316.0,4,9264.0,Refunded
2024-03-09,Ali Hassan,test.a@web.net,Groceries,744.0,1,744.0,Completed
2024-07-22,Huda Mansour,user1@mail.com,Clothing,1505.0,7,10535.0,Refunded
2024-11-10,Zainab Tarek,admin@tech.io,Books,3027.0,6,18162.0,Cancelled
2024-01-18,Zainab Tarek,sales@hub.com,Office Supplies,2811.0,6,16866.0,Pending
2024-07-01,Layla Mohamed,contact@service.org,Books,2290.0,7,16030.0,Completed
2024-12-11,Layla Mohamed,m.zaki@mail.com,Books,4554.0,9,40986.0,Pending
2024-11-03,Omar Farouk,contact@service.org,Home Decor,3992.0,9,35928.0,Completed
2024-08-18,Zainab Tarek,user1@mail.com,Groceries,1100.0,1,1100.0,Cancelled
2024-12-03,Omar Farouk,sales@hub.com,Home Decor,1495.0,10,14950.0,Shipped
2024-04-16,Ahmed Ali,info@market.eg,Electronics,534.0,5,2670.0,Pending
2024-04-21,Sara Ahmed,sales@hub.com,Books,4151.0,1,4151.0,Cancelled
2024-12-06,Marwan Khaled,user1@mail.com,Electronics,2700.0,6,16200.0,Shipped
2024-08-20,Layla Mohamed,sales@hub.com,Books,691.0,6,4146.0,Pending
2024-06-23,Huda Mansour,test.a@web.net,Home Decor,3917.0,10,39170.0,Completed
2024-03-28,Zainab Tarek,test.a@web.net,Groceries,866.0,4,3464.0,Refunded
2024-10-01,Marwan Khaled,contact@service.org,Books,4007.0,1,4007.0,Pending
2024-03-25,Sara Ahmed,sales@hub.com,Electronics,1898.0,6,11388.0,Cancelled
2024-11-09,Layla Mohamed,admin@tech.io,Clothing,55.0,8,440.0,Shipped
2024-04-06,Omar Farouk,contact@service.org,Groceries,3402.0,2,6804.0,Refunded
2024-05-14,Ali Hassan,admin@tech.io,Office Supplies,4305.0,4,17220.0,Shipped
2024-04-12,Yomna Soror,yomna.dev@email.com,Clothing,1033.0,8,8264.0,Refunded
2024-08-10,Layla Mohamed,m.zaki@mail.com,Electronics,4903.0,10,49030.0,Cancelled
2024-01-14,Huda Mansour,m.zaki@mail.com,Electronics,3224.0,6,19344.0,Refunded
2024-11-08,Zainab Tarek,m.zaki@mail.com,Groceries,1295.0,7,9065.0,Shipped
2024-01-16,Zainab Tarek,user1@mail.com,Home Decor,290.0,5,1450.0,Completed
2024-02-03,Sara Ahmed,m.zaki@mail.com,Home Decor,1693.0,9,15237.0,Completed
2024-10-07,Zainab Tarek,test.a@web.net,Books,743.0,9,6687.0,Shipped
2024-06-24,Zainab Tarek,sales@hub.com,Office Supplies,4500.0,1,4500.0,Refunded
2024-01-21,Marwan Khaled,contact@service.org,Clothing,897.0,5,4485.0,Refunded
2024-05-03,Ali Hassan,m.zaki@mail.com,Clothing,1428.0,2,2856.0,Completed
2024-03-11,Mona Zaki,test.a@web.net,Electronics,1975.0,2,3950.0,Shipped
2024-05-18,Sara Ahmed,admin@tech.io,Office Supplies,3577.0,3,10731.0,Refunded
2024-02-22,Ahmed Ali,test.a@web.net,Electronics,3213.0,4,12852.0,Shipped
2024-05-09,Yomna Soror,yomna.dev@email.com,Books,4879.0,5,24395.0,Cancelled
2024-05-28,Mona Zaki,contact@service.org,Home Decor,2121.0,4,8484.0,Pending
2024-02-02,Zainab Tarek,test.a@web.net,Groceries,827.0,4,3308.0,Pending
2024-08-25,Yomna Soror,sales@hub.com,Home Decor,3570.0,7,24990.0,Shipped
2024-05-19,Ahmed Ali,sales@hub.com,Groceries,3610.0,9,32490.0,Refunded
2024-12-19,Ali Hassan,info@market.eg,Office Supplies,1171.0,10,11710.0,Completed
2024-01-18,Ali Hassan,contact@service.org,Books,451.0,4,1804.0,Cancelled
2024-05-16,Marwan Khaled,admin@tech.io,Electronics,1953.0,1,1953.0,Shipped
2024-01-01,Mona Zaki,m.zaki@mail.com,Home Decor,2642.0,2,5284.0,Completed
2024-09-08,Ali Hassan,info@market.eg,Electronics,1286.0,6,7716.0,Shipped
2024-02-09,Zainab Tarek,m.zaki@mail.com,Home Decor,2715.0,5,13575.0,Pending
2024-12-26,Sara Ahmed,test.a@web.net,Groceries,2395.0,7,16765.0,Refunded
2024-04-01,Ali Hassan,yomna.dev@email.com,Groceries,4430.0,7,31010.0,Cancelled
2024-03-17,Zainab Tarek,contact@service.org,Groceries,3612.0,7,25284.0,Completed
2024-11-22,Layla Mohamed,m.zaki@mail.com,Office Supplies,1800.0,5,9000.0,Pending
2024-01-07,Zainab Tarek,user1@mail.com,Books,4096.0,2,8192.0,Refunded
2024-09-25,Zainab Tarek,sales@hub.com,Groceries,1812.0,4,7248.0,Pending
2024-04-16,Ali Hassan,user1@mail.com,Clothing,3318.0,8,26544.0,Shipped
2024-09-25,Sara Ahmed,info@market.eg,Home Decor,1806.0,7,12642.0,Refunded
2024-06-14,Yomna Soror,sales@hub.com,Electronics,3848.0,2,7696.0,Pending
2024-07-15,Sara Ahmed,contact@service.org,Home Decor,2224.0,1,2224.0,Refunded
2024-06-21,Ahmed Ali,test.a@web.net,Home Decor,1182.0,4,4728.0,Pending
2024-10-11,Ahmed Ali,admin@tech.io,Clothing,462.0,3,1386.0,Pending
2024-09-01,Huda Mansour,m.zaki@mail.com,Office Supplies,2552.0,7,17864.0,Pending
2024-12-16,Marwan Khaled,test.a@web.net,Books,4893.0,2,9786.0,Shipped
2024-12-28,Layla Mohamed,test.a@web.net,Groceries,1698.0,10,16980.0,Pending
2024-11-08,Mona Zaki,test.a@web.net,Books,2992.0,10,29920.0,Completed
2024-01-01,Sara Ahmed,yomna.dev@email.com,Books,3750.0,7,26250.0,Refunded
2024-05-12,Sara Ahmed,sales@hub.com,Electronics,1730.0,5,8650.0,Completed
2024-02-14,Zainab Tarek,sales@hub.com,Home Decor,4844.0,1,4844.0,Completed
2024-12-19,Omar Farouk,user1@mail.com,Clothing,662.0,6,3972.0,Pending
2024-04-17,Sara Ahmed,yomna.dev@email.com,Groceries,3030.0,8,24240.0,Refunded
2024-03-27,Omar Farouk,m.zaki@mail.com,Groceries,3596.0,5,17980.0,Completed
2024-06-27,Ali Hassan,user1@mail.com,Electronics,1335.0,6,8010.0,Refunded
2024-04-17,Huda Mansour,info@market.eg,Electronics,3122.0,2,6244.0,Refunded
2024-01-23,Marwan Khaled,yomna.dev@email.com,Books,1342.0,9,12078.0,Shipped
2024-08-26,Ali Hassan,yomna.dev@email.com,Home Decor,1770.0,1,1770.0,Cancelled
2024-08-15,Omar Farouk,sales@hub.com,Groceries,2373.0,10,23730.0,Cancelled
2024-06-17,Yomna Soror,sales@hub.com,Groceries,3903.0,4,15612.0,Refunded
2024-05-08,Zainab Tarek,admin@tech.io,Electronics,3597.0,1,3597.0,Refunded
2024-04-01,Ali Hassan,test.a@web.net,Clothing,3620.0,2,7240.0,Completed
2024-01-07,Mona Zaki,test.a@web.net,Groceries,3082.0,7,21574.0,Pending
2024-08-27,Yomna Soror,yomna.dev@email.com,Books,4621.0,2,9242.0,Cancelled
2024-05-12,Ahmed Ali,admin@tech.io,Books,3915.0,3,11745.0,Cancelled
2024-03-19,Sara Ahmed,m.zaki@mail.com,Groceries,1812.0,6,10872.0,Refunded
2024-08-22,Omar Farouk,test.a@web.net,Books,3394.0,4,13576.0,Pending
2024-07-14,Omar Farouk,test.a@web.net,Groceries,1320.0,6,7920.0,Pending
2024-08-12,Huda Mansour,m.zaki@mail.com,Electronics,430.0,6,2580.0,Shipped
2024-06-23,Zainab Tarek,test.a@web.net,Clothing,3052.0,10,30520.0,Pending
2024-06-20,Huda Mansour,test.a@web.net,Office Supplies,4900.0,8,39200.0,Refunded
2024-11-08,Huda Mansour,contact@service.org,Books,920.0,2,1840.0,Pending
2024-12-06,Sara Ahmed,info@market.eg,Home Decor,3641.0,5,18205.0,Refunded
2024-03-28,Mona Zaki,yomna.dev@email.com,Electronics,2750.0,3,8250.0,Completed
2024-10-13,Ali Hassan,info@market.eg,Electronics,239.0,3,717.0,Pending
2024-07-15,Zainab Tarek,test.a@web.net,Home Decor,2682.0,10,26820.0,Completed
2024-06-01,Ali Hassan,admin@tech.io,Home Decor,374.0,10,3740.0,Completed
2024-12-25,Yomna Soror,admin@tech.io,Electronics,2838.0,10,28380.0,Pending
2024-02-04,Huda Mansour,test.a@web.net,Clothing,2724.0,9,24516.0,Pending
2024-11-18,Mona Zaki,m.zaki@mail.com,Groceries,2269.0,4,9076.0,Pending
2024-04-13,Omar Farouk,test.a@web.net,Books,1057.0,7,7399.0,Completed
2024-05-25,Yomna Soror,test.a@web.net,Clothing,3172.0,8,25376.0,Completed
2024-10-14,Sara Ahmed,admin@tech.io,Books,4672.0,1,4672.0,Completed
2024-06-02,Marwan Khaled,test.a@web.net,Clothing,492.0,8,3936.0,Pending
2024-02-04,Layla Mohamed,yomna.dev@email.com,Electronics,3629.0,4,14516.0,Refunded
2024-10-04,Ahmed Ali,sales@hub.com,Groceries,2852.0,6,17112.0,Pending
2024-10-15,Mona Zaki,admin@tech.io,Clothing,1498.0,2,2996.0,Shipped
2024-08-28,Marwan Khaled,info@market.eg,Office Supplies,2763.0,2,5526.0,Refunded
2024-05-07,Ahmed Ali,sales@hub.com,Books,448.0,9,4032.0,Cancelled
2024-03-07,Sara Ahmed,info@market.eg,Clothing,2555.0,6,15330.0,Refunded
2024-05-09,Yomna Soror,admin@tech.io,Office Supplies,4755.0,4,19020.0,Pending
2024-09-05,Mona Zaki,yomna.dev@email.com,Electronics,1047.0,2,2094.0,Completed
2024-11-05,Mona Zaki,info@market.eg,Home Decor,647.0,2,1294.0,Shipped
2024-03-11,Omar Farouk,info@market.eg,Office Supplies,1706.0,8,13648.0,Pending
2024-06-18,Layla Mohamed,m.zaki@mail.com,Office Supplies,2263.0,5,11315.0,Refunded
2024-10-02,Ahmed Ali,m.zaki@mail.com,Electronics,1362.0,9,12258.0,Shipped
2024-07-13,Mona Zaki,contact@service.org,Office Supplies,4445.0,6,26670.0,Refunded
2024-10-03,Sara Ahmed,admin@tech.io,Office Supplies,3284.0,5,16420.0,Pending
2024-01-03,Layla Mohamed,m.zaki@mail.com,Clothing,1630.0,3,4890.0,Cancelled
2024-10-22,Mona Zaki,user1@mail.com,Electronics,2279.0,7,15953.0,Cancelled
2024-08-27,Omar Farouk,contact@service.org,Clothing,1338.0,3,4014.0,Shipped
2024-09-02,Huda Mansour,test.a@web.net,Home Decor,4540.0,2,9080.0,Completed
2024-06-06,Layla Mohamed,user1@mail.com,Groceries,4874.0,1,4874.0,Completed
2024-08-14,Omar Farouk,sales@hub.com,Books,970.0,1,970.0,Cancelled
2024-09-19,Yomna Soror,contact@service.org,Electronics,95.0,7,665.0,Cancelled
2024-02-17,Sara Ahmed,admin@tech.io,Groceries,566.0,4,2264.0,Cancelled
2024-02-01,Zainab Tarek,yomna.dev@email.com,Clothing,681.0,7,4767.0,Completed
2024-03-26,Marwan Khaled,test.a@web.net,Home Decor,3186.0,4,12744.0,Cancelled
2024-09-22,Layla Mohamed,yomna.dev@email.com,Home Decor,2860.0,2,5720.0,Pending
2024-12-23,Huda Mansour,sales@hub.com,Groceries,1173.0,1,1173.0,Completed
2024-04-19,Zainab Tarek,user1@mail.com,Office Supplies,1256.0,5,6280.0,Shipped
2024-01-12,Yomna Soror,admin@tech.io,Office Supplies,2865.0,7,20055.0,Cancelled
2024-11-28,Huda Mansour,sales@hub.com,Books,1159.0,1,1159.0,Cancelled
2024-03-06,Omar Farouk,sales@hub.com,Electronics,2514.0,8,20112.0,Completed
2024-07-16,Mona Zaki,contact@service.org,Clothing,3783.0,4,15132.0,Pending
2024-02-04,Omar Farouk,user1@mail.com,Office Supplies,3362.0,10,33620.0,Refunded
2024-03-15,Huda Mansour,user1@mail.com,Electronics,2006.0,1,2006.0,Pending
2024-11-01,Zainab Tarek,info@market.eg,Groceries,4175.0,8,33400.0,Refunded
2024-11-26,Omar Farouk,user1@mail.com,Books,1456.0,2,2912.0,Completed
2024-12-05,Mona Zaki,sales@hub.com,Electronics,1173.0,2,2346.0,Shipped
2024-09-04,Omar Farouk,contact@service.org,Clothing,491.0,5,2455.0,Shipped
2024-01-12,Ahmed Ali,info@market.eg,Groceries,4704.0,2,9408.0,Completed
2024-08-04,Omar Farouk,m.zaki@mail.com,Groceries,4202.0,10,42020.0,Completed
2024-07-08,Ali Hassan,yomna.dev@email.com,Groceries,3830.0,9,34470.0,Completed
2024-10-19,Zainab Tarek,contact@service.org,Books,3632.0,4,14528.0,Completed
2024-01-18,Mona Zaki,yomna.dev@email.com,Clothing,4745.0,2,9490.0,Completed
2024-05-04,Zainab Tarek,yomna.dev@email.com,Home Decor,1600.0,3,4800.0,Shipped
2024-01-01,Huda Mansour,admin@tech.io,Office Supplies,2462.0,6,14772.0,Completed
2024-05-23,Ali Hassan,,Clothing,3117.0,3,9351.0,Completed
2024-11-23,Zainab Tarek,sales@hub.com,Home Decor,4541.0,8,36328.0,Cancelled
2024-06-19,Zainab Tarek,contact@service.org,Electronics,1974.0,9,17766.0,Refunded
2024-03-18,Ahmed Ali,sales@hub.com,Home Decor,2929.0,5,14645.0,Refunded
2024-03-23,Ahmed Ali,test.a@web.net,Electronics,2756.0,2,5512.0,Completed
2024-10-02,Marwan Khaled,m.zaki@mail.com,Home Decor,4489.0,4,17956.0,Cancelled
2024-08-03,Yomna Soror,contact@service.org,Clothing,2864.0,2,5728.0,Cancelled
2024-01-26,Ahmed Ali,sales@hub.com,Home Decor,1427.0,9,12843.0,Shipped
2024-04-13,Yomna Soror,info@market.eg,Home Decor,3833.0,3,11499.0,Completed
2024-03-15,Ahmed Ali,contact@service.org,Home Decor,2287.0,9,20583.0,Shipped
2024-07-20,Sara Ahmed,user1@mail.com,Groceries,4116.0,8,32928.0,Cancelled
2024-02-26,Layla Mohamed,admin@tech.io,Electronics,2514.0,1,2514.0,Shipped
2024-01-22,Zainab Tarek,info@market.eg,Books,1894.0,10,18940.0,Completed
2024-08-26,Marwan Khaled,test.a@web.net,Office Supplies,220.0,8,1760.0,Completed
2024-07-21,Yomna Soror,user1@mail.com,Home Decor,1659.0,6,9954.0,Completed
2024-06-07,Mona Zaki,m.zaki@mail.com,Books,4092.0,1,4092.0,Refunded
2024-11-06,Zainab Tarek,contact@service.org,Electronics,1404.0,4,5616.0,Pending
2024-08-23,Marwan Khaled,info@market.eg,Books,858.0,6,5148.0,Cancelled
2024-02-02,Sara Ahmed,yomna.dev@email.com,Groceries,1818.0,2,3636.0,Completed
2024-09-09,Ali Hassan,user1@mail.com,Home Decor,392.0,1,392.0,Pending
2024-01-14,Omar Farouk,contact@service.org,Clothing,3663.0,1,3663.0,Shipped
2024-11-10,Omar Farouk,user1@mail.com,Home Decor,679.0,10,6790.0,Pending
2024-09-11,Ahmed Ali,info@market.eg,Electronics,666.0,8,5328.0,Completed
2024-05-22,Zainab Tarek,yomna.dev@email.com,Books,2080.0,2,4160.0,Pending
2024-04-13,Ali Hassan,info@market.eg,Clothing,2113.0,3,6339.0,Cancelled
2024-09-01,Marwan Khaled,info@market.eg,Electronics,3608.0,6,21648.0,Refunded
2024-03-21,Ali Hassan,user1@mail.com,Groceries,4070.0,2,8140.0,Completed
2024-09-01,Zainab Tarek,sales@hub.com,Books,802.0,9,7218.0,Shipped
2024-12-22,Marwan Khaled,contact@service.org,Clothing,2415.0,3,7245.0,Completed
2024-07-17,Sara Ahmed,test.a@web.net,Books,2510.0,3,7530.0,Pending
2024-03-12,Omar Farouk,test.a@web.net,Groceries,2036.0,8,16288.0,Cancelled
2024-12-20,Mona Zaki,admin@tech.io,Office Supplies,2571.0,9,23139.0,Pending
2024-07-19,Mona Zaki,yomna.dev@email.com,Electronics,774.0,2,1548.0,Shipped
2024-11-18,Mona Zaki,,Groceries,1785.0,2,3570.0,Completed
2024-03-26,Zainab Tarek,sales@hub.com,Books,4297.0,4,17188.0,Pending
2024-05-27,Ahmed Ali,sales@hub.com,Home Decor,665.0,4,2660.0,Cancelled
2024-04-04,Mona Zaki,info@market.eg,Office Supplies,2436.0,6,14616.0,Shipped
2024-11-15,Mona Zaki,admin@tech.io,Books,1848.0,10,18480.0,Cancelled
2024-01-04,Zainab Tarek,info@market.eg,Office Supplies,4173.0,2,8346.0,Completed
2024-08-06,Huda Mansour,info@market.eg,Home Decor,857.0,7,5999.0,Pending
2024-06-02,Sara Ahmed,admin@tech.io,Electronics,815.0,5,4075.0,Completed
2024-08-16,Yomna Soror,contact@service.org,Home Decor,2875.0,4,11500.0,Completed
2024-04-16,Huda Mansour,user1@mail.com,Books,3537.0,10,35370.0,Pending
2024-06-06,Sara Ahmed,sales@hub.com,Books,4057.0,5,20285.0,Pending
2024-08-05,Layla Mohamed,m.zaki@mail.com,Home Decor,531.0,7,3717.0,Refunded
2024-11-28,Huda Mansour,user1@mail.com,Books,4448.0,1,4448.0,Cancelled
2024-02-25,Layla Mohamed,sales@hub.com,Home Decor,399.0,7,2793.0,Pending
2024-01-09,Sara Ahmed,m.zaki@mail.com,Electronics,997.0,3,2991.0,Completed
2024-02-08,Marwan Khaled,yomna.dev@email.com,Books,1777.0,2,3554.0,Refunded
2024-03-21,Ahmed Ali,info@market.eg,Office Supplies,1273.0,1,1273.0,Refunded
2024-07-06,Mona Zaki,admin@tech.io,Books,2719.0,9,24471.0,Completed
2024-08-09,Omar Farouk,m.zaki@mail.com,Electronics,3248.0,9,29232.0,Cancelled
2024-12-10,Ali Hassan,sales@hub.com,Home Decor,1943.0,2,3886.0,Cancelled
2024-09-12,Ahmed Ali,m.zaki@mail.com,Home Decor,2064.0,2,4128.0,Pending
2024-07-01,Zainab Tarek,info@market.eg,Books,1699.0,10,16990.0,Refunded
2024-02-04,Omar Farouk,yomna.dev@email.com,Groceries,3918.0,5,19590.0,Shipped
2024-05-02,Yomna Soror,m.zaki@mail.com,Clothing,1025.0,7,7175.0,Cancelled
2024-10-10,Marwan Khaled,test.a@web.net,Books,3783.0,4,15132.0,Cancelled
2024-06-23,Huda Mansour,sales@hub.com,Groceries,723.0,8,5784.0,Shipped
2024-04-24,Huda Mansour,contact@service.org,Electronics,203.0,4,812.0,Completed
2024-07-26,Sara Ahmed,admin@tech.io,Groceries,4996.0,3,14988.0,Pending
2024-03-20,Ahmed Ali,contact@service.org,Home Decor,361.0,3,1083.0,Pending
2024-09-20,Marwan Khaled,test.a@web.net,Groceries,758.0,5,3790.0,Pending
2024-01-01,Huda Mansour,info@market.eg,Home Decor,3371.0,6,20226.0,Pending
2024-10-12,Ali Hassan,yomna.dev@email.com,Books,3400.0,9,30600.0,Shipped
2024-02-20,Huda Mansour,m.zaki@mail.com,Office Supplies,2255.0,3,6765.0,Shipped
2024-10-07,Omar Farouk,sales@hub.com,Home Decor,3069.0,4,12276.0,Pending
2024-10-03,Omar Farouk,admin@tech.io,Books,2250.0,3,6750.0,Cancelled
2024-07-02,Ali Hassan,sales@hub.com,Electronics,305.0,3,915.0,Refunded
2024-10-07,Zainab Tarek,contact@service.org,Electronics,1546.0,10,15460.0,Pending
2024-10-10,Mona Zaki,,Groceries,526.0,3,1578.0,Refunded
2024-07-03,Ali Hassan,test.a@web.net,Office Supplies,2451.0,9,22059.0,Completed
2024-06-23,Huda Mansour,user1@mail.com,Home Decor,54.0,1,54.0,Completed
2024-05-13,Huda Mansour,test.a@web.net,Electronics,3136.0,7,21952.0,Refunded
2024-12-16,Omar Farouk,m.zaki@mail.com,Groceries,3208.0,9,28872.0,Pending
2024-06-12,Ali Hassan,admin@tech.io,Groceries,4166.0,7,29162.0,Completed
2024-03-28,Ali Hassan,test.a@web.net,Books,2080.0,8,16640.0,Pending
2024-01-05,Ali Hassan,yomna.dev@email.com,Office Supplies,3035.0,8,24280.0,Cancelled
2024-04-23,Omar Farouk,info@market.eg,Books,4702.0,3,14106.0,Cancelled
2024-02-02,Huda Mansour,test.a@web.net,Home Decor,1644.0,2,3288.0,Shipped
2024-01-10,Zainab Tarek,contact@service.org,Books,4441.0,8,35528.0,Pending
2024-03-15,Sara Ahmed,user1@mail.com,Groceries,338.0,5,1690.0,Cancelled
2024-07-21,Omar Farouk,test.a@web.net,Groceries,1310.0,5,6550.0,Pending
2024-01-13,Yomna Soror,yomna.dev@email.com,Home Decor,2732.0,4,10928.0,Cancelled
2024-10-01,Mona Zaki,info@market.eg,Home Decor,1197.0,2,2394.0,Shipped
2024-02-02,Ahmed Ali,contact@service.org,Electronics,2605.0,8,20840.0,Shipped
2024-04-24,Huda Mansour,user1@mail.com,Office Supplies,4945.0,6,29670.0,Refunded
2024-05-08,Yomna Soror,test.a@web.net,Clothing,3609.0,1,3609.0,Cancelled
2024-03-08,Marwan Khaled,contact@service.org,Groceries,2181.0,6,13086.0,Pending
2024-03-06,Yomna Soror,user1@mail.com,Home Decor,3672.0,3,11016.0,Cancelled
2024-10-23,Sara Ahmed,user1@mail.com,Books,3583.0,2,7166.0,Cancelled
2024-03-15,Layla Mohamed,sales@hub.com,Clothing,399.0,6,2394.0,Pending
2024-07-01,Yomna Soror,admin@tech.io,Electronics,2312.0,3,6936.0,Refunded
2024-04-01,Yomna Soror,test.a@web.net,Office Supplies,3354.0,1,3354.0,Shipped
2024-04-22,Layla Mohamed,yomna.dev@email.com,Groceries,1351.0,10,13510.0,Completed
2024-09-03,Zainab Tarek,yomna.dev@email.com,Home Decor,3282.0,6,19692.0,Completed
2024-02-09,Yomna Soror,test.a@web.net,Clothing,511.0,5,2555.0,Refunded
2024-05-23,Yomna Soror,user1@mail.com,Electronics,4166.0,9,37494.0,Pending
2024-05-25,Ali Hassan,info@market.eg,Books,1763.0,9,15867.0,Shipped
2024-07-09,Ali Hassan,contact@service.org,Home Decor,900.0,4,3600.0,Shipped
2024-07-23,Zainab Tarek,admin@tech.io,Office Supplies,1002.0,8,8016.0,Completed
2024-05-18,Mona Zaki,contact@service.org,Electronics,4539.0,3,13617.0,Pending
2024-05-11,Marwan Khaled,user1@mail.com,Groceries,4906.0,2,9812.0,Refunded
2024-03-14,Ali Hassan,user1@mail.com,Books,3473.0,8,27784.0,Cancelled
2024-03-02,Ahmed Ali,info@market.eg,Groceries,1156.0,3,3468.0,Pending
2024-03-21,Yomna Soror,yomna.dev@email.com,Electronics,2344.0,9,21096.0,Shipped
2024-12-10,Omar Farouk,test.a@web.net,Electronics,1748.0,6,10488.0,Shipped
2024-04-17,Omar Farouk,admin@tech.io,Books,1210.0,4,4840.0,Cancelled
2024-10-18,Ali Hassan,test.a@web.net,Clothing,4101.0,10,41010.0,Refunded
2024-07-18,Mona Zaki,sales@hub.com,Clothing,836.0,1,836.0,Shipped
2024-11-28,Layla Mohamed,test.a@web.net,Groceries,1846.0,1,1846.0,Refunded
2024-01-07,Omar Farouk,m.zaki@mail.com,Books,3989.0,4,15956.0,Cancelled
2024-05-19,Huda Mansour,contact@service.org,Books,2843.0,8,22744.0,Shipped
2024-01-05,Omar Farouk,admin@tech.io,Office Supplies,4615.0,1,4615.0,Refunded
2024-12-05,Mona Zaki,contact@service.org,Home Decor,1223.0,2,2446.0,Shipped
2024-11-15,Omar Farouk,user1@mail.com,Clothing,4112.0,10,41120.0,Completed
2024-11-25,Layla Mohamed,info@market.eg,Books,4882.0,6,29292.0,Refunded
2024-02-25,Ali Hassan,user1@mail.com,Clothing,2489.0,5,12445.0,Pending
2024-07-26,Layla Mohamed,contact@service.org,Clothing,2279.0,2,4558.0,Completed
2024-12-10,Ahmed Ali,contact@service.org,Electronics,4527.0,5,22635.0,Pending
2024-07-19,Layla Mohamed,info@market.eg,Groceries,2539.0,2,5078.0,Completed
2024-04-14,Layla Mohamed,yomna.dev@email.com,Clothing,4431.0,1,4431.0,Cancelled
2024-10-16,Sara Ahmed,user1@mail.com,Books,3820.0,3,11460.0,Cancelled
2024-10-07,Mona Zaki,test.a@web.net,Home Decor,1773.0,4,7092.0,Pending
2024-09-26,Omar Farouk,contact@service.org,Office Supplies,3339.0,10,33390.0,Cancelled
2024-08-21,Huda Mansour,test.a@web.net,Groceries,3716.0,3,11148.0,Shipped
2024-11-05,Ahmed Ali,sales@hub.com,Books,4461.0,4,17844.0,Refunded
2024-11-05,Zainab Tarek,info@market.eg,Clothing,129.0,7,903.0,Pending
2024-06-17,Mona Zaki,contact@service.org,Clothing,4680.0,3,14040.0,Completed
2024-08-26,Zainab Tarek,sales@hub.com,Office Supplies,3297.0,8,26376.0,Cancelled
2024-05-16,Yomna Soror,contact@service.org,Books,1675.0,2,3350.0,Shipped
2024-06-01,Marwan Khaled,contact@service.org,Electronics,2214.0,9,19926.0,Completed
2024-12-22,Yomna Soror,sales@hub.com,Books,1386.0,10,13860.0,Refunded
2024-07-07,Mona Zaki,yomna.dev@email.com,Clothing,3459.0,1,3459.0,Completed
2024-01-01,Ali Hassan,yomna.dev@email.com,Office Supplies,2449.0,8,19592.0,Shipped
2024-04-02,Layla Mohamed,test.a@web.net,Home Decor,2313.0,3,6939.0,Shipped
2024-03-25,Zainab Tarek,contact@service.org,Groceries,1867.0,5,9335.0,Shipped
2024-12-06,Mona Zaki,sales@hub.com,Office Supplies,881.0,2,1762.0,Refunded
2024-06-09,Ahmed Ali,contact@service.org,Groceries,468.0,4,1872.0,Shipped
2024-03-02,Ahmed Ali,m.zaki@mail.com,Groceries,4229.0,9,38061.0,Shipped
2024-04-03,Sara Ahmed,admin@tech.io,Groceries,1832.0,6,10992.0,Shipped
2024-06-25,Zainab Tarek,contact@service.org,Home Decor,333.0,6,1998.0,Cancelled
2024-04-23,Ali Hassan,yomna.dev@email.com,Electronics,3465.0,6,20790.0,Refunded
2024-02-11,Huda Mansour,info@market.eg,Clothing,2395.0,2,4790.0,Shipped
2024-09-23,Yomna Soror,test.a@web.net,Electronics,381.0,5,1905.0,Shipped
2024-10-11,Ahmed Ali,test.a@web.net,Office Supplies,2194.0,9,19746.0,Pending
2024-12-02,Mona Zaki,test.a@web.net,Home Decor,4398.0,2,8796.0,Shipped
2024-05-09,Omar Farouk,user1@mail.com,Office Supplies,4001.0,8,32008.0,Completed
2024-03-19,Sara Ahmed,info@market.eg,Electronics,4830.0,8,38640.0,Pending
2024-12-06,Yomna Soror,admin@tech.io,Groceries,4544.0,9,40896.0,Completed
2024-09-15,Omar Farouk,sales@hub.com,Home Decor,562.0,10,5620.0,Completed
2024-08-10,Layla Mohamed,admin@tech.io,Electronics,4730.0,5,23650.0,Cancelled
2024-08-09,Layla Mohamed,info@market.eg,Home Decor,2391.0,8,19128.0,Shipped
2024-01-01,Ahmed Ali,test.a@web.net,Clothing,3577.0,10,35770.0,Shipped
2024-12-26,Sara Ahmed,admin@tech.io,Home Decor,99.0,4,396.0,Pending
2024-03-15,Yomna Soror,sales@hub.com,Electronics,3218.0,8,25744.0,Cancelled
2024-08-01,Sara Ahmed,,Groceries,4873.0,5,24365.0,Refunded
2024-09-24,Layla Mohamed,admin@tech.io,Groceries,1093.0,6,6558.0,Completed
2024-01-15,Mona Zaki,m.zaki@mail.com,Clothing,2763.0,2,5526.0,Completed
2024-12-05,Sara Ahmed,yomna.dev@email.com,Home Decor,877.0,6,5262.0,Cancelled
2024-10-09,Huda Mansour,m.zaki@mail.com,Groceries,1344.0,2,2688.0,Cancelled
2024-04-10,Mona Zaki,user1@mail.com,Groceries,576.0,9,5184.0,Shipped
2024-08-10,Yomna Soror,info@market.eg,Electronics,3479.0,5,17395.0,Pending
2024-02-01,Mona Zaki,contact@service.org,Groceries,1325.0,8,10600.0,Completed
2024-05-08,Huda Mansour,contact@service.org,Office Supplies,3305.0,10,33050.0,Refunded
2024-02-08,Ali Hassan,admin@tech.io,Clothing,355.0,7,2485.0,Completed
2024-08-20,Ahmed Ali,sales@hub.com,Home Decor,783.0,5,3915.0,Cancelled
2024-12-06,Ahmed Ali,info@market.eg,Groceries,4602.0,1,4602.0,Completed
2024-09-09,Omar Farouk,contact@service.org,Office Supplies,4728.0,9,42552.0,Pending
2024-12-18,Marwan Khaled,sales@hub.com,Electronics,1919.0,7,13433.0,Refunded
2024-08-22,Zainab Tarek,admin@tech.io,Office Supplies,2169.0,4,8676.0,Refunded
2024-03-13,Mona Zaki,yomna.dev@email.com,Home Decor,2899.0,4,11596.0,Cancelled
2024-07-27,Ali Hassan,contact@service.org,Groceries,397.0,5,1985.0,Cancelled
2024-09-14,Omar Farouk,user1@mail.com,Office Supplies,3354.0,3,10062.0,Shipped
2024-07-15,Huda Mansour,contact@service.org,Clothing,4708.0,3,14124.0,Completed
2024-11-05,Omar Farouk,sales@hub.com,Clothing,2083.0,7,14581.0,Refunded
2024-10-01,Ahmed Ali,m.zaki@mail.com,Books,486.0,3,1458.0,Refunded
2024-06-22,Ahmed Ali,admin@tech.io,Clothing,3705.0,9,33345.0,Pending
2024-06-13,Yomna Soror,m.zaki@mail.com,Books,96.0,9,864.0,Refunded
2024-02-06,Layla Mohamed,m.zaki@mail.com,Books,3953.0,10,39530.0,Refunded
2024-02-11,Sara Ahmed,sales@hub.com,Groceries,3724.0,9,33516.0,Refunded
2024-02-26,Mona Zaki,contact@service.org,Office Supplies,850.0,3,2550.0,Refunded
2024-07-23,Sara Ahmed,m.zaki@mail.com,Electronics,3224.0,3,9672.0,Cancelled
2024-07-10,Mona Zaki,m.zaki@mail.com,Clothing,1121.0,9,10089.0,Pending
2024-09-28,Huda Mansour,yomna.dev@email.com,Office Supplies,726.0,7,5082.0,Completed
2024-08-13,Zainab Tarek,user1@mail.com,Office Supplies,1152.0,6,6912.0,Cancelled
2024-01-11,Omar Farouk,sales@hub.com,Home Decor,4840.0,10,48400.0,Pending
2024-04-08,Ali Hassan,user1@mail.com,Electronics,3810.0,8,30480.0,Completed
2024-01-09,Omar Farouk,info@market.eg,Books,713.0,5,3565.0,Cancelled
2024-11-03,Sara Ahmed,yomna.dev@email.com,Groceries,3935.0,7,27545.0,Completed
2024-09-16,Yomna Soror,info@market.eg,Groceries,1123.0,4,4492.0,Cancelled
2024-06-06,Layla Mohamed,contact@service.org,Books,3252.0,9,29268.0,Pending
2024-10-25,Mona Zaki,user1@mail.com,Electronics,4114.0,2,8228.0,Completed
2024-06-13,Mona Zaki,sales@hub.com,Groceries,2898.0,6,17388.0,Cancelled
2024-07-03,Layla Mohamed,admin@tech.io,Electronics,4577.0,8,36616.0,Cancelled
2024-07-06,Marwan Khaled,m.zaki@mail.com,Groceries,4306.0,9,38754.0,Shipped
2024-05-22,Yomna Soror,sales@hub.com,Office Supplies,1601.0,4,6404.0,Pending
2024-05-23,Omar Farouk,m.zaki@mail.com,Office Supplies,3664.0,7,25648.0,Completed
2024-05-26,Layla Mohamed,admin@tech.io,Clothing,1735.0,7,12145.0,Shipped
2024-04-10,Mona Zaki,test.a@web.net,Office Supplies,1208.0,9,10872.0,Completed
2024-12-18,Yomna Soror,admin@tech.io,Electronics,3496.0,9,31464.0,Pending
2024-08-27,Omar Farouk,user1@mail.com,Clothing,1097.0,3,3291.0,Completed
2024-04-11,Zainab Tarek,info@market.eg,Office Supplies,4775.0,1,4775.0,Pending
2024-01-16,Huda Mansour,admin@tech.io,Electronics,376.0,3,1128.0,Shipped
2024-08-09,Ali Hassan,contact@service.org,Office Supplies,832.0,1,832.0,Shipped
2024-11-26,Mona Zaki,admin@tech.io,Home Decor,2182.0,6,13092.0,Refunded
2024-02-03,Omar Farouk,contact@service.org,Office Supplies,4858.0,3,14574.0,Pending
2024-01-21,Zainab Tarek,yomna.dev@email.com,Office Supplies,3964.0,3,11892.0,Completed
2024-08-13,Zainab Tarek,yomna.dev@email.com,Clothing,1288.0,3,3864.0,Refunded
2024-05-06,Marwan Khaled,,Groceries,2514.0,10,25140.0,Refunded
2024-08-07,Huda Mansour,m.zaki@mail.com,Books,59.0,8,472.0,Refunded
2024-02-21,Sara Ahmed,sales@hub.com,Clothing,1136.0,2,2272.0,Completed
2024-07-18,Ahmed Ali,yomna.dev@email.com,Office Supplies,4011.0,7,28077.0,Cancelled
2024-05-12,Layla Mohamed,sales@hub.com,Office Supplies,1601.0,5,8005.0,Completed
2024-09-04,Marwan Khaled,admin@tech.io,Electronics,313.0,6,1878.0,Pending
2024-06-21,Layla Mohamed,user1@mail.com,Groceries,585.0,8,4680.0,Pending
2024-07-27,Zainab Tarek,user1@mail.com,Clothing,610.0,10,6100.0,Refunded
2024-10-04,Sara Ahmed,m.zaki@mail.com,Home Decor,725.0,2,1450.0,Cancelled
2024-12-28,Sara Ahmed,m.zaki@mail.com,Home Decor,3722.0,2,7444.0,Shipped
2024-04-12,Ali Hassan,contact@service.org,Electronics,3914.0,9,35226.0,Pending
2024-05-10,Layla Mohamed,sales@hub.com,Books,588.0,9,5292.0,Completed
2024-11-07,Yomna Soror,sales@hub.com,Electronics,1177.0,5,5885.0,Pending
2024-04-22,Zainab Tarek,m.zaki@mail.com,Office Supplies,2310.0,10,23100.0,Cancelled
2024-06-01,Layla Mohamed,contact@service.org,Office Supplies,3809.0,5,19045.0,Pending
2024-11-27,Ahmed Ali,m.zaki@mail.com,Electronics,3500.0,5,17500.0,Completed
2024-11-22,Yomna Soror,admin@tech.io,Electronics,4027.0,4,16108.0,Pending
2024-07-21,Mona Zaki,test.a@web.net,Office Supplies,4314.0,1,4314.0,Refunded
2024-11-01,Yomna Soror,test.a@web.net,Groceries,3524.0,6,21144.0,Shipped
2024-10-10,Yomna Soror,info@market.eg,Home Decor,271.0,6,1626.0,Refunded
2024-05-17,Marwan Khaled,test.a@web.net,Books,240.0,5,1200.0,Refunded
2024-11-09,Ahmed Ali,info@market.eg,Home Decor,1444.0,2,2888.0,Refunded
2024-08-16,Sara Ahmed,sales@hub.com,Groceries,4641.0,9,41769.0,Pending
2024-03-24,Sara Ahmed,contact@service.org,Office Supplies,3722.0,9,33498.0,Cancelled
2024-09-20,Ali Hassan,user1@mail.com,Office Supplies,4628.0,4,18512.0,Shipped
2024-12-12,Ali Hassan,test.a@web.net,Clothing,1189.0,7,8323.0,Pending
2024-09-27,Ahmed Ali,m.zaki@mail.com,Books,76.0,9,684.0,Shipped
2024-02-06,Layla Mohamed,m.zaki@mail.com,Clothing,669.0,8,5352.0,Pending
2024-10-20,Ahmed Ali,test.a@web.net,Electronics,1735.0,10,17350.0,Refunded
2024-02-16,Ali Hassan,yomna.dev@email.com,Home Decor,3843.0,4,15372.0,Completed
2024-10-04,Yomna Soror,test.a@web.net,Electronics,2828.0,7,19796.0,Cancelled
2024-07-19,Yomna Soror,test.a@web.net,Electronics,4558.0,7,31906.0,Pending
2024-08-03,Ali Hassan,sales@hub.com,Clothing,1529.0,8,12232.0,Pending
2024-01-01,Ahmed Ali,test.a@web.net,Home Decor,2143.0,4,8572.0,Refunded
2024-08-18,Ali Hassan,yomna.dev@email.com,Books,2675.0,1,2675.0,Cancelled
2024-08-17,Huda Mansour,admin@tech.io,Electronics,2514.0,8,20112.0,Cancelled
2024-01-01,Mona Zaki,sales@hub.com,Clothing,181.0,9,1629.0,Cancelled
2024-05-11,Huda Mansour,user1@mail.com,Office Supplies,2924.0,6,17544.0,Completed
2024-06-27,Yomna Soror,m.zaki@mail.com,Office Supplies,65.0,5,325.0,Completed
2024-01-15,Ali Hassan,m.zaki@mail.com,Home Decor,4742.0,4,18968.0,Refunded
2024-05-18,Marwan Khaled,m.zaki@mail.com,Books,58.0,1,58.0,Completed
2024-08-02,Ali Hassan,admin@tech.io,Electronics,2057.0,8,16456.0,Shipped
2024-05-02,Sara Ahmed,sales@hub.com,Home Decor,1770.0,10,17700.0,Completed
2024-03-21,Ahmed Ali,info@market.eg,Electronics,3023.0,3,9069.0,Shipped
2024-02-07,Marwan Khaled,m.zaki@mail.com,Office Supplies,4125.0,8,33000.0,Pending
2024-04-10,Sara Ahmed,m.zaki@mail.com,Home Decor,2710.0,9,24390.0,Shipped
2024-03-03,Layla Mohamed,test.a@web.net,Clothing,3446.0,9,31014.0,Refunded
2024-01-26,Huda Mansour,m.zaki@mail.com,Clothing,1737.0,5,8685.0,Cancelled
2024-02-09,Zainab Tarek,m.zaki@mail.com,Groceries,4109.0,9,36981.0,Pending
2024-06-13,Zainab Tarek,m.zaki@mail.com,Office Supplies,4122.0,1,4122.0,Refunded
2024-08-20,Omar Farouk,contact@service.org,Electronics,1109.0,8,8872.0,Shipped
2024-04-25,Mona Zaki,yomna.dev@email.com,Home Decor,1427.0,4,5708.0,Pending
2024-12-22,Marwan Khaled,user1@mail.com,Office Supplies,4404.0,5,22020.0,Refunded
2024-09-06,Huda Mansour,user1@mail.com,Electronics,920.0,6,5520.0,Cancelled
2024-08-03,Layla Mohamed,m.zaki@mail.com,Groceries,4550.0,2,9100.0,Cancelled
2024-06-23,Yomna Soror,info@market.eg,Office Supplies,601.0,5,3005.0,Pending
2024-09-27,Huda Mansour,sales@hub.com,Books,147.0,8,1176.0,Pending
2024-10-05,Layla Mohamed,m.zaki@mail.com,Books,3179.0,5,15895.0,Pending
2024-06-23,Yomna Soror,sales@hub.com,Books,1616.0,2,3232.0,Completed
2024-12-12,Marwan Khaled,sales@hub.com,Clothing,4909.0,2,9818.0,Pending
2024-12-06,Layla Mohamed,admin@tech.io,Books,3455.0,4,13820.0,Completed
2024-07-24,Sara Ahmed,test.a@web.net,Office Supplies,2641.0,1,2641.0,Pending
2024-12-09,Zainab Tarek,m.zaki@mail.com,Electronics,1244.0,1,1244.0,Cancelled
2024-09-14,Ali Hassan,yomna.dev@email.com,Books,490.0,4,1960.0,Shipped
2024-01-01,Mona Zaki,test.a@web.net,Electronics,3830.0,10,38300.0,Pending
2024-06-18,Zainab Tarek,user1@mail.com,Books,666.0,2,1332.0,Pending
2024-11-03,Omar Farouk,info@market.eg,Office Supplies,1341.0,4,5364.0,Cancelled
2024-01-26,Huda Mansour,yomna.dev@email.com,Office Supplies,1392.0,10,13920.0,Completed
2024-11-25,Sara Ahmed,test.a@web.net,Electronics,1415.0,1,1415.0,Completed
2024-02-12,Yomna Soror,contact@service.org,Groceries,1886.0,6,11316.0,Pending
2024-08-19,Zainab Tarek,yomna.dev@email.com,Electronics,792.0,6,4752.0,Completed
2024-10-25,Mona Zaki,test.a@web.net,Clothing,4622.0,4,18488.0,Cancelled
2024-10-09,Ahmed Ali,test.a@web.net,Groceries,4235.0,6,25410.0,Completed
2024-12-21,Huda Mansour,sales@hub.com,Books,4998.0,1,4998.0,Completed
2024-10-04,Mona Zaki,contact@service.org,Electronics,3074.0,9,27666.0,Completed
2024-10-11,Ahmed Ali,yomna.dev@email.com,Electronics,4158.0,10,41580.0,Shipped
2024-12-05,Huda Mansour,m.zaki@mail.com,Books,4966.0,9,44694.0,Shipped
2024-08-11,Ahmed Ali,info@market.eg,Home Decor,709.0,1,709.0,Shipped
2024-06-20,Huda Mansour,m.zaki@mail.com,Home Decor,2838.0,3,8514.0,Pending
2024-07-23,Mona Zaki,info@market.eg,Electronics,3995.0,4,15980.0,Refunded
2024-09-21,Ahmed Ali,sales@hub.com,Office Supplies,4938.0,3,14814.0,Completed
2024-12-08,Zainab Tarek,admin@tech.io,Electronics,3622.0,1,3622.0,Refunded
2024-12-01,Zainab Tarek,admin@tech.io,Clothing,2930.0,6,17580.0,Cancelled
2024-12-07,Marwan Khaled,info@market.eg,Home Decor,4059.0,8,32472.0,Completed
2024-03-05,Mona Zaki,yomna.dev@email.com,Groceries,3337.0,4,13348.0,Shipped
2024-10-26,Marwan Khaled,yomna.dev@email.com,Books,169.0,7,1183.0,Completed
2024-10-05,Mona Zaki,m.zaki@mail.com,Clothing,4307.0,3,12921.0,Shipped
2024-11-05,Marwan Khaled,test.a@web.net,Books,4444.0,7,31108.0,Completed
2024-12-28,Ahmed Ali,admin@tech.io,Groceries,4757.0,7,33299.0,Completed
2024-03-09,Yomna Soror,yomna.dev@email.com,Home Decor,4424.0,4,17696.0,Refunded
2024-11-24,Mona Zaki,yomna.dev@email.com,Books,1617.0,4,6468.0,Shipped
2024-01-09,Marwan Khaled,yomna.dev@email.com,Home Decor,4564.0,1,4564.0,Completed
2024-06-15,Sara Ahmed,contact@service.org,Groceries,2115.0,7,14805.0,Cancelled
2024-09-27,Yomna Soror,test.a@web.net,Electronics,1035.0,10,10350.0,Shipped
2024-03-07,Layla Mohamed,test.a@web.net,Electronics,976.0,6,5856.0,Shipped
2024-01-08,Omar Farouk,test.a@web.net,Office Supplies,1327.0,8,10616.0,Completed
2024-01-28,Layla Mohamed,test.a@web.net,Clothing,4355.0,1,4355.0,Shipped
2024-01-17,Marwan Khaled,sales@hub.com,Electronics,1812.0,6,10872.0,Shipped
2024-06-17,Sara Ahmed,info@market.eg,Electronics,3567.0,5,17835.0,Cancelled
2024-07-21,Sara Ahmed,yomna.dev@email.com,Electronics,547.0,1,547.0,Refunded
2024-11-13,Marwan Khaled,contact@service.org,Office Supplies,1759.0,10,17590.0,Shipped
2024-05-25,Ali Hassan,sales@hub.com,Electronics,4899.0,5,24495.0,Pending
2024-09-07,Mona Zaki,user1@mail.com,Clothing,2039.0,9,18351.0,Refunded
2024-10-02,Ahmed Ali,yomna.dev@email.com,Books,3215.0,7,22505.0,Pending
2024-03-28,Sara Ahmed,contact@service.org,Electronics,469.0,4,1876.0,Refunded
2024-02-12,Zainab Tarek,info@market.eg,Office Supplies,4433.0,2,8866.0,Shipped
2024-12-26,Huda Mansour,m.zaki@mail.com,Electronics,2826.0,5,14130.0,Pending
2024-12-13,Huda Mansour,contact@service.org,Clothing,3239.0,6,19434.0,Pending
2024-06-11,Marwan Khaled,contact@service.org,Groceries,2514.0,5,12570.0,Pending
2024-07-28,Mona Zaki,admin@tech.io,Clothing,4938.0,3,14814.0,Shipped
2024-06-25,Marwan Khaled,m.zaki@mail.com,Groceries,4152.0,3,12456.0,Completed
2024-06-11,Yomna Soror,info@market.eg,Clothing,2317.0,3,6951.0,Refunded
2024-05-22,Yomna Soror,test.a@web.net,Clothing,2174.0,4,8696.0,Shipped
2024-07-08,Zainab Tarek,yomna.dev@email.com,Clothing,4806.0,4,19224.0,Completed
2024-01-01,Marwan Khaled,sales@hub.com,Electronics,1937.0,9,17433.0,Shipped
2024-02-25,Mona Zaki,,Home Decor,4342.0,6,26052.0,Completed
2024-01-21,Layla Mohamed,m.zaki@mail.com,Clothing,4222.0,6,25332.0,Pending
2024-04-10,Omar Farouk,user1@mail.com,Groceries,2429.0,3,7287.0,Refunded
2024-01-02,Ali Hassan,m.zaki@mail.com,Clothing,1736.0,8,13888.0,Shipped
2024-11-25,Sara Ahmed,test.a@web.net,Office Supplies,2531.0,5,12655.0,Pending
2024-09-10,Ahmed Ali,contact@service.org,Office Supplies,4390.0,2,8780.0,Shipped
2024-01-10,Zainab Tarek,test.a@web.net,Electronics,2872.0,7,20104.0,Refunded
2024-05-14,Ali Hassan,test.a@web.net,Electronics,1527.0,3,4581.0,Cancelled
2024-05-05,Marwan Khaled,admin@tech.io,Groceries,3705.0,7,25935.0,Refunded
2024-01-26,Ahmed Ali,info@market.eg,Home Decor,2409.0,10,24090.0,Cancelled
2024-01-03,Sara Ahmed,contact@service.org,Clothing,4066.0,3,12198.0,Shipped
2024-02-15,Omar Farouk,contact@service.org,Electronics,2514.0,1,2514.0,Shipped
2024-09-27,Omar Farouk,m.zaki@mail.com,Clothing,3619.0,8,28952.0,Shipped
2024-10-20,Omar Farouk,test.a@web.net,Electronics,2171.0,7,15197.0,Shipped
2024-07-02,Layla Mohamed,test.a@web.net,Electronics,660.0,8,5280.0,Pending
2024-12-07,Huda Mansour,yomna.dev@email.com,Clothing,3721.0,9,33489.0,Pending
2024-11-09,Ahmed Ali,info@market.eg,Clothing,507.0,4,2028.0,Refunded
2024-12-02,Mona Zaki,sales@hub.com,Electronics,996.0,5,4980.0,Cancelled
2024-08-18,Ahmed Ali,yomna.dev@email.com,Electronics,978.0,3,2934.0,Completed
2024-02-11,Marwan Khaled,contact@service.org,Home Decor,2455.0,8,19640.0,Cancelled
2024-05-18,Layla Mohamed,admin@tech.io,Books,552.0,6,3312.0,Refunded
2024-02-23,Zainab Tarek,contact@service.org,Electronics,4369.0,3,13107.0,Shipped
2024-10-22,Yomna Soror,m.zaki@mail.com,Electronics,371.0,9,3339.0,Cancelled
2024-09-06,Ahmed Ali,m.zaki@mail.com,Clothing,4873.0,7,34111.0,Completed
2024-08-06,Ali Hassan,yomna.dev@email.com,Books,754.0,6,4524.0,Refunded
2024-02-19,Marwan Khaled,contact@service.org,Electronics,1507.0,9,13563.0,Refunded
2024-05-03,Marwan Khaled,sales@hub.com,Books,3950.0,8,31600.0,Shipped
2024-10-13,Layla Mohamed,sales@hub.com,Clothing,3329.0,1,3329.0,Pending
2024-05-06,Marwan Khaled,sales@hub.com,Electronics,3217.0,9,28953.0,Cancelled
2024-12-28,Ahmed Ali,admin@tech.io,Books,2411.0,1,2411.0,Completed
2024-06-12,Ahmed Ali,yomna.dev@email.com,Groceries,2702.0,9,24318.0,Cancelled
2024-10-23,Ahmed Ali,test.a@web.net,Clothing,1216.0,3,3648.0,Shipped
2024-08-28,Sara Ahmed,contact@service.org,Groceries,139.0,6,834.0,Completed
2024-01-07,Sara Ahmed,admin@tech.io,Office Supplies,814.0,4,3256.0,Cancelled
2024-09-19,Mona Zaki,info@market.eg,Home Decor,4283.0,9,38547.0,Pending
2024-04-08,Ahmed Ali,admin@tech.io,Clothing,3060.0,7,21420.0,Refunded
2024-02-11,Ali Hassan,m.zaki@mail.com,Home Decor,3326.0,1,3326.0,Completed
2024-01-03,Layla Mohamed,contact@service.org,Electronics,4806.0,9,43254.0,Completed
2024-04-13,Marwan Khaled,contact@service.org,Groceries,4235.0,5,21175.0,Completed
2024-04-05,Layla Mohamed,info@market.eg,Home Decor,1034.0,9,9306.0,Cancelled
2024-11-19,Yomna Soror,m.zaki@mail.com,Home Decor,2733.0,6,16398.0,Pending
2024-10-28,Ali Hassan,contact@service.org,Office Supplies,3336.0,3,10008.0,Refunded
2024-09-14,Omar Farouk,test.a@web.net,Electronics,563.0,5,2815.0,Completed
2024-03-02,Sara Ahmed,sales@hub.com,Groceries,2000.0,2,4000.0,Completed
2024-04-24,Sara Ahmed,test.a@web.net,Home Decor,177.0,8,1416.0,Shipped
2024-08-07,Yomna Soror,contact@service.org,Books,3487.0,7,24409.0,Shipped
2024-08-20,Sara Ahmed,yomna.dev@email.com,Clothing,2514.0,10,25140.0,Completed
2024-09-03,Omar Farouk,contact@service.org,Office Supplies,2610.0,1,2610.0,Pending
2024-08-01,Ali Hassan,user1@mail.com,Electronics,4231.0,1,4231.0,Pending
2024-02-25,Yomna Soror,yomna.dev@email.com,Home Decor,228.0,6,1368.0,Pending
2024-10-04,Yomna Soror,m.zaki@mail.com,Home Decor,4060.0,5,20300.0,Completed
2024-09-14,Layla Mohamed,m.zaki@mail.com,Office Supplies,4357.0,8,34856.0,Shipped
2024-09-02,Omar Farouk,admin@tech.io,Clothing,2972.0,1,2972.0,Completed
2024-04-21,Mona Zaki,admin@tech.io,Books,3327.0,6,19962.0,Pending
2024-10-11,Omar Farouk,admin@tech.io,Electronics,148.0,2,296.0,Shipped
2024-01-22,Marwan Khaled,contact@service.org,Clothing,908.0,7,6356.0,Completed
2024-02-24,Ahmed Ali,sales@hub.com,Home Decor,3159.0,1,3159.0,Pending
2024-10-20,Yomna Soror,yomna.dev@email.com,Electronics,822.0,10,8220.0,Shipped
2024-03-18,Zainab Tarek,user1@mail.com,Home Decor,2398.0,9,21582.0,Completed
2024-01-22,Huda Mansour,contact@service.org,Office Supplies,2767.0,8,22136.0,Refunded
2024-06-21,Yomna Soror,sales@hub.com,Electronics,1281.0,6,7686.0,Shipped
2024-01-22,Yomna Soror,contact@service.org,Groceries,3482.0,2,6964.0,Pending
2024-04-22,Layla Mohamed,yomna.dev@email.com,Home Decor,115.0,9,1035.0,Pending
2024-01-27,Layla Mohamed,sales@hub.com,Electronics,4057.0,4,16228.0,Completed
2024-04-03,Sara Ahmed,sales@hub.com,Clothing,2692.0,3,8076.0,Shipped
2024-05-13,Omar Farouk,yomna.dev@email.com,Groceries,4296.0,6,25776.0,Cancelled
2024-12-05,Zainab Tarek,yomna.dev@email.com,Groceries,528.0,7,3696.0,Cancelled
2024-04-25,Ahmed Ali,sales@hub.com,Clothing,3030.0,1,3030.0,Cancelled
2024-05-19,Zainab Tarek,m.zaki@mail.com,Clothing,2725.0,2,5450.0,Refunded
2024-05-18,Sara Ahmed,sales@hub.com,Groceries,3507.0,5,17535.0,Pending
2024-05-21,Ahmed Ali,admin@tech.io,Office Supplies,1970.0,3,5910.0,Completed
2024-08-17,Sara Ahmed,m.zaki@mail.com,Clothing,728.0,2,1456.0,Completed
2024-06-15,Zainab Tarek,test.a@web.net,Office Supplies,2133.0,3,6399.0,Shipped
2024-05-26,Mona Zaki,contact@service.org,Office Supplies,3432.0,1,3432.0,Completed
2024-02-08,Omar Farouk,user1@mail.com,Electronics,2961.0,3,8883.0,Completed
2024-07-16,Huda Mansour,admin@tech.io,Home Decor,3756.0,10,37560.0,Completed
2024-06-28,Yomna Soror,admin@tech.io,Groceries,4165.0,9,37485.0,Cancelled
2024-09-06,Huda Mansour,admin@tech.io,Books,1429.0,2,2858.0,Cancelled
2024-02-15,Sara Ahmed,admin@tech.io,Groceries,2717.0,2,5434.0,Cancelled
2024-05-09,Marwan Khaled,admin@tech.io,Books,1489.0,5,7445.0,Shipped
2024-02-08,Huda Mansour,yomna.dev@email.com,Electronics,4569.0,2,9138.0,Refunded
2024-12-18,Ali Hassan,admin@tech.io,Office Supplies,3001.0,5,15005.0,Completed
2024-04-28,Omar Farouk,test.a@web.net,Books,2831.0,4,11324.0,Shipped
2024-12-03,Huda Mansour,user1@mail.com,Home Decor,2617.0,7,18319.0,Shipped
2024-01-15,Mona Zaki,sales@hub.com,Clothing,4132.0,1,4132.0,Pending
2024-01-20,Marwan Khaled,test.a@web.net,Office Supplies,1820.0,1,1820.0,Shipped
2024-05-23,Zainab Tarek,user1@mail.com,Books,4424.0,8,35392.0,Cancelled
2024-08-09,Layla Mohamed,yomna.dev@email.com,Home Decor,2848.0,3,8544.0,Completed
2024-08-24,Yomna Soror,admin@tech.io,Home Decor,1814.0,8,14512.0,Pending
2024-08-15,Zainab Tarek,user1@mail.com,Office Supplies,1889.0,4,7556.0,Shipped
2024-01-04,Ali Hassan,user1@mail.com,Office Supplies,4838.0,1,4838.0,Refunded
2024-02-19,Ali Hassan,contact@service.org,Home Decor,653.0,7,4571.0,Completed
2024-02-14,Omar Farouk,test.a@web.net,Electronics,4985.0,6,29910.0,Pending
2024-02-13,Mona Zaki,test.a@web.net,Electronics,4870.0,5,24350.0,Shipped
2024-11-27,Huda Mansour,info@market.eg,Office Supplies,991.0,6,5946.0,Pending
2024-07-07,Zainab Tarek,sales@hub.com,Groceries,624.0,1,624.0,Completed
2024-09-18,Yomna Soror,user1@mail.com,Groceries,4740.0,10,47400.0,Pending
2024-11-09,Ali Hassan,admin@tech.io,Books,961.0,7,6727.0,Pending
2024-10-25,Ali Hassan,sales@hub.com,Office Supplies,55.0,8,440.0,Cancelled
2024-07-17,Zainab Tarek,test.a@web.net,Books,173.0,10,1730.0,Cancelled
2024-01-19,Sara Ahmed,yomna.dev@email.com,Clothing,1112.0,6,6672.0,Cancelled
2024-06-15,Omar Farouk,admin@tech.io,Groceries,1147.0,1,1147.0,Shipped
2024-11-16,Zainab Tarek,admin@tech.io,Groceries,3962.0,2,7924.0,Completed
2024-03-21,Ali Hassan,sales@hub.com,Home Decor,249.0,8,1992.0,Completed
2024-11-15,Mona Zaki,user1@mail.com,Home Decor,2905.0,9,26145.0,Refunded
2024-01-07,Sara Ahmed,contact@service.org,Clothing,320.0,7,2240.0,Cancelled
2024-03-11,Layla Mohamed,yomna.dev@email.com,Books,2686.0,7,18802.0,Pending
2024-12-07,Marwan Khaled,contact@service.org,Office Supplies,986.0,9,8874.0,Shipped
2024-01-11,Huda Mansour,sales@hub.com,Home Decor,1320.0,1,1320.0,Shipped
2024-08-16,Zainab Tarek,info@market.eg,Groceries,553.0,7,3871.0,Pending
2024-07-06,Layla Mohamed,test.a@web.net,Clothing,1982.0,9,17838.0,Completed
2024-09-23,Ahmed Ali,sales@hub.com,Clothing,2926.0,8,23408.0,Pending
2024-07-26,Ahmed Ali,info@market.eg,Clothing,2951.0,4,11804.0,Shipped
2024-08-14,Layla Mohamed,user1@mail.com,Books,4176.0,7,29232.0,Shipped
2024-11-17,Zainab Tarek,m.zaki@mail.com,Home Decor,2141.0,8,17128.0,Pending
2024-04-03,Sara Ahmed,contact@service.org,Clothing,3372.0,6,20232.0,Cancelled
2024-03-24,Mona Zaki,user1@mail.com,Home Decor,2652.0,6,15912.0,Completed
2024-04-15,Yomna Soror,yomna.dev@email.com,Clothing,3985.0,6,23910.0,Pending
2024-08-28,Yomna Soror,info@market.eg,Home Decor,2514.0,2,5028.0,Pending
2024-04-26,Huda Mansour,sales@hub.com,Home Decor,609.0,8,4872.0,Refunded
2024-04-06,Layla Mohamed,test.a@web.net,Books,1558.0,3,4674.0,Shipped
2024-10-20,Ahmed Ali,admin@tech.io,Home Decor,3152.0,10,31520.0,Shipped
2024-05-17,Sara Ahmed,user1@mail.com,Electronics,1636.0,1,1636.0,Refunded
2024-06-07,Marwan Khaled,yomna.dev@email.com,Office Supplies,2445.0,10,24450.0,Pending
2024-07-21,Layla Mohamed,user1@mail.com,Groceries,2140.0,10,21400.0,Refunded
2024-09-01,Sara Ahmed,test.a@web.net,Groceries,1401.0,10,14010.0,Refunded
2024-10-28,Omar Farouk,sales@hub.com,Office Supplies,2514.0,8,20112.0,Shipped
2024-03-06,Marwan Khaled,user1@mail.com,Home Decor,3785.0,8,30280.0,Refunded
2024-09-18,Huda Mansour,contact@service.org,Books,877.0,9,7893.0,Pending
2024-04-08,Ali Hassan,test.a@web.net,Clothing,2265.0,7,15855.0,Cancelled
2024-10-16,Mona Zaki,m.zaki@mail.com,Groceries,952.0,3,2856.0,Pending
2024-07-21,Ahmed Ali,admin@tech.io,Books,1534.0,5,7670.0,Completed
2024-01-21,Ahmed Ali,yomna.dev@email.com,Books,967.0,2,1934.0,Cancelled
2024-11-17,Zainab Tarek,info@market.eg,Groceries,2930.0,2,5860.0,Pending
2024-12-04,Zainab Tarek,sales@hub.com,Electronics,1080.0,10,10800.0,Completed
2024-03-17,Zainab Tarek,contact@service.org,Office Supplies,4228.0,8,33824.0,Cancelled
2024-02-04,Zainab Tarek,admin@tech.io,Groceries,4961.0,5,24805.0,Cancelled
2024-11-23,Mona Zaki,user1@mail.com,Home Decor,4699.0,10,46990.0,Shipped
2024-04-11,Mona Zaki,info@market.eg,Office Supplies,1955.0,3,5865.0,Cancelled
2024-09-22,Mona Zaki,user1@mail.com,Clothing,1858.0,7,13006.0,Refunded
2024-02-07,Zainab Tarek,test.a@web.net,Groceries,4401.0,8,35208.0,Shipped
2024-05-14,Marwan Khaled,user1@mail.com,Clothing,3819.0,2,7638.0,Pending
2024-12-13,Huda Mansour,yomna.dev@email.com,Office Supplies,1990.0,4,7960.0,Completed
2024-03-24,Marwan Khaled,contact@service.org,Books,2883.0,7,20181.0,Pending
2024-07-22,Yomna Soror,admin@tech.io,Home Decor,993.0,7,6951.0,Completed
2024-11-14,Zainab Tarek,user1@mail.com,Books,4240.0,10,42400.0,Pending
2024-06-13,Ali Hassan,admin@tech.io,Home Decor,1369.0,9,12321.0,Refunded
2024-03-26,Ahmed Ali,info@market.eg,Home Decor,2824.0,10,28240.0,Cancelled
2024-02-20,Marwan Khaled,m.zaki@mail.com,Books,1302.0,10,13020.0,Shipped
2024-10-21,Yomna Soror,admin@tech.io,Home Decor,4190.0,10,41900.0,Cancelled
2024-11-25,Marwan Khaled,test.a@web.net,Electronics,622.0,2,1244.0,Completed
2024-02-24,Layla Mohamed,user1@mail.com,Books,737.0,3,2211.0,Pending
2024-02-23,Marwan Khaled,sales@hub.com,Groceries,2179.0,3,6537.0,Cancelled
2024-12-24,Zainab Tarek,user1@mail.com,Electronics,213.0,1,213.0,Refunded
2024-07-24,Omar Farouk,m.zaki@mail.com,Office Supplies,2026.0,3,6078.0,Cancelled
2024-04-15,Omar Farouk,admin@tech.io,Groceries,3368.0,4,13472.0,Pending
2024-04-16,Sara Ahmed,contact@service.org,Books,4891.0,8,39128.0,Shipped
2024-08-28,Omar Farouk,info@market.eg,Books,2675.0,9,24075.0,Pending
2024-05-22,Ali Hassan,sales@hub.com,Office Supplies,2820.0,8,22560.0,Pending
2024-09-22,Sara Ahmed,test.a@web.net,Books,3226.0,7,22582.0,Pending
2024-02-15,Layla Mohamed,yomna.dev@email.com,Groceries,4900.0,10,49000.0,Shipped
2024-04-17,Sara Ahmed,user1@mail.com,Groceries,806.0,2,1612.0,Cancelled
2024-12-15,Ali Hassan,contact@service.org,Electronics,1260.0,2,2520.0,Completed
2024-05-22,Marwan Khaled,sales@hub.com,Groceries,1902.0,10,19020.0,Pending
2024-08-12,Ahmed Ali,yomna.dev@email.com,Groceries,4992.0,6,29952.0,Shipped
2024-01-01,Yomna Soror,m.zaki@mail.com,Electronics,4998.0,9,44982.0,Completed
2024-02-25,Huda Mansour,contact@service.org,Groceries,1032.0,7,7224.0,Shipped
2024-11-23,Ali Hassan,sales@hub.com,Office Supplies,1404.0,9,12636.0,Pending
2024-07-21,Layla Mohamed,contact@service.org,Clothing,2228.0,10,22280.0,Cancelled
2024-04-28,Ahmed Ali,sales@hub.com,Electronics,3640.0,1,3640.0,Cancelled
2024-06-16,Marwan Khaled,user1@mail.com,Books,3551.0,8,28408.0,Refunded
2024-02-05,Layla Mohamed,test.a@web.net,Clothing,633.0,4,2532.0,Shipped
2024-01-18,Huda Mansour,test.a@web.net,Clothing,3577.0,10,35770.0,Shipped
2024-06-21,Ahmed Ali,admin@tech.io,Electronics,4485.0,4,17940.0,Completed
2024-07-28,Sara Ahmed,sales@hub.com,Groceries,1081.0,7,7567.0,Cancelled
2024-08-21,Mona Zaki,info@market.eg,Office Supplies,3185.0,2,6370.0,Refunded
2024-08-02,Mona Zaki,contact@service.org,Office Supplies,3791.0,1,3791.0,Refunded
2024-08-02,Huda Mansour,yomna.dev@email.com,Groceries,1303.0,1,1303.0,Shipped
2024-10-27,Huda Mansour,contact@service.org,Home Decor,3391.0,3,10173.0,Refunded
2024-11-12,Sara Ahmed,test.a@web.net,Clothing,2256.0,1,2256.0,Cancelled
2024-05-16,Marwan Khaled,test.a@web.net,Home Decor,3821.0,3,11463.0,Pending
2024-12-25,Layla Mohamed,m.zaki@mail.com,Office Supplies,338.0,7,2366.0,Completed
2024-11-22,Ali Hassan,user1@mail.com,Books,4834.0,7,33838.0,Refunded
2024-08-19,Omar Farouk,user1@mail.com,Books,325.0,3,975.0,Completed
2024-10-25,Ali Hassan,admin@tech.io,Clothing,3959.0,2,7918.0,Refunded
2024-05-19,Ahmed Ali,m.zaki@mail.com,Books,831.0,7,5817.0,Completed
2024-08-12,Ali Hassan,yomna.dev@email.com,Electronics,1696.0,6,10176.0,Pending
2024-12-11,Layla Mohamed,admin@tech.io,Groceries,829.0,5,4145.0,Cancelled
2024-05-25,Yomna Soror,yomna.dev@email.com,Groceries,4480.0,1,4480.0,Pending
2024-03-02,Mona Zaki,contact@service.org,Home Decor,2706.0,10,27060.0,Refunded
2024-01-07,Zainab Tarek,m.zaki@mail.com,Books,762.0,6,4572.0,Refunded
2024-12-12,Mona Zaki,info@market.eg,Electronics,3570.0,6,21420.0,Pending
2024-12-28,Sara Ahmed,admin@tech.io,Office Supplies,1080.0,6,6480.0,Shipped
2024-02-06,Yomna Soror,m.zaki@mail.com,Home Decor,1371.0,3,4113.0,Pending
2024-11-15,Sara Ahmed,yomna.dev@email.com,Electronics,3819.0,3,11457.0,Pending
2024-03-03,Yomna Soror,user1@mail.com,Electronics,1343.0,5,6715.0,Completed
2024-07-18,Marwan Khaled,admin@tech.io,Electronics,471.0,10,4710.0,Shipped
2024-09-15,Layla Mohamed,info@market.eg,Home Decor,1393.0,6,8358.0,Cancelled
2024-06-05,Marwan Khaled,test.a@web.net,Clothing,1187.0,9,10683.0,Pending
2024-05-24,Marwan Khaled,admin@tech.io,Home Decor,2475.0,3,7425.0,Pending
2024-03-01,Ahmed Ali,info@market.eg,Groceries,2351.0,6,14106.0,Shipped
2024-01-12,Omar Farouk,m.zaki@mail.com,Home Decor,503.0,4,2012.0,Completed
2024-10-06,Sara Ahmed,yomna.dev@email.com,Books,2416.0,10,24160.0,Completed
2024-10-28,Marwan Khaled,sales@hub.com,Home Decor,3047.0,3,9141.0,Pending
2024-05-27,Sara Ahmed,info@market.eg,Books,703.0,2,1406.0,Pending
2024-10-17,Zainab Tarek,info@market.eg,Home Decor,1232.0,8,9856.0,Refunded
2024-07-15,Ali Hassan,test.a@web.net,Books,1244.0,1,1244.0,Completed
2024-11-21,Ahmed Ali,admin@tech.io,Clothing,2995.0,1,2995.0,Completed
2024-07-27,Mona Zaki,m.zaki@mail.com,Books,164.0,2,328.0,Pending
2024-12-22,Mona Zaki,contact@service.org,Clothing,1696.0,8,13568.0,Shipped
2024-01-20,Layla Mohamed,user1@mail.com,Books,4104.0,8,32832.0,Shipped
2024-07-14,Marwan Khaled,test.a@web.net,Office Supplies,2074.0,5,10370.0,Refunded
2024-12-02,Layla Mohamed,m.zaki@mail.com,Office Supplies,2662.0,6,15972.0,Refunded
2024-12-17,Yomna Soror,yomna.dev@email.com,Clothing,3428.0,10,34280.0,Shipped
2024-11-23,Omar Farouk,user1@mail.com,Office Supplies,2722.0,2,5444.0,Completed
2024-07-04,Layla Mohamed,test.a@web.net,Clothing,4731.0,10,47310.0,Cancelled
2024-11-07,Yomna Soror,contact@service.org,Office Supplies,202.0,10,2020.0,Refunded
2024-11-23,Layla Mohamed,m.zaki@mail.com,Clothing,419.0,4,1676.0,Completed
2024-01-06,Yomna Soror,m.zaki@mail.com,Groceries,4657.0,4,18628.0,Refunded
2024-04-13,Ali Hassan,m.zaki@mail.com,Office Supplies,3196.0,10,31960.0,Cancelled
2024-05-15,Ahmed Ali,info@market.eg,Electronics,3418.0,5,17090.0,Pending
2024-06-17,Omar Farouk,user1@mail.com,Clothing,2155.0,3,6465.0,Refunded
2024-04-10,Ali Hassan,yomna.dev@email.com,Office Supplies,2519.0,3,7557.0,Pending
2024-08-18,Layla Mohamed,contact@service.org,Books,63.0,4,252.0,Cancelled
2024-02-01,Ahmed Ali,test.a@web.net,Groceries,4056.0,2,8112.0,Cancelled
2024-03-01,Ali Hassan,test.a@web.net,Office Supplies,3413.0,10,34130.0,Pending
2024-02-24,Ahmed Ali,info@market.eg,Books,3163.0,10,31630.0,Cancelled
2024-06-13,Layla Mohamed,user1@mail.com,Home Decor,4282.0,4,17128.0,Refunded
2024-08-03,Layla Mohamed,user1@mail.com,Clothing,3579.0,9,32211.0,Completed
2024-05-21,Huda Mansour,info@market.eg,Electronics,2543.0,1,2543.0,Completed
2024-09-20,Zainab Tarek,sales@hub.com,Office Supplies,3793.0,5,18965.0,Completed
2024-04-03,Mona Zaki,user1@mail.com,Office Supplies,3198.0,9,28782.0,Cancelled
2024-03-28,Layla Mohamed,yomna.dev@email.com,Clothing,1084.0,1,1084.0,Cancelled
2024-09-09,Huda Mansour,test.a@web.net,Books,1788.0,4,7152.0,Completed
2024-04-03,Marwan Khaled,m.zaki@mail.com,Books,3900.0,1,3900.0,Pending
2024-01-14,Ali Hassan,m.zaki@mail.com,Home Decor,4749.0,9,42741.0,Cancelled
2024-08-18,Ali Hassan,sales@hub.com,Electronics,4691.0,1,4691.0,Shipped
2024-08-17,Huda Mansour,admin@tech.io,Electronics,3307.0,8,26456.0,Cancelled
2024-08-23,Zainab Tarek,info@market.eg,Groceries,4843.0,5,24215.0,Refunded
2024-04-07,Omar Farouk,user1@mail.com,Clothing,2035.0,9,18315.0,Completed
2024-07-07,Yomna Soror,user1@mail.com,Groceries,2520.0,10,25200.0,Cancelled
2024-12-18,Ali Hassan,info@market.eg,Home Decor,4102.0,6,24612.0,Refunded
2024-05-20,Layla Mohamed,sales@hub.com,Electronics,1354.0,7,9478.0,Shipped
2024-01-12,Huda Mansour,yomna.dev@email.com,Electronics,2544.0,8,20352.0,Refunded
2024-04-24,Ali Hassan,test.a@web.net,Office Supplies,2514.0,8,20112.0,Shipped
2024-06-24,Zainab Tarek,sales@hub.com,Clothing,3744.0,5,18720.0,Pending
2024-04-09,Zainab Tarek,yomna.dev@email.com,Books,2778.0,5,13890.0,Pending
2024-10-02,Yomna Soror,info@market.eg,Electronics,165.0,1,165.0,Completed
2024-12-26,Zainab Tarek,info@market.eg,Groceries,2486.0,10,24860.0,Completed
2024-11-23,Huda Mansour,sales@hub.com,Groceries,829.0,1,829.0,Cancelled
2024-06-18,Omar Farouk,contact@service.org,Groceries,2653.0,10,26530.0,Refunded
2024-09-25,Marwan Khaled,contact@service.org,Office Supplies,3877.0,4,15508.0,Pending
2024-06-11,Yomna Soror,m.zaki@mail.com,Electronics,536.0,3,1608.0,Completed
2024-06-24,Layla Mohamed,contact@service.org,Clothing,223.0,10,2230.0,Refunded
2024-12-22,Marwan Khaled,user1@mail.com,Office Supplies,4404.0,5,22020.0,Refunded
2024-08-26,Ahmed Ali,yomna.dev@email.com,Groceries,3294.0,9,29646.0,Refunded
2024-07-07,Sara Ahmed,m.zaki@mail.com,Groceries,2885.0,10,28850.0,Refunded
2024-04-21,Sara Ahmed,m.zaki@mail.com,Clothing,1852.0,10,18520.0,Cancelled
2024-05-23,Omar Farouk,test.a@web.net,Home Decor,2783.0,6,16698.0,Completed
2024-06-04,Sara Ahmed,test.a@web.net,Books,4440.0,2,8880.0,Refunded
2024-06-17,Mona Zaki,m.zaki@mail.com,Home Decor,2943.0,4,11772.0,Completed
2024-01-01,Sara Ahmed,user1@mail.com,Home Decor,4207.0,4,16828.0,Completed
2024-06-07,Ali Hassan,yomna.dev@email.com,Books,3381.0,9,30429.0,Pending
2024-07-09,Mona Zaki,test.a@web.net,Office Supplies,3901.0,9,35109.0,Completed
2024-04-13,Zainab Tarek,contact@service.org,Electronics,4582.0,5,22910.0,Refunded
2024-02-19,Omar Farouk,sales@hub.com,Home Decor,4686.0,1,4686.0,Refunded
2024-11-09,Sara Ahmed,user1@mail.com,Home Decor,1989.0,1,1989.0,Shipped
2024-11-03,Marwan Khaled,info@market.eg,Books,3997.0,7,27979.0,Refunded
2024-10-21,Yomna Soror,admin@tech.io,Home Decor,4190.0,10,41900.0,Cancelled
2024-09-19,Marwan Khaled,info@market.eg,Clothing,4499.0,1,4499.0,Completed
2024-12-22,Huda Mansour,m.zaki@mail.com,Electronics,1847.0,1,1847.0,Pending
2024-12-03,Huda Mansour,m.zaki@mail.com,Groceries,4817.0,4,19268.0,Completed
2024-06-18,Zainab Tarek,user1@mail.com,Home Decor,3024.0,7,21168.0,Shipped
2024-07-21,Ahmed Ali,sales@hub.com,Books,3583.0,5,17915.0,Completed
2024-03-20,Zainab Tarek,contact@service.org,Clothing,376.0,6,2256.0,Shipped
2024-11-26,Omar Farouk,contact@service.org,Home Decor,4287.0,8,34296.0,Pending
2024-07-24,Omar Farouk,m.zaki@mail.com,Office Supplies,2026.0,3,6078.0,Cancelled
2024-01-12,Ali Hassan,user1@mail.com,Home Decor,1742.0,10,17420.0,Pending
2024-12-06,Yomna Soror,test.a@web.net,Electronics,1579.0,9,14211.0,Cancelled
2024-07-04,Yomna Soror,sales@hub.com,Clothing,4762.0,2,9524.0,Cancelled
2024-07-06,Layla Mohamed,contact@service.org,Books,3209.0,4,12836.0,Completed
2024-10-11,Yomna Soror,info@market.eg,Home Decor,4903.0,4,19612.0,Completed
2024-12-13,Huda Mansour,contact@service.org,Clothing,3239.0,6,19434.0,Pending
2024-01-01,Zainab Tarek,contact@service.org,Books,1288.0,6,7728.0,Cancelled
2024-01-07,Ahmed Ali,contact@service.org,Home Decor,3209.0,2,6418.0,Shipped
2024-04-21,Zainab Tarek,yomna.dev@email.com,Home Decor,857.0,10,8570.0,Refunded
2024-01-01,Ali Hassan,user1@mail.com,Office Supplies,2362.0,6,14172.0,Shipped
2024-03-23,Yomna Soror,yomna.dev@email.com,Home Decor,3750.0,5,18750.0,Completed
2024-05-10,Yomna Soror,info@market.eg,Clothing,1889.0,2,3778.0,Pending
2024-12-16,Zainab Tarek,yomna.dev@email.com,Books,1983.0,6,11898.0,Completed
2024-02-05,Layla Mohamed,admin@tech.io,Groceries,1018.0,7,7126.0,Shipped
2024-02-07,Ahmed Ali,info@market.eg,Office Supplies,2048.0,4,8192.0,Refunded
2024-08-05,Sara Ahmed,info@market.eg,Clothing,3516.0,7,24612.0,Refunded
2024-02-21,Mona Zaki,yomna.dev@email.com,Office Supplies,3236.0,3,9708.0,Refunded
2024-02-27,Zainab Tarek,sales@hub.com,Office Supplies,2824.0,10,28240.0,Cancelled
2024-04-15,Mona Zaki,sales@hub.com,Clothing,1583.0,10,15830.0,Refunded
2024-08-18,Omar Farouk,user1@mail.com,Books,4170.0,1,4170.0,Shipped
2024-07-12,Omar Farouk,admin@tech.io,Office Supplies,1299.0,7,9093.0,Refunded
2024-07-02,Sara Ahmed,m.zaki@mail.com,Office Supplies,2867.0,6,17202.0,Pending
2024-11-19,Layla Mohamed,,Groceries,4748.0,2,9496.0,Cancelled
2024-12-15,Yomna Soror,sales@hub.com,Office Supplies,4961.0,2,9922.0,Completed
2024-12-05,Yomna Soror,contact@service.org,Books,3836.0,2,7672.0,Refunded
2024-06-21,Layla Mohamed,admin@tech.io,Electronics,3279.0,9,29511.0,Cancelled
2024-01-06,Marwan Khaled,yomna.dev@email.com,Electronics,1905.0,8,15240.0,Pending
2024-02-24,Yomna Soror,sales@hub.com,Office Supplies,1232.0,6,7392.0,Cancelled
2024-12-03,Layla Mohamed,contact@service.org,Electronics,4664.0,5,23320.0,Refunded
2024-02-27,Huda Mansour,user1@mail.com,Groceries,733.0,10,7330.0,Completed
2024-10-28,Layla Mohamed,user1@mail.com,Groceries,3685.0,2,7370.0,Completed
2024-02-16,Sara Ahmed,contact@service.org,Books,134.0,10,1340.0,Pending
2024-08-15,Ahmed Ali,m.zaki@mail.com,Groceries,1399.0,10,13990.0,Shipped
2024-05-25,Yomna Soror,test.a@web.net,Clothing,3172.0,8,25376.0,Completed
2024-11-02,Layla Mohamed,info@market.eg,Electronics,1750.0,5,8750.0,Completed
2024-04-03,Huda Mansour,info@market.eg,Electronics,2247.0,8,17976.0,Pending
2024-05-28,Sara Ahmed,yomna.dev@email.com,Home Decor,1990.0,9,17910.0,Completed
2024-10-15,Mona Zaki,user1@mail.com,Office Supplies,4934.0,5,24670.0,Completed
2024-05-12,Sara Ahmed,test.a@web.net,Groceries,123.0,4,492.0,Refunded
2024-09-22,Omar Farouk,info@market.eg,Books,4902.0,3,14706.0,Completed
2024-10-04,Zainab Tarek,m.zaki@mail.com,Clothing,1367.0,2,2734.0,Refunded
2024-03-24,Ahmed Ali,yomna.dev@email.com,Books,3421.0,10,34210.0,Refunded
2024-05-06,Sara Ahmed,m.zaki@mail.com,Office Supplies,4638.0,4,18552.0,Shipped
2024-04-22,Sara Ahmed,user1@mail.com,Groceries,4795.0,7,33565.0,Pending
2024-08-05,Omar Farouk,contact@service.org,Books,563.0,5,2815.0,Pending
2024-04-10,Layla Mohamed,sales@hub.com,Books,3986.0,9,35874.0,Pending
2024-08-11,Ali Hassan,sales@hub.com,Home Decor,3225.0,6,19350.0,Shipped
2024-04-11,Huda Mansour,yomna.dev@email.com,Books,4886.0,1,4886.0,Refunded
2024-07-15,Layla Mohamed,info@market.eg,Groceries,370.0,2,740.0,Completed
2024-11-25,Mona Zaki,m.zaki@mail.com,Home Decor,4910.0,6,29460.0,Refunded
2024-04-07,Mona Zaki,admin@tech.io,Electronics,2592.0,8,20736.0,Refunded
2024-02-15,Marwan Khaled,user1@mail.com,Home Decor,2892.0,2,5784.0,Pending
2024-11-22,Ali Hassan,user1@mail.com,Books,4834.0,7,33838.0,Refunded
2024-02-22,Layla Mohamed,test.a@web.net,Electronics,1420.0,6,8520.0,Completed
2024-10-12,Huda Mansour,test.a@web.net,Clothing,1954.0,7,13678.0,Refunded
2024-01-12,Zainab Tarek,info@market.eg,Clothing,4622.0,2,9244.0,Completed
2024-01-05,Ahmed Ali,test.a@web.net,Clothing,2863.0,6,17178.0,Refunded
2024-02-04,Omar Farouk,contact@service.org,Groceries,4641.0,1,4641.0,Shipped
2024-05-26,Layla Mohamed,info@market.eg,Electronics,3896.0,7,27272.0,Cancelled
2024-02-19,Zainab Tarek,sales@hub.com,Home Decor,3505.0,4,14020.0,Completed
2024-03-20,Omar Farouk,contact@service.org,Groceries,3288.0,3,9864.0,Pending
2024-02-09,Zainab Tarek,user1@mail.com,Office Supplies,2258.0,9,20322.0,Refunded
2024-03-13,Yomna Soror,info@market.eg,Electronics,1747.0,2,3494.0,Refunded
2024-12-26,Layla Mohamed,yomna.dev@email.com,Electronics,2656.0,4,10624.0,Cancelled
2024-10-10,Marwan Khaled,user1@mail.com,Electronics,2834.0,8,22672.0,Shipped
2024-12-11,Layla Mohamed,admin@tech.io,Home Decor,4386.0,6,26316.0,Pending
2024-07-13,Mona Zaki,yomna.dev@email.com,Clothing,3794.0,6,22764.0,Pending
2024-05-18,Mona Zaki,contact@service.org,Electronics,4539.0,3,13617.0,Cancelled
2024-06-26,Zainab Tarek,user1@mail.com,Clothing,217.0,5,1085.0,Completed
2024-02-10,Marwan Khaled,test.a@web.net,Clothing,3862.0,4,15448.0,Refunded
2024-03-03,Sara Ahmed,sales@hub.com,Home Decor,4697.0,6,28182.0,Pending
2024-12-23,Ahmed Ali,m.zaki@mail.com,Clothing,691.0,10,6910.0,Completed
2024-11-22,Ali Hassan,user1@mail.com,Electronics,1153.0,4,4612.0,Cancelled
2024-01-14,Layla Mohamed,info@market.eg,Groceries,1621.0,5,8105.0,Refunded
2024-08-07,Sara Ahmed,user1@mail.com,Electronics,1330.0,10,13300.0,Completed
2024-05-11,Layla Mohamed,user1@mail.com,Groceries,3569.0,7,24983.0,Refunded
2024-03-17,Ali Hassan,sales@hub.com,Office Supplies,1262.0,6,7572.0,Shipped
2024-12-22,Mona Zaki,contact@service.org,Electronics,4423.0,6,26538.0,Shipped
2024-06-06,Layla Mohamed,test.a@web.net,Electronics,1780.0,10,17800.0,Refunded
2024-09-15,Ahmed Ali,contact@service.org,Groceries,4703.0,5,23515.0,Shipped
2024-07-16,Mona Zaki,contact@service.org,Clothing,3783.0,4,15132.0,Pending
2024-10-25,Huda Mansour,info@market.eg,Home Decor,3015.0,9,27135.0,Cancelled
2024-10-19,Zainab Tarek,contact@service.org,Books,3632.0,4,14528.0,Completed
2024-03-18,Omar Farouk,test.a@web.net,Clothing,4482.0,7,31374.0,Shipped
2024-03-08,Layla Mohamed,user1@mail.com,Groceries,995.0,4,3980.0,Completed
2024-04-21,Sara Ahmed,yomna.dev@email.com,Groceries,1648.0,2,3296.0,Shipped
2024-08-10,Mona Zaki,user1@mail.com,Books,346.0,1,346.0,Pending
2024-06-27,Yomna Soror,info@market.eg,Home Decor,1806.0,2,3612.0,Completed
2024-02-13,Mona Zaki,sales@hub.com,Clothing,2505.0,10,25050.0,Shipped
2024-08-11,Huda Mansour,sales@hub.com,Clothing,2085.0,3,6255.0,Pending
2024-07-15,Zainab Tarek,test.a@web.net,Home Decor,2682.0,10,26820.0,Completed
2024-01-01,Ali Hassan,contact@service.org,Home Decor,4287.0,2,8574.0,Pending
2024-01-01,Marwan Khaled,contact@service.org,Books,910.0,3,2730.0,Refunded
2024-06-25,Marwan Khaled,,Electronics,3352.0,8,26816.0,Cancelled
2024-12-27,Yomna Soror,yomna.dev@email.com,Books,3924.0,6,23544.0,Shipped
2024-09-25,Ahmed Ali,test.a@web.net,Office Supplies,2559.0,10,25590.0,Pending
2024-05-28,Omar Farouk,contact@service.org,Clothing,2903.0,6,17418.0,Pending
2024-03-02,Ali Hassan,m.zaki@mail.com,Electronics,4989.0,1,4989.0,Pending
2024-01-17,Marwan Khaled,user1@mail.com,Office Supplies,4162.0,6,24972.0,Pending
2024-04-21,Sara Ahmed,user1@mail.com,Clothing,2885.0,7,20195.0,Completed
2024-01-20,Layla Mohamed,contact@service.org,Electronics,397.0,6,2382.0,Pending
2024-12-10,Ali Hassan,sales@hub.com,Home Decor,1943.0,2,3886.0,Cancelled
2024-10-12,Marwan Khaled,user1@mail.com,Clothing,1172.0,9,10548.0,Completed
2024-02-22,Layla Mohamed,m.zaki@mail.com,Electronics,4895.0,8,39160.0,Pending
2024-01-24,Sara Ahmed,test.a@web.net,Clothing,2323.0,9,20907.0,Shipped
2024-08-18,Sara Ahmed,test.a@web.net,Office Supplies,1432.0,8,11456.0,Refunded
2024-02-01,Yomna Soror,yomna.dev@email.com,Electronics,2020.0,1,2020.0,Completed
2024-02-22,Ahmed Ali,admin@tech.io,Office Supplies,2012.0,3,6036.0,Refunded
2024-06-03,Zainab Tarek,info@market.eg,Electronics,2022.0,5,10110.0,Cancelled
2024-04-08,Yomna Soror,sales@hub.com,Groceries,4393.0,5,21965.0,Pending
2024-02-22,Ali Hassan,yomna.dev@email.com,Groceries,3051.0,9,27459.0,Cancelled
2024-06-11,Zainab Tarek,info@market.eg,Electronics,3110.0,8,24880.0,Pending
2024-06-03,Ahmed Ali,user1@mail.com,Office Supplies,1818.0,2,3636.0,Shipped
2024-12-13,Zainab Tarek,admin@tech.io,Office Supplies,4396.0,4,17584.0,Refunded
2024-11-12,Sara Ahmed,test.a@web.net,Clothing,1832.0,1,1832.0,Shipped
2024-04-10,Omar Farouk,contact@service.org,Clothing,447.0,3,1341.0,Refunded
2024-06-19,Yomna Soror,user1@mail.com,Electronics,2487.0,5,12435.0,Pending
2024-09-16,Ali Hassan,admin@tech.io,Books,450.0,2,900.0,Cancelled
2024-04-12,Marwan Khaled,user1@mail.com,Books,226.0,10,2260.0,Refunded
2024-05-18,Marwan Khaled,m.zaki@mail.com,Books,58.0,1,58.0,Completed
2024-05-14,Huda Mansour,user1@mail.com,Clothing,755.0,8,6040.0,Pending
2024-01-07,Omar Farouk,m.zaki@mail.com,Books,3989.0,4,15956.0,Cancelled
2024-04-17,Mona Zaki,test.a@web.net,Clothing,692.0,4,2768.0,Pending
2024-05-10,Mona Zaki,yomna.dev@email.com,Office Supplies,2189.0,4,8756.0,Refunded
2024-07-26,Zainab Tarek,yomna.dev@email.com,Office Supplies,2880.0,7,20160.0,Completed
2024-06-09,Huda Mansour,info@market.eg,Office Supplies,319.0,4,1276.0,Completed
2024-03-13,Mona Zaki,yomna.dev@email.com,Home Decor,2899.0,4,11596.0,Cancelled
2024-12-08,Marwan Khaled,sales@hub.com,Electronics,1153.0,5,5765.0,Pending
2024-05-07,Huda Mansour,yomna.dev@email.com,Groceries,710.0,5,3550.0,Refunded
2024-04-14,Ahmed Ali,sales@hub.com,Electronics,4015.0,2,8030.0,Completed
2024-02-15,Sara Ahmed,admin@tech.io,Groceries,2717.0,2,5434.0,Cancelled
2024-12-01,Huda Mansour,admin@tech.io,Office Supplies,3406.0,7,23842.0,Shipped
2024-01-27,Huda Mansour,admin@tech.io,Electronics,2738.0,5,13690.0,Shipped
2024-05-02,Ali Hassan,test.a@web.net,Electronics,2503.0,4,10012.0,Pending
2024-07-04,Zainab Tarek,user1@mail.com,Office Supplies,1738.0,10,17380.0,Refunded
2024-06-08,Yomna Soror,user1@mail.com,Books,4162.0,4,16648.0,Completed
2024-04-14,Huda Mansour,sales@hub.com,Groceries,4170.0,9,37530.0,Pending
2024-11-26,Mona Zaki,admin@tech.io,Home Decor,2182.0,6,13092.0,Refunded
2024-03-14,Zainab Tarek,m.zaki@mail.com,Office Supplies,2584.0,8,20672.0,Cancelled
2024-03-25,Layla Mohamed,admin@tech.io,Home Decor,2247.0,9,20223.0,Pending
2024-08-01,Layla Mohamed,admin@tech.io,Groceries,1026.0,8,8208.0,Refunded
2024-04-19,Omar Farouk,sales@hub.com,Office Supplies,2068.0,3,6204.0,Cancelled
2024-05-26,Layla Mohamed,admin@tech.io,Clothing,1735.0,7,12145.0,Shipped
2024-01-22,Ahmed Ali,user1@mail.com,Groceries,4318.0,1,4318.0,Pending
2024-07-23,Marwan Khaled,yomna.dev@email.com,Clothing,4889.0,2,9778.0,Shipped
2024-01-25,Zainab Tarek,contact@service.org,Books,1713.0,5,8565.0,Cancelled
2024-02-21,Huda Mansour,admin@tech.io,Home Decor,746.0,10,7460.0,Pending
2024-07-19,Yomna Soror,test.a@web.net,Electronics,4558.0,7,31906.0,Pending
2024-06-07,Zainab Tarek,contact@service.org,Office Supplies,2629.0,1,2629.0,Completed
2024-02-02,Yomna Soror,user1@mail.com,Office Supplies,133.0,5,665.0,Refunded
2024-04-07,Huda Mansour,test.a@web.net,Books,2419.0,4,9676.0,Completed
2024-03-26,Ali Hassan,user1@mail.com,Books,253.0,3,759.0,Pending
2024-08-05,Ahmed Ali,sales@hub.com,Clothing,4514.0,1,4514.0,Refunded
2024-08-28,Ali Hassan,sales@hub.com,Home Decor,4509.0,10,45090.0,Completed
2024-01-05,Ahmed Ali,yomna.dev@email.com,Books,1133.0,10,11330.0,Pending
2024-04-24,Ahmed Ali,info@market.eg,Clothing,4277.0,10,42770.0,Pending
2024-06-25,Omar Farouk,m.zaki@mail.com,Books,2371.0,3,7113.0,Pending
2024-09-23,Sara Ahmed,sales@hub.com,Office Supplies,2983.0,6,17898.0,Pending
2024-07-09,Yomna Soror,admin@tech.io,Books,4655.0,6,27930.0,Cancelled
2024-12-01,Yomna Soror,user1@mail.com,Electronics,459.0,6,2754.0,Cancelled
2024-09-18,Yomna Soror,info@market.eg,Clothing,837.0,7,5859.0,Completed
2024-03-25,Marwan Khaled,test.a@web.net,Books,3248.0,10,32480.0,Refunded
2024-05-21,Omar Farouk,info@market.eg,Home Decor,4743.0,10,47430.0,Pending
2024-08-26,Zainab Tarek,info@market.eg,Clothing,3135.0,4,12540.0,Shipped
2024-12-09,Sara Ahmed,test.a@web.net,Groceries,4163.0,3,12489.0,Completed
2024-05-23,Omar Farouk,test.a@web.net,Clothing,1848.0,6,11088.0,Cancelled
2024-12-12,Yomna Soror,info@market.eg,Clothing,4712.0,6,28272.0,Refunded
2024-09-05,Ahmed Ali,yomna.dev@email.com,Electronics,3264.0,8,26112.0,Pending
2024-08-26,Sara Ahmed,m.zaki@mail.com,Office Supplies,3427.0,3,10281.0,Pending
2024-12-19,Yomna Soror,admin@tech.io,Books,2004.0,4,8016.0,Completed
2024-09-28,Ali Hassan,contact@service.org,Clothing,4723.0,6,28338.0,Refunded
2024-06-15,Yomna Soror,contact@service.org,Home Decor,345.0,4,1380.0,Completed
2024-08-28,Omar Farouk,info@market.eg,Books,2675.0,9,24075.0,Pending
2024-09-18,Layla Mohamed,m.zaki@mail.com,Office Supplies,4272.0,2,8544.0,Shipped
2024-02-26,Zainab Tarek,contact@service.org,Electronics,3903.0,5,19515.0,Completed
2024-03-15,Marwan Khaled,yomna.dev@email.com,Books,3471.0,6,20826.0,Refunded
2024-11-10,Mona Zaki,user1@mail.com,Office Supplies,4650.0,6,27900.0,Completed
2024-01-04,Yomna Soror,user1@mail.com,Books,3471.0,9,31239.0,Completed
2024-03-27,Omar Farouk,info@market.eg,Office Supplies,4931.0,5,24655.0,Pending
2024-02-17,Sara Ahmed,sales@hub.com,Office Supplies,219.0,3,657.0,Shipped
2024-12-25,Sara Ahmed,m.zaki@mail.com,Clothing,804.0,5,4020.0,Cancelled
2024-06-15,Omar Farouk,admin@tech.io,Groceries,1147.0,1,1147.0,Shipped
2024-09-13,Huda Mansour,user1@mail.com,Groceries,2093.0,4,8372.0,Cancelled
2024-08-11,Ali Hassan,yomna.dev@email.com,Books,3645.0,1,3645.0,Completed
2024-03-28,Sara Ahmed,sales@hub.com,Clothing,504.0,10,5040.0,Refunded
2024-08-04,Ahmed Ali,user1@mail.com,Home Decor,2198.0,4,8792.0,Shipped
2024-08-08,Layla Mohamed,contact@service.org,Electronics,3956.0,6,23736.0,Refunded
2024-06-21,Zainab Tarek,contact@service.org,Books,4975.0,9,44775.0,Shipped
2024-01-12,Mona Zaki,admin@tech.io,Home Decor,2989.0,7,20923.0,Cancelled
2024-04-18,Yomna Soror,yomna.dev@email.com,Clothing,3668.0,1,3668.0,Pending
2024-11-26,Mona Zaki,yomna.dev@email.com,Electronics,3367.0,6,20202.0,Cancelled
2024-03-25,Mona Zaki,user1@mail.com,Office Supplies,802.0,1,802.0,Completed
2024-06-03,Zainab Tarek,user1@mail.com,Electronics,903.0,8,7224.0,Shipped
2024-08-20,Sara Ahmed,sales@hub.com,Office Supplies,2323.0,6,13938.0,Cancelled
2024-05-23,Ali Hassan,test.a@web.net,Groceries,935.0,10,9350.0,Completed
2024-09-07,Yomna Soror,m.zaki@mail.com,Groceries,820.0,9,7380.0,Pending
2024-09-22,Yomna Soror,user1@mail.com,Electronics,456.0,6,2736.0,Refunded
2024-04-02,Marwan Khaled,sales@hub.com,Home Decor,103.0,5,515.0,Cancelled
2024-05-23,Zainab Tarek,sales@hub.com,Clothing,1102.0,10,11020.0,Shipped
2024-02-11,Yomna Soror,m.zaki@mail.com,Home Decor,1387.0,6,8322.0,Shipped
2024-05-14,Ali Hassan,test.a@web.net,Electronics,1527.0,3,4581.0,Cancelled
2024-09-01,Ali Hassan,user1@mail.com,Groceries,1888.0,2,3776.0,Cancelled
2024-12-17,Zainab Tarek,user1@mail.com,Groceries,4098.0,6,24588.0,Shipped
2024-09-17,Sara Ahmed,yomna.dev@email.com,Books,4720.0,5,23600.0,Pending
2024-09-06,Omar Farouk,yomna.dev@email.com,Electronics,1682.0,4,6728.0,Refunded
2024-01-15,Sara Ahmed,info@market.eg,Electronics,3458.0,8,27664.0,Cancelled
2024-05-13,Layla Mohamed,sales@hub.com,Books,321.0,4,1284.0,Refunded
2024-08-03,Omar Farouk,info@market.eg,Clothing,2420.0,5,12100.0,Pending
2024-08-22,Ali Hassan,info@market.eg,Books,769.0,3,2307.0,Cancelled
2024-11-21,Layla Mohamed,yomna.dev@email.com,Groceries,3488.0,3,10464.0,Refunded
2024-07-04,Omar Farouk,contact@service.org,Clothing,2401.0,10,24010.0,Completed
2024-04-22,Ali Hassan,info@market.eg,Electronics,4671.0,3,14013.0,Refunded
2024-06-03,Mona Zaki,contact@service.org,Office Supplies,1189.0,1,1189.0,Cancelled
2024-03-15,Mona Zaki,yomna.dev@email.com,Office Supplies,4522.0,9,40698.0,Shipped
2024-02-10,Layla Mohamed,info@market.eg,Groceries,2518.0,8,20144.0,Completed
2024-01-20,Layla Mohamed,admin@tech.io,Home Decor,3352.0,3,10056.0,Cancelled
2024-11-09,Ali Hassan,admin@tech.io,Books,961.0,7,6727.0,Pending
2024-08-14,Sara Ahmed,sales@hub.com,Electronics,4248.0,5,21240.0,Pending
2024-07-16,Marwan Khaled,user1@mail.com,Clothing,2361.0,5,11805.0,Completed
2024-11-17,Layla Mohamed,m.zaki@mail.com,Books,2514.0,5,12570.0,Shipped
2024-09-08,Marwan Khaled,test.a@web.net,Clothing,1800.0,10,18000.0,Shipped
2024-10-09,Zainab Tarek,admin@tech.io,Books,3250.0,6,19500.0,Shipped
2024-11-24,Mona Zaki,yomna.dev@email.com,Office Supplies,2395.0,9,21555.0,Cancelled
2024-11-19,Omar Farouk,test.a@web.net,Groceries,3098.0,9,27882.0,Pending
2024-07-17,Ahmed Ali,yomna.dev@email.com,Home Decor,3826.0,8,30608.0,Refunded
2024-01-06,Yomna Soror,contact@service.org,Office Supplies,1513.0,5,7565.0,Cancelled
2024-11-07,Sara Ahmed,admin@tech.io,Home Decor,4623.0,7,32361.0,Pending
2024-09-02,Sara Ahmed,m.zaki@mail.com,Electronics,3777.0,2,7554.0,Shipped
2024-02-23,Omar Farouk,sales@hub.com,Office Supplies,1876.0,2,3752.0,Cancelled
2024-05-28,Ahmed Ali,admin@tech.io,Office Supplies,4682.0,1,4682.0,Completed
2024-04-03,Ali Hassan,info@market.eg,Home Decor,427.0,2,854.0,Completed
2024-05-27,Mona Zaki,user1@mail.com,Groceries,3961.0,5,19805.0,Pending
2024-05-11,Mona Zaki,admin@tech.io,Books,388.0,6,2328.0,Cancelled
2024-03-20,Zainab Tarek,contact@service.org,Office Supplies,622.0,2,1244.0,Refunded
2024-11-21,Ali Hassan,info@market.eg,Books,3229.0,4,12916.0,Pending
2024-03-06,Huda Mansour,user1@mail.com,Home Decor,3205.0,10,32050.0,Cancelled
2024-10-22,Zainab Tarek,test.a@web.net,Office Supplies,3714.0,4,14856.0,Shipped
2024-02-01,Mona Zaki,contact@service.org,Groceries,1325.0,8,10600.0,Completed
2024-04-05,Sara Ahmed,user1@mail.com,Books,2974.0,9,26766.0,Completed
2024-05-03,Marwan Khaled,m.zaki@mail.com,Groceries,2068.0,4,8272.0,Cancelled
2024-03-10,Layla Mohamed,m.zaki@mail.com,Clothing,357.0,6,2142.0,Pending
2024-08-26,Marwan Khaled,test.a@web.net,Office Supplies,220.0,8,1760.0,Completed
2024-01-24,Sara Ahmed,contact@service.org,Groceries,3874.0,9,34866.0,Refunded
2024-01-19,Ali Hassan,test.a@web.net,Groceries,904.0,2,1808.0,Shipped
2024-10-17,Sara Ahmed,test.a@web.net,Clothing,3327.0,4,13308.0,Cancelled
2024-05-27,Sara Ahmed,test.a@web.net,Office Supplies,2258.0,7,15806.0,Shipped
2024-01-01,Omar Farouk,user1@mail.com,Electronics,2632.0,1,2632.0,Pending
2024-09-19,Ali Hassan,test.a@web.net,Clothing,2232.0,6,13392.0,Refunded
2024-03-20,Huda Mansour,yomna.dev@email.com,Groceries,4119.0,6,24714.0,Cancelled
2024-12-09,Sara Ahmed,test.a@web.net,Home Decor,2266.0,3,6798.0,Pending
2024-07-23,Yomna Soror,admin@tech.io,Electronics,875.0,1,875.0,Cancelled
2024-06-24,Omar Farouk,yomna.dev@email.com,Home Decor,521.0,4,2084.0,Shipped
2024-06-02,Sara Ahmed,admin@tech.io,Electronics,815.0,5,4075.0,Completed
2024-03-12,Marwan Khaled,test.a@web.net,Groceries,1948.0,1,1948.0,Shipped
2024-09-03,Mona Zaki,m.zaki@mail.com,Clothing,2737.0,7,19159.0,Shipped
2024-11-22,Sara Ahmed,yomna.dev@email.com,Electronics,2581.0,3,7743.0,Pending
2024-02-02,Mona Zaki,admin@tech.io,Office Supplies,2112.0,9,19008.0,Completed
2024-09-24,Yomna Soror,info@market.eg,Home Decor,4359.0,1,4359.0,Pending
2024-09-17,Ahmed Ali,test.a@web.net,Groceries,1921.0,5,9605.0,Pending
2024-11-09,Huda Mansour,,Electronics,4029.0,2,8058.0,Completed
2024-05-25,Mona Zaki,admin@tech.io,Home Decor,2776.0,9,24984.0,Refunded
2024-05-21,Omar Farouk,,Groceries,340.0,5,1700.0,Pending
2024-06-15,Omar Farouk,user1@mail.com,Books,82.0,3,246.0,Pending
2024-03-05,Marwan Khaled,yomna.dev@email.com,Home Decor,2193.0,2,4386.0,Pending
2024-09-25,Ahmed Ali,info@market.eg,Office Supplies,4890.0,10,48900.0,Shipped
2024-06-12,Layla Mohamed,sales@hub.com,Office Supplies,1777.0,8,14216.0,Completed
2024-04-13,Yomna Soror,user1@mail.com,Clothing,1258.0,9,11322.0,Pending
2024-04-16,Mona Zaki,admin@tech.io,Electronics,3741.0,4,14964.0,Refunded
2024-06-01,Sara Ahmed,,Books,3969.0,1,3969.0,Completed
2024-03-12,Zainab Tarek,sales@hub.com,Groceries,1086.0,2,2172.0,Shipped
2024-09-23,Ahmed Ali,sales@hub.com,Groceries,2113.0,8,16904.0,Pending
2024-06-02,Huda Mansour,contact@service.org,Books,2229.0,10,22290.0,Pending
2024-11-23,Ali Hassan,test.a@web.net,Books,1728.0,8,13824.0,Cancelled
2024-04-25,Ahmed Ali,sales@hub.com,Clothing,2514.0,1,2514.0,Cancelled
2024-03-28,Mona Zaki,test.a@web.net,Office Supplies,1719.0,3,5157.0,Refunded
2024-03-25,Marwan Khaled,admin@tech.io,Electronics,2129.0,8,17032.0,Pending
2024-09-19,Yomna Soror,info@market.eg,Home Decor,2832.0,8,22656.0,Cancelled
2024-04-06,Zainab Tarek,yomna.dev@email.com,Electronics,420.0,8,3360.0,Completed
2024-12-22,Omar Farouk,user1@mail.com,Groceries,2362.0,2,4724.0,Refunded
2024-01-27,Marwan Khaled,info@market.eg,Books,1313.0,4,5252.0,Completed
2024-04-20,Huda Mansour,sales@hub.com,Home Decor,4028.0,1,4028.0,Refunded
2024-08-13,Sara Ahmed,sales@hub.com,Groceries,3305.0,9,29745.0,Refunded
2024-05-14,Yomna Soror,test.a@web.net,Electronics,1748.0,8,13984.0,Cancelled
2024-11-08,Yomna Soror,user1@mail.com,Clothing,414.0,8,3312.0,Cancelled
2024-04-13,Mona Zaki,info@market.eg,Clothing,1913.0,6,11478.0,Cancelled
2024-08-27,Ahmed Ali,user1@mail.com,Clothing,2208.0,7,15456.0,Completed
2024-12-12,Mona Zaki,admin@tech.io,Books,3572.0,7,25004.0,Completed
2024-02-27,Layla Mohamed,yomna.dev@email.com,Groceries,886.0,1,886.0,Completed
2024-10-14,Omar Farouk,yomna.dev@email.com,Groceries,752.0,6,4512.0,Pending
2024-04-23,Omar Farouk,info@market.eg,Books,4702.0,3,14106.0,Cancelled
2024-01-01,Zainab Tarek,test.a@web.net,Clothing,3957.0,7,27699.0,Cancelled
2024-03-22,Omar Farouk,user1@mail.com,Electronics,302.0,4,1208.0,Pending
2024-11-26,Zainab Tarek,yomna.dev@email.com,Groceries,4533.0,2,9066.0,Cancelled
2024-05-01,Omar Farouk,sales@hub.com,Books,2004.0,9,18036.0,Pending
2024-02-10,Zainab Tarek,user1@mail.com,Clothing,769.0,3,2307.0,Refunded
2024-07-28,Yomna Soror,user1@mail.com,Books,4897.0,9,44073.0,Completed
2024-03-25,Zainab Tarek,test.a@web.net,Books,981.0,10,9810.0,Shipped
2024-05-25,Huda Mansour,info@market.eg,Electronics,3786.0,1,3786.0,Refunded
2024-05-23,Huda Mansour,yomna.dev@email.com,Electronics,4610.0,6,27660.0,Refunded
2024-07-15,Yomna Soror,user1@mail.com,Books,1129.0,7,7903.0,Completed
2024-10-25,Mona Zaki,info@market.eg,Office Supplies,3273.0,9,29457.0,Refunded
2024-11-05,Omar Farouk,yomna.dev@email.com,Books,4420.0,8,35360.0,Pending
2024-06-14,Yomna Soror,info@market.eg,Books,2108.0,8,16864.0,Cancelled
2024-01-19,Mona Zaki,contact@service.org,Clothing,3708.0,3,11124.0,Refunded
2024-10-10,Mona Zaki,user1@mail.com,Groceries,526.0,3,1578.0,Refunded
2024-09-26,Zainab Tarek,user1@mail.com,Groceries,2673.0,9,24057.0,Completed
2024-06-20,Ahmed Ali,test.a@web.net,Clothing,3907.0,3,11721.0,Refunded
2024-09-02,Sara Ahmed,user1@mail.com,Home Decor,3370.0,8,26960.0,Cancelled
2024-02-11,Omar Farouk,admin@tech.io,Electronics,2168.0,1,2168.0,Cancelled
2024-04-07,Ali Hassan,test.a@web.net,Books,828.0,9,7452.0,Shipped
2024-04-23,Layla Mohamed,contact@service.org,Electronics,1724.0,9,15516.0,Cancelled
2024-07-08,Omar Farouk,test.a@web.net,Books,3901.0,5,19505.0,Pending
2024-02-07,Yomna Soror,info@market.eg,Groceries,89.0,7,623.0,Cancelled
2024-02-18,Omar Farouk,user1@mail.com,Clothing,687.0,7,4809.0,Refunded
2024-10-20,Huda Mansour,yomna.dev@email.com,Home Decor,4062.0,2,8124.0,Cancelled
2024-12-22,Zainab Tarek,contact@service.org,Electronics,1507.0,5,7535.0,Completed
2024-07-02,Omar Farouk,sales@hub.com,Electronics,3451.0,9,31059.0,Pending
2024-05-18,Zainab Tarek,sales@hub.com,Books,309.0,2,618.0,Refunded
2024-09-19,Ali Hassan,admin@tech.io,Clothing,947.0,9,8523.0,Shipped
2024-08-17,Sara Ahmed,m.zaki@mail.com,Clothing,728.0,2,1456.0,Completed
2024-10-22,Ahmed Ali,test.a@web.net,Clothing,1427.0,7,9989.0,Pending
2024-12-07,Omar Farouk,info@market.eg,Electronics,3841.0,3,11523.0,Pending
2024-12-16,Yomna Soror,info@market.eg,Home Decor,1252.0,8,10016.0,Shipped
2024-07-15,Sara Ahmed,admin@tech.io,Home Decor,1493.0,9,13437.0,Refunded
2024-08-15,Sara Ahmed,contact@service.org,Clothing,1332.0,7,9324.0,Pending
2024-12-10,Mona Zaki,sales@hub.com,Home Decor,2365.0,8,18920.0,Cancelled
2024-05-16,Marwan Khaled,yomna.dev@email.com,Clothing,1229.0,7,8603.0,Cancelled
2024-01-03,Sara Ahmed,admin@tech.io,Books,917.0,3,2751.0,Completed
2024-01-05,Marwan Khaled,admin@tech.io,Groceries,1628.0,4,6512.0,Completed
2024-03-02,Ahmed Ali,sales@hub.com,Groceries,2757.0,4,11028.0,Cancelled
2024-10-02,Zainab Tarek,yomna.dev@email.com,Office Supplies,2043.0,10,20430.0,Pending
2024-11-26,Ahmed Ali,admin@tech.io,Home Decor,4300.0,2,8600.0,Cancelled
2024-12-26,Sara Ahmed,test.a@web.net,Office Supplies,2974.0,6,17844.0,Cancelled
2024-11-15,Omar Farouk,admin@tech.io,Clothing,2928.0,2,5856.0,Pending
2024-05-01,Zainab Tarek,user1@mail.com,Office Supplies,2457.0,10,24570.0,Pending
2024-01-12,Zainab Tarek,yomna.dev@email.com,Clothing,2514.0,2,5028.0,Pending
2024-05-26,Sara Ahmed,test.a@web.net,Electronics,1311.0,10,13110.0,Refunded
2024-02-26,Ali Hassan,sales@hub.com,Books,375.0,9,3375.0,Pending
2024-03-03,Mona Zaki,,Clothing,1107.0,2,2214.0,Cancelled
2024-04-09,Huda Mansour,contact@service.org,Groceries,2208.0,3,6624.0,Refunded
2024-08-15,Omar Farouk,yomna.dev@email.com,Office Supplies,1294.0,2,2588.0,Refunded
2024-06-01,Zainab Tarek,sales@hub.com,Home Decor,4167.0,4,16668.0,Cancelled
2024-05-12,Mona Zaki,info@market.eg,Office Supplies,4145.0,5,20725.0,Shipped
2024-03-06,Huda Mansour,sales@hub.com,Home Decor,1528.0,10,15280.0,Pending
2024-07-16,Zainab Tarek,admin@tech.io,Electronics,3369.0,3,10107.0,Cancelled
2024-08-10,Ahmed Ali,test.a@web.net,Home Decor,3193.0,8,25544.0,Cancelled
2024-07-28,Layla Mohamed,info@market.eg,Home Decor,4928.0,4,19712.0,Completed
2024-03-09,Ahmed Ali,admin@tech.io,Electronics,2403.0,2,4806.0,Refunded
2024-09-28,Marwan Khaled,contact@service.org,Groceries,140.0,10,1400.0,Completed
2024-09-16,Zainab Tarek,admin@tech.io,Home Decor,1303.0,1,1303.0,Pending
2024-12-13,Omar Farouk,yomna.dev@email.com,Books,2798.0,2,5596.0,Shipped
2024-07-25,Omar Farouk,contact@service.org,Groceries,4851.0,10,48510.0,Cancelled
2024-08-14,Mona Zaki,m.zaki@mail.com,Clothing,1221.0,5,6105.0,Shipped
2024-02-15,Mona Zaki,yomna.dev@email.com,Electronics,835.0,1,835.0,Refunded
2024-02-07,Omar Farouk,sales@hub.com,Books,304.0,8,2432.0,Completed
2024-01-01,Ali Hassan,info@market.eg,Electronics,239.0,3,717.0,Pending
2024-06-02,Yomna Soror,contact@service.org,Books,1801.0,7,12607.0,Pending
2024-01-02,Sara Ahmed,user1@mail.com,Books,3050.0,6,18300.0,Shipped
2024-05-17,Ahmed Ali,test.a@web.net,Books,4988.0,3,14964.0,Completed
2024-06-02,Ali Hassan,test.a@web.net,Electronics,3612.0,4,14448.0,Pending
2024-08-16,Yomna Soror,test.a@web.net,Office Supplies,1332.0,1,1332.0,Pending
2024-12-12,Omar Farouk,user1@mail.com,Office Supplies,771.0,2,1542.0,Pending
2024-07-08,Marwan Khaled,yomna.dev@email.com,Groceries,2341.0,6,14046.0,Refunded
2024-05-06,Layla Mohamed,yomna.dev@email.com,Clothing,4897.0,6,29382.0,Refunded
2024-02-24,Ali Hassan,yomna.dev@email.com,Books,1195.0,4,4780.0,Pending
2024-04-26,Ahmed Ali,m.zaki@mail.com,Home Decor,2514.0,1,2514.0,Shipped
2024-01-28,Zainab Tarek,test.a@web.net,Books,1470.0,1,1470.0,Shipped
2024-04-07,Layla Mohamed,yomna.dev@email.com,Groceries,2293.0,7,16051.0,Pending
2024-02-21,Mona Zaki,m.zaki@mail.com,Groceries,4983.0,9,44847.0,Completed
2024-05-18,Marwan Khaled,admin@tech.io,Electronics,3482.0,10,34820.0,Completed
2024-08-07,Mona Zaki,sales@hub.com,Home Decor,1603.0,2,3206.0,Shipped
2024-07-03,Ahmed Ali,test.a@web.net,Clothing,2387.0,1,2387.0,Cancelled
2024-08-10,Ali Hassan,info@market.eg,Groceries,593.0,8,4744.0,Pending
2024-08-22,Zainab Tarek,admin@tech.io,Books,825.0,6,4950.0,Cancelled
2024-12-03,Sara Ahmed,m.zaki@mail.com,Office Supplies,4910.0,3,14730.0,Completed
2024-08-08,Sara Ahmed,admin@tech.io,Clothing,1604.0,10,16040.0,Pending
2024-02-22,Zainab Tarek,admin@tech.io,Books,358.0,5,1790.0,Refunded
2024-05-16,Yomna Soror,m.zaki@mail.com,Office Supplies,1532.0,3,4596.0,Pending
2024-12-05,Sara Ahmed,yomna.dev@email.com,Home Decor,877.0,6,5262.0,Cancelled
2024-10-01,Ahmed Ali,admin@tech.io,Office Supplies,4153.0,10,41530.0,Pending
2024-06-15,Zainab Tarek,user1@mail.com,Books,1064.0,6,6384.0,Pending
2024-07-07,Marwan Khaled,info@market.eg,Home Decor,2439.0,2,4878.0,Cancelled
2024-07-26,Marwan Khaled,admin@tech.io,Books,4861.0,3,14583.0,Cancelled
2024-03-16,Huda Mansour,user1@mail.com,Groceries,3492.0,8,27936.0,Pending
2024-06-14,Huda Mansour,user1@mail.com,Clothing,3121.0,7,21847.0,Cancelled
2024-03-21,Zainab Tarek,user1@mail.com,Books,2975.0,10,29750.0,Shipped
2024-05-15,Layla Mohamed,m.zaki@mail.com,Electronics,1096.0,1,1096.0,Refunded
2024-07-02,Mona Zaki,sales@hub.com,Electronics,177.0,8,1416.0,Completed
2024-10-13,Omar Farouk,admin@tech.io,Books,1838.0,8,14704.0,Shipped
2024-01-20,Marwan Khaled,test.a@web.net,Electronics,1874.0,2,3748.0,Shipped
2024-04-14,Layla Mohamed,yomna.dev@email.com,Clothing,4431.0,1,4431.0,Cancelled
2024-07-15,Mona Zaki,contact@service.org,Office Supplies,3916.0,1,3916.0,Refunded
2024-07-27,Huda Mansour,contact@service.org,Clothing,4001.0,4,16004.0,Refunded
2024-09-09,Ali Hassan,user1@mail.com,Home Decor,392.0,1,392.0,Pending
2024-02-08,Yomna Soror,yomna.dev@email.com,Books,2959.0,10,29590.0,Cancelled
2024-05-16,Ahmed Ali,admin@tech.io,Clothing,4033.0,3,12099.0,Cancelled
2024-05-01,Marwan Khaled,info@market.eg,Clothing,4674.0,1,4674.0,Cancelled
2024-08-28,Zainab Tarek,m.zaki@mail.com,Clothing,4822.0,2,9644.0,Refunded
2024-04-27,Layla Mohamed,info@market.eg,Electronics,2049.0,2,4098.0,Refunded
2024-01-20,Layla Mohamed,sales@hub.com,Office Supplies,3188.0,3,9564.0,Cancelled
2024-06-14,Omar Farouk,test.a@web.net,Clothing,3064.0,6,18384.0,Cancelled
2024-06-20,Ali Hassan,yomna.dev@email.com,Clothing,3674.0,10,36740.0,Completed
2024-01-19,Ahmed Ali,admin@tech.io,Groceries,4602.0,10,46020.0,Cancelled
2024-08-15,Huda Mansour,contact@service.org,Home Decor,4610.0,9,41490.0,Cancelled
2024-05-18,Omar Farouk,yomna.dev@email.com,Electronics,644.0,2,1288.0,Pending
2024-01-07,Zainab Tarek,sales@hub.com,Groceries,4824.0,4,19296.0,Shipped
2024-07-28,Mona Zaki,contact@service.org,Books,4878.0,10,48780.0,Refunded
2024-01-02,Ali Hassan,contact@service.org,Books,1435.0,9,12915.0,Shipped
2024-12-07,Ali Hassan,sales@hub.com,Electronics,4346.0,5,21730.0,Refunded
2024-11-10,Ahmed Ali,m.zaki@mail.com,Home Decor,1307.0,5,6535.0,Pending
2024-03-09,Mona Zaki,user1@mail.com,Books,1389.0,7,9723.0,Cancelled
2024-11-21,Layla Mohamed,test.a@web.net,Electronics,3311.0,9,29799.0,Completed
2024-02-24,Ahmed Ali,sales@hub.com,Home Decor,3159.0,1,3159.0,Pending
2024-09-12,Layla Mohamed,info@market.eg,Electronics,4632.0,4,18528.0,Cancelled
2024-12-28,Sara Ahmed,contact@service.org,Electronics,3516.0,8,28128.0,Shipped
2024-10-18,Huda Mansour,m.zaki@mail.com,Office Supplies,3408.0,5,17040.0,Cancelled
2024-12-27,Omar Farouk,admin@tech.io,Home Decor,3589.0,3,10767.0,Refunded
2024-03-17,Ahmed Ali,m.zaki@mail.com,Electronics,3443.0,2,6886.0,Refunded
2024-04-26,Marwan Khaled,sales@hub.com,Electronics,2835.0,1,2835.0,Cancelled
2024-11-03,Layla Mohamed,admin@tech.io,Electronics,1079.0,1,1079.0,Pending
